feature_p1,feature_p2,feature_p3,feature_s1,feature_s2,feature_s3,vibration,vertical_acceleration_mps2,acoustic_db,timestamp,lift_identifier,failure_type
1529,38.7,91.0,301.1,310.5,5260.310784,4.187818337011865,0.04372151289317474,61.04187318050637,2025-09-22 01:53:28.782208,WP PMA 80467,No failure
1389,46.9,106.0,302.2,311.3,5286.162436,4.129782507370406,0.07834937135608212,55.02800163701602,2025-09-22 01:55:00.782208,WP PMA 80466,No failure
1686,28.9,59.0,301.7,310.2,5281.800976,41.80940364666146,1.806523433807369,93.02853967611605,2025-09-22 01:57:22.782208,WP PMA 80466,door open delay
1397,45.0,104.0,297.9,307.8,5360.875524,1.0909651588286813,0.10383194485555816,60.17457419087942,2025-09-22 02:23:42.782208,WP PMA 80271,No failure
1375,46.4,48.0,298.7,308.5,5373.476416,26.69484987609539,0.88461271440945,80.9906377364198,2025-09-22 02:26:38.782208,WP PMA 80467,door close delay
1531,36.8,62.0,299.6,310.1,5248.567809,0.6939082948200535,0.07718801965093662,58.564318518240256,2025-09-22 02:34:21.782208,WP PMA 80271,No failure
1605,37.0,84.0,296.9,307.8,5333.234841,23.86851950907212,0.9415366239424456,83.55504684964758,2025-09-22 02:40:31.782208,WP PMA 80271,door close delay
1433,49.6,129.0,299.7,309.6,5502.227329,0.9687402235810748,0.09418232048796142,57.132092029906104,2025-09-22 02:40:34.782208,WP PMA 80467,No failure
1513,40.0,51.0,300.4,311.7,5244.077056,25.14323664801961,0.5049198162018053,96.51196761417759,2025-09-22 02:43:19.782208,WP PMA 80271,door close delay
1492,41.5,141.0,297.1,308.3,5347.265625,0.4438895207307928,0.07895910881009975,60.64652978859524,2025-09-22 02:44:15.782208,WP PMA 80467,No failure
1375,46.4,48.0,298.7,308.5,5373.476416,26.69484987609539,0.88461271440945,80.9906377364198,2025-09-22 02:54:14.782208,WP PMA 80466,door close delay
1680,33.7,185.0,298.1,308.3,5464.462084,40.53621110002542,1.861302562403293,99.0882319471089,2025-09-22 02:55:52.782208,WP PMA 80467,signal delay
1708,29.8,42.0,302.8,310.9,5467.567249,2.387357762588941,0.047618497766785804,57.39672821608962,2025-09-22 03:03:15.782208,WP PMA 80271,No failure
1622,37.2,103.0,297.5,308.3,5457.958884,47.56231038168288,0.695912273194448,80.02490348311116,2025-09-22 03:15:43.782208,WP PMA 80271,Random failure
1424,49.6,129.0,298.8,309.7,5485.772356,4.8492010899411975,0.18586273531631087,56.49899010676953,2025-09-22 03:34:52.782208,WP PMA 80466,No failure
1609,35.2,4.0,302.0,310.8,5447.768481,3.0610942786328104,0.18711801583387527,64.2399965423006,2025-09-22 03:42:35.782208,WP PMA 80271,No failure
1305,54.6,168.0,297.0,308.4,5331.190225,4.045518977606758,0.11875983228328162,61.063505098255426,2025-09-22 03:44:20.782208,WP PMA 80467,No failure
1542,47.1,25.0,300.0,309.7,5259.585529,3.482362664461026,0.10453947704046032,55.39063121657619,2025-09-22 03:51:36.782208,WP PMA 80466,No failure
1416,58.7,156.0,303.8,312.8,5272.2121,33.788869839697,1.2694095011541886,98.03901176263835,2025-09-22 03:59:12.782208,WP PMA 80467,door open delay
1680,33.7,185.0,298.1,308.3,5464.462084,40.53621110002542,1.861302562403293,99.0882319471089,2025-09-22 04:03:07.782208,WP PMA 80467,signal delay
1621,33.7,137.0,301.6,310.6,5424.911716,4.234265629808255,0.053747925329140335,62.67993991727547,2025-09-22 04:07:24.782208,WP PMA 80271,No failure
1522,35.2,48.0,300.7,311.3,5506.382025,0.9225183202796347,0.1351857826474433,59.447141165096085,2025-09-22 04:17:49.782208,WP PMA 80466,No failure
1568,36.9,28.0,302.7,310.5,5464.1664,1.5564288691565848,0.12023617960172432,58.22132629774482,2025-09-22 04:23:09.782208,WP PMA 80467,No failure
1579,33.4,50.0,296.7,307.9,5438.177536,29.652550279830812,1.5245415270414138,90.68371500473029,2025-09-22 04:36:05.782208,WP PMA 80467,signal delay
1397,54.1,47.0,298.6,309.6,5299.694401,2.6084052152686135,0.08665205919211073,60.754520116336785,2025-09-22 04:41:47.782208,WP PMA 80466,No failure
1732,28.8,152.0,297.7,309.2,5328.416016,3.465514032264651,0.05492041305428491,58.90353115356438,2025-09-22 04:49:56.782208,WP PMA 80466,No failure
1664,29.7,89.0,299.0,310.1,5297.510656,1.7275419228905544,0.10421079382260885,62.47293903984162,2025-09-22 05:04:45.782208,WP PMA 80467,No failure
1486,38.9,106.0,300.7,310.9,5518.558369,27.887507757506174,1.9882297442715522,90.94967991009187,2025-09-22 05:22:42.782208,WP PMA 80271,door close delay
1649,31.0,152.0,302.0,309.8,5281.364929,3.4385180759713383,0.12071949910355106,56.67078036902895,2025-09-22 05:25:40.782208,WP PMA 80466,No failure
1441,43.2,132.0,298.7,308.4,5469.489936,35.1055782720759,0.9394025035890767,81.07925966492373,2025-09-22 05:35:58.782208,WP PMA 80271,door close delay
1495,40.8,148.0,301.3,311.0,5260.891024,0.27878164041172204,0.060924006216987875,58.59511583383296,2025-09-22 05:36:44.782208,WP PMA 80467,No failure
1566,35.1,206.0,296.5,307.5,5334.8416,3.528771774447278,0.11453067744894582,59.35103064782784,2025-09-22 05:39:07.782208,WP PMA 80271,No failure
1681,30.8,171.0,299.4,308.7,5381.249449,1.9267252665321872,0.09687977353812137,56.96597212414775,2025-09-22 05:40:28.782208,WP PMA 80271,No failure
1436,54.1,90.0,301.4,310.7,5512.320025,48.21507638039077,1.0595772874397975,95.62059277481504,2025-09-22 05:50:06.782208,WP PMA 80466,signal delay
1392,46.4,174.0,297.4,308.7,5479.404529,49.82094774461507,1.7275260349496973,82.29807714007318,2025-09-22 05:52:05.782208,WP PMA 80466,signal delay
1466,47.0,80.0,303.5,311.6,5471.412961,0.8385425008573159,0.08350860064075409,61.47804593822978,2025-09-22 05:55:08.782208,WP PMA 80271,No failure
1713,25.3,124.0,298.0,308.5,5461.505604,4.36583332781832,0.07578350295231517,63.61869891326399,2025-09-22 05:57:11.782208,WP PMA 80271,No failure
1478,38.6,141.0,301.8,310.5,5304.791556,37.28807496496765,1.3246250892014255,81.75641095592287,2025-09-22 06:08:24.782208,WP PMA 80466,door close delay
1471,39.3,91.0,300.9,311.1,5518.558369,2.0437561505978157,0.1080688127636893,59.03486925189598,2025-09-22 06:20:14.782208,WP PMA 80271,No failure
1489,44.1,96.0,297.0,308.1,5417.990449,0.559050685435996,0.10377517459119733,61.99142830788492,2025-09-22 06:34:13.782208,WP PMA 80466,No failure
1305,49.1,16.0,302.4,312.0,5504.601249,4.326823286153145,0.11886770894919212,55.407987563235984,2025-09-22 06:37:21.782208,WP PMA 80466,No failure
1412,45.3,155.0,300.7,309.9,5258.135169,4.709325570229013,0.14156706667686494,63.68927153022575,2025-09-22 06:50:03.782208,WP PMA 80466,No failure
1727,30.1,102.0,300.9,310.9,5262.196681,4.021065385542096,0.15917103736375157,56.96685603731497,2025-09-22 06:53:57.782208,WP PMA 80466,No failure
1341,58.9,126.0,299.0,310.0,5466.679969,3.868114970564022,0.14883782982236687,57.29123042639309,2025-09-22 07:03:25.782208,WP PMA 80466,No failure
1534,33.2,75.0,298.3,308.2,5462.096836,38.38206123061534,1.8642989668196104,93.6352359612934,2025-09-22 07:08:42.782208,WP PMA 80271,door close delay
1461,39.4,141.0,298.8,309.8,5465.201329,2.4046611552592942,0.19282987088495276,62.02689857247364,2025-09-22 07:16:56.782208,WP PMA 80467,No failure
1922,23.3,205.0,299.6,310.7,5467.419364,3.513723098781987,0.0223518216123849,61.83834100013778,2025-09-22 07:17:43.782208,WP PMA 80271,No failure
1341,52.2,49.0,297.4,308.4,5321.410704,4.737853507009689,0.07141574411819127,62.1374363888059,2025-09-22 07:20:27.782208,WP PMA 80467,No failure
1521,37.2,131.0,299.6,311.1,5467.715136,46.673454718591316,1.420389399153339,95.87920103880379,2025-09-22 07:20:44.782208,WP PMA 80467,door close delay
1527,35.1,165.0,297.3,308.0,5474.668081,1.0120077352552128,0.10970205876433257,58.7634127625355,2025-09-22 07:23:35.782208,WP PMA 80466,No failure
1585,31.4,149.0,299.4,310.8,5292.417001,2.613335539800775,0.18212141275520133,63.31461859767334,2025-09-22 07:32:06.782208,WP PMA 80467,No failure
1472,44.9,198.0,297.5,308.6,5456.038225,0.366076140605077,0.14197719265003253,62.62866629090892,2025-09-22 07:42:21.782208,WP PMA 80271,No failure
1738,24.0,195.0,297.5,308.9,5329.0,40.63022144617679,0.952472150300518,95.93287998331198,2025-09-22 08:01:59.782208,WP PMA 80467,door close delay
1684,29.3,167.0,303.8,312.6,5478.9604,45.95904206895359,1.5958608150105298,83.515013763323,2025-09-22 08:02:44.782208,WP PMA 80467,door close delay
1611,30.2,211.0,297.5,309.1,5323.453444,2.6444713468503993,0.10684311190915294,63.07773588592228,2025-09-22 08:15:55.782208,WP PMA 80467,No failure
1577,29.4,130.0,297.0,308.2,5347.119376,3.62353524137298,0.019516439783499887,58.10459717199888,2025-09-22 08:16:53.782208,WP PMA 80271,No failure
1375,46.4,48.0,298.7,308.5,5373.476416,26.69484987609539,0.88461271440945,80.9906377364198,2025-09-22 08:22:49.782208,WP PMA 80467,door close delay
1488,41.9,196.0,297.8,308.5,5460.175449,45.36625728238058,0.586463643662795,88.59180885604579,2025-09-22 08:40:24.782208,WP PMA 80466,Random failure
1286,51.1,177.0,296.3,307.2,5428.005625,23.4303106810246,1.4262639106760326,88.00815197335469,2025-09-22 08:52:37.782208,WP PMA 80466,door open delay
1513,40.0,51.0,300.4,311.7,5244.077056,25.14323664801961,0.5049198162018053,96.51196761417759,2025-09-22 09:01:24.782208,WP PMA 80466,door close delay
1571,37.7,162.0,297.4,308.3,5319.951844,0.7460416878361187,0.08068767805244693,56.52325141904249,2025-09-22 09:17:22.782208,WP PMA 80466,No failure
1779,25.5,129.0,299.7,309.3,5399.604324,3.995396226247596,0.08414691864766508,56.36267568141682,2025-09-22 09:26:55.782208,WP PMA 80467,No failure
1670,31.3,150.0,301.0,311.7,5506.975681,4.67518749925281,0.10532948561374286,60.823695454818996,2025-09-22 09:28:36.782208,WP PMA 80466,No failure
1362,53.8,164.0,298.3,308.5,5465.053476,3.7177429770033976,0.07175363549665675,62.376539465808186,2025-09-22 09:34:37.782208,WP PMA 80466,No failure
1583,35.7,116.0,298.8,310.2,5352.3856,37.92661578444592,0.6317103864251624,92.65824473217468,2025-09-22 09:36:16.782208,WP PMA 80466,door open delay
1417,39.2,65.0,298.1,308.9,5402.544004,42.18444491739179,0.8419734264000982,90.26619371204663,2025-09-22 09:40:52.782208,WP PMA 80467,door close delay
1502,40.2,30.0,297.9,309.0,5473.0404,0.9301127860211752,0.08267735406382123,62.58102693557539,2025-09-22 09:50:23.782208,WP PMA 80271,No failure
1472,42.5,91.0,301.6,309.8,5281.655625,1.2613860728095985,0.14137194075568135,56.70269197839543,2025-09-22 10:02:53.782208,WP PMA 80271,No failure
1489,40.6,89.0,298.2,309.0,5259.875625,26.47058142682505,1.4778885915777045,89.33932847526452,2025-09-22 10:10:55.782208,WP PMA 80467,door open delay
1904,20.3,140.0,298.3,309.1,5281.946329,4.559202964996042,0.01430194775059214,60.15800368024347,2025-09-22 10:13:39.782208,WP PMA 80271,No failure
1458,51.0,42.0,302.8,312.2,5268.872569,3.82938208748918,0.16584610893415588,62.81709759785243,2025-09-22 10:46:40.782208,WP PMA 80467,No failure
1789,25.5,114.0,300.9,311.2,5252.770576,29.099466842190104,1.738325870197019,93.84443719569134,2025-09-22 10:59:44.782208,WP PMA 80271,signal delay
1507,41.8,19.0,301.0,309.9,5257.845121,0.6357993483062401,0.0392115978558233,61.14128787283005,2025-09-22 11:13:08.782208,WP PMA 80467,No failure
1404,41.8,71.0,301.0,310.9,5517.369841,4.765824021592347,0.08258874792253365,57.41436108015698,2025-09-22 11:14:23.782208,WP PMA 80271,No failure
1586,37.8,103.0,300.0,309.7,5395.930849,4.3341845760117685,0.05382383170233851,62.191033866246805,2025-09-22 11:16:59.782208,WP PMA 80467,No failure
1387,52.7,2.0,298.9,310.6,5250.886369,4.588663676331499,0.15317072692398734,59.99239368217541,2025-09-22 11:24:38.782208,WP PMA 80466,No failure
1581,47.4,51.0,298.1,308.7,5470.525369,49.33111180790905,0.5420956171257758,97.1445135404005,2025-09-22 11:38:32.782208,WP PMA 80467,door close delay
1370,55.9,143.0,300.5,309.8,5332.942729,30.02756191796996,1.83812244626275,94.53130435072775,2025-09-22 11:41:37.782208,WP PMA 80466,door close delay
1662,26.9,183.0,297.1,307.9,5277.150736,23.362238882353317,1.8939072927671246,84.03490101665102,2025-09-22 12:07:40.782208,WP PMA 80466,signal delay
1660,34.4,9.0,298.9,308.3,5388.147216,3.5842560492087796,0.08872326614963529,56.48233178709549,2025-09-22 12:19:58.782208,WP PMA 80466,No failure
1375,46.4,48.0,298.7,308.5,5373.476416,26.69484987609539,0.88461271440945,80.9906377364198,2025-09-22 12:26:37.782208,WP PMA 80466,door close delay
1375,46.4,48.0,298.7,308.5,5373.476416,26.69484987609539,0.88461271440945,80.9906377364198,2025-09-22 12:32:43.782208,WP PMA 80466,door close delay
1397,46.9,82.0,302.6,311.9,5268.582225,46.33389815864494,0.5851979464331976,90.61406537998971,2025-09-22 12:38:46.782208,WP PMA 80466,Random failure
1370,55.9,143.0,300.5,309.8,5332.942729,30.02756191796996,1.83812244626275,94.53130435072775,2025-09-22 12:53:38.782208,WP PMA 80467,door close delay
1355,51.4,76.0,297.0,308.1,5418.284881,21.531168293332144,1.2389006808121412,85.78997715095218,2025-09-22 13:11:20.782208,WP PMA 80467,Random failure
1383,48.7,147.0,295.6,306.1,5432.574436,42.06220479764772,0.8198605991308731,86.20096073009861,2025-09-22 13:15:24.782208,WP PMA 80271,door close delay
1394,46.5,206.0,301.5,310.6,5422.8496,3.33667139985266,0.15645774152487107,63.76426665583099,2025-09-22 13:20:30.782208,WP PMA 80467,No failure
1789,25.5,114.0,300.9,311.2,5252.770576,29.099466842190104,1.738325870197019,93.84443719569134,2025-09-22 13:22:03.782208,WP PMA 80271,signal delay
1513,38.0,38.0,300.9,311.9,5491.254609,45.398608991025895,1.6628507955465734,97.30340726359175,2025-09-22 13:37:34.782208,WP PMA 80467,door open delay
1353,49.8,182.0,299.9,309.2,5413.133476,29.662009234732807,1.229492610046293,92.09581103221204,2025-09-22 13:41:18.782208,WP PMA 80466,drive delay
1806,27.7,44.0,303.3,311.8,5477.332081,3.0709761660428434,0.09726398384852637,57.60316914095385,2025-09-22 13:46:07.782208,WP PMA 80466,No failure
1635,39.8,99.0,302.0,310.5,5284.417636,2.4844319246826907,0.1557559528884135,56.39351016028305,2025-09-22 13:49:31.782208,WP PMA 80271,No failure
1605,30.0,183.0,297.2,308.4,5263.937809,0.3397636153138979,0.14647656544497534,56.406894115966246,2025-09-22 13:58:36.782208,WP PMA 80466,No failure
1423,40.2,63.0,300.9,312.1,5491.254609,26.487242862943063,0.6574029788516131,82.48730646898161,2025-09-22 14:00:23.782208,WP PMA 80271,door open delay
1749,26.4,40.0,300.9,310.9,5261.471296,4.7610926537123905,0.1685870047730368,63.98714172964561,2025-09-22 14:26:11.782208,WP PMA 80467,No failure
1583,35.7,116.0,298.8,310.2,5352.3856,37.92661578444592,0.6317103864251624,92.65824473217468,2025-09-22 14:31:47.782208,WP PMA 80467,door open delay
1499,45.0,16.0,303.4,311.8,5476.740025,3.708840369498188,0.054269033544436816,57.51792817803542,2025-09-22 14:37:36.782208,WP PMA 80271,No failure
1679,30.9,79.0,302.9,312.5,5269.598464,0.22334077303173583,0.17675660735619678,57.9265033579618,2025-09-22 14:57:09.782208,WP PMA 80466,No failure
1368,57.9,191.0,300.5,311.8,5494.219129,0.38996137402427256,0.08268586085414587,57.98500686310354,2025-09-22 14:58:53.782208,WP PMA 80271,No failure
1535,39.0,204.0,301.5,310.5,5311.640161,4.357526624818834,0.18468390223852407,64.12895017102524,2025-09-22 15:00:18.782208,WP PMA 80467,No failure
1513,40.0,51.0,300.4,311.7,5244.077056,25.14323664801961,0.5049198162018053,96.51196761417759,2025-09-22 15:02:52.782208,WP PMA 80467,door close delay
1555,37.0,111.0,298.0,308.0,5397.253156,2.1921624491856533,0.022544243922094524,59.44308516666988,2025-09-22 15:03:48.782208,WP PMA 80467,No failure
1522,38.0,33.0,297.4,308.6,5418.873769,43.959348730009694,1.0402470399825932,82.86441012075419,2025-09-22 15:06:03.782208,WP PMA 80466,door close delay
1551,36.6,205.0,300.5,311.2,5496.7396,2.720668689420552,0.1965099402702265,59.44773154095845,2025-09-22 15:07:15.782208,WP PMA 80466,No failure
1661,34.2,109.0,296.7,307.4,5476.148001,39.530100823585144,1.8141870939694895,80.63461521403563,2025-09-22 15:16:02.782208,WP PMA 80271,door open delay
1415,49.6,21.0,300.2,310.2,5250.596521,3.9790275733354057,0.1801989983981525,57.11697405849111,2025-09-22 15:46:06.782208,WP PMA 80466,No failure
1650,31.9,126.0,301.8,310.6,5430.953025,1.528211720658521,0.07355327498388464,58.64239578618759,2025-09-22 15:54:27.782208,WP PMA 80467,No failure
1464,49.1,171.0,303.9,313.4,5271.195609,49.98468948636307,0.7407190196670943,80.1908078185052,2025-09-22 15:56:16.782208,WP PMA 80466,door open delay
1495,38.7,188.0,298.1,308.3,5314.701604,2.394258677523308,0.08790209250282219,60.65422305529088,2025-09-22 16:15:19.782208,WP PMA 80467,No failure
1502,43.2,139.0,297.6,308.3,5260.455841,45.25046550085902,0.681504933084405,84.61137984892757,2025-09-22 16:24:18.782208,WP PMA 80271,door close delay
1377,55.3,4.0,300.3,309.9,5514.102049,0.4780456970531003,0.049138757557544564,64.10888404324822,2025-09-22 16:29:02.782208,WP PMA 80271,No failure
1519,40.7,208.0,301.5,310.6,5315.430649,2.2471475363896114,0.19846188192426653,62.336762563134485,2025-09-22 16:33:19.782208,WP PMA 80271,No failure
1390,43.3,221.0,297.6,309.2,5451.607225,28.963313423812117,1.223664621780105,96.11862697857715,2025-09-22 16:47:37.782208,WP PMA 80466,door close delay
1324,59.1,118.0,297.4,308.6,5441.422756,2.567643467060868,0.12811195219184643,60.746802970996995,2025-09-22 16:56:01.782208,WP PMA 80466,No failure
1453,40.4,108.0,298.7,309.5,5485.920489,1.5583139521161775,0.18490001878802498,61.477528043452395,2025-09-22 16:59:02.782208,WP PMA 80466,No failure
1526,38.2,47.0,302.3,311.5,5445.111681,20.770653830747378,1.30602776858319,86.60692999486108,2025-09-22 17:05:35.782208,WP PMA 80466,signal delay
1423,49.1,74.0,300.6,309.6,5322.140209,4.995536232916241,0.04881146863599478,63.40393670364315,2025-09-22 17:11:59.782208,WP PMA 80271,No failure
1620,35.8,5.0,298.0,308.2,5463.722889,2.895963407081542,0.1321511934313978,64.37977511607801,2025-09-22 17:25:46.782208,WP PMA 80271,No failure
1375,42.7,58.0,298.9,309.3,5474.816064,36.69009158864943,0.8981628206628844,98.64108579120862,2025-09-22 17:30:26.782208,WP PMA 80466,door close delay
1387,57.6,50.0,298.6,309.6,5464.462084,31.02007056378983,1.924982620112702,85.77319677094144,2025-09-22 17:30:43.782208,WP PMA 80466,signal delay
1434,42.5,175.0,304.2,313.4,5487.994561,29.469631294351835,1.4768985738303422,80.94332617051371,2025-09-22 17:33:20.782208,WP PMA 80467,door open delay
1441,43.2,132.0,298.7,308.4,5469.489936,35.1055782720759,0.9394025035890767,81.07925966492373,2025-09-22 17:55:05.782208,WP PMA 80467,door close delay
1345,44.3,37.0,298.2,308.8,5285.871616,0.8253640225149175,0.020216557232291727,63.979797863877465,2025-09-22 18:02:40.782208,WP PMA 80271,No failure
1572,34.4,228.0,302.7,312.2,5497.777609,3.518118160186385,0.025392210723117155,58.77255461755735,2025-09-22 18:03:15.782208,WP PMA 80271,No failure
1509,40.6,175.0,299.4,310.4,5295.327361,2.572434852202431,0.02415445548971014,56.92327016955787,2025-09-22 18:10:21.782208,WP PMA 80466,No failure
1635,34.2,62.0,300.5,309.5,5405.484484,3.3064821801847826,0.08124769645658189,61.914318213930784,2025-09-22 18:29:17.782208,WP PMA 80466,No failure
1541,33.7,165.0,297.6,309.7,5325.642529,42.66027321379279,0.5957421488515693,81.39217013180169,2025-09-22 18:31:21.782208,WP PMA 80271,door close delay
1534,33.7,47.0,298.1,310.0,5446.44,36.52876351172468,0.8635648460473964,87.49703042419631,2025-09-22 18:38:20.782208,WP PMA 80467,door close delay
1486,38.9,106.0,300.7,310.9,5518.558369,27.887507757506174,1.9882297442715522,90.94967991009187,2025-09-22 18:48:41.782208,WP PMA 80467,door close delay
1785,23.4,181.0,298.2,307.9,5380.662609,0.996948373277509,0.11281597544941845,62.31306967053298,2025-09-22 18:52:14.782208,WP PMA 80271,No failure
1484,39.2,8.0,298.8,308.4,5461.357801,38.09016038139223,0.9003470073560125,93.988876876617,2025-09-22 18:52:53.782208,WP PMA 80467,signal delay
1433,53.6,185.0,303.7,312.5,5491.106404,0.5433462963633309,0.15924804859767655,55.33860676493712,2025-09-22 19:08:53.782208,WP PMA 80467,No failure
1781,27.8,113.0,298.5,308.9,5401.515025,0.8091637029355808,0.05586279834802395,55.59639789825484,2025-09-22 19:10:26.782208,WP PMA 80466,No failure
1609,36.2,116.0,297.4,308.6,5330.4601,1.1045322572289358,0.12922711744031118,61.51130399740386,2025-09-22 19:46:11.782208,WP PMA 80467,No failure
1514,37.9,9.0,298.0,308.2,5463.575056,46.10254144113112,0.6079530709041836,88.48324434748507,2025-09-22 19:52:19.782208,WP PMA 80271,signal delay
1801,26.9,11.0,297.4,308.3,5476.740025,2.6722164205793444,0.1675650783897522,60.446958138675555,2025-09-22 19:52:21.782208,WP PMA 80271,No failure
1609,28.7,39.0,300.9,310.7,5518.855521,2.155569827111627,0.0358025632619512,55.1169063520657,2025-09-22 19:53:53.782208,WP PMA 80466,No failure
1396,52.4,0.0,295.6,306.0,5337.617481,0.9175946057924641,0.02487514282092291,62.115042906848636,2025-09-22 19:58:29.782208,WP PMA 80467,No failure
1625,31.8,89.0,299.0,310.2,5466.827844,4.601520084468624,0.12702141056436317,62.366313946479146,2025-09-22 20:02:03.782208,WP PMA 80466,No failure
1438,44.0,59.0,300.3,309.5,5342.586649,4.200626095939489,0.01023877718294932,59.49965600015111,2025-09-22 20:12:54.782208,WP PMA 80271,No failure
1364,55.6,163.0,297.2,308.5,5347.558129,36.461385699506096,1.9983719108979061,90.26570522546112,2025-09-22 20:17:24.782208,WP PMA 80467,door open delay
1618,30.3,125.0,299.7,311.1,5488.290889,40.60410458568789,0.9727397823334152,91.90296894800397,2025-09-22 20:25:29.782208,WP PMA 80467,door close delay
1390,43.3,221.0,297.6,309.2,5451.607225,28.963313423812117,1.223664621780105,96.11862697857715,2025-09-22 20:30:28.782208,WP PMA 80466,door close delay
1790,26.2,191.0,300.9,310.8,5262.631936,2.3126714089452722,0.04329700800391412,62.73246984845549,2025-09-22 20:40:31.782208,WP PMA 80466,No failure
1621,32.0,184.0,300.5,310.6,5252.480676,1.4582751373059675,0.010134602104254013,63.33822230055412,2025-09-22 20:48:35.782208,WP PMA 80271,No failure
1457,44.5,83.0,302.3,311.3,5298.092944,1.3385039562251517,0.10201751517698217,60.40069184929471,2025-09-22 20:54:50.782208,WP PMA 80467,No failure
1416,58.7,156.0,303.8,312.8,5272.2121,33.788869839697,1.2694095011541886,98.03901176263835,2025-09-22 21:04:50.782208,WP PMA 80467,door open delay
1474,39.9,53.0,301.5,310.4,5256.830016,3.6165390630841943,0.06782453721429936,58.271196378085165,2025-09-22 21:05:44.782208,WP PMA 80271,No failure
2833,5.6,213.0,296.4,307.4,5435.228176,4.368124561181473,0.18046431959490042,63.50287942194798,2025-09-22 21:07:04.782208,WP PMA 80271,No failure
1448,48.9,65.0,295.5,306.2,5430.2161,0.5159269612963419,0.12742141073312044,55.2223788673645,2025-09-22 21:26:46.782208,WP PMA 80467,No failure
1431,42.3,129.0,301.6,311.0,5255.525025,0.4605088969055787,0.1366544824838598,55.87078138847501,2025-09-22 21:44:52.782208,WP PMA 80467,No failure
1489,40.6,89.0,298.2,309.0,5259.875625,26.47058142682505,1.4778885915777045,89.33932847526452,2025-09-22 22:02:18.782208,WP PMA 80466,door open delay
1628,35.9,174.0,299.1,310.5,5255.525025,3.2698198960238902,0.13728991646654737,59.35071347027845,2025-09-22 22:05:20.782208,WP PMA 80467,No failure
1645,31.6,93.0,302.4,310.1,5465.053476,0.6112878791959845,0.0769594144830411,58.068969064189304,2025-09-22 22:05:37.782208,WP PMA 80271,No failure
1298,57.5,57.0,302.5,311.9,5505.046416,48.88448593685028,1.744296866483037,88.80251842704857,2025-09-22 22:09:37.782208,WP PMA 80467,door close delay
1509,39.9,25.0,302.0,311.3,5303.043684,27.239929425481904,1.4595475697774438,80.04445211653625,2025-09-22 22:26:04.782208,WP PMA 80466,door open delay
2710,9.7,143.0,301.0,312.2,5490.661801,3.823726960395529,0.14507045920198613,57.162069107576585,2025-09-22 22:40:11.782208,WP PMA 80467,No failure
1689,28.9,100.0,300.7,310.8,5264.082916,2.5173102992270624,0.10668938848638707,59.44239728569468,2025-09-22 23:02:34.782208,WP PMA 80467,No failure
1906,21.2,110.0,302.4,310.1,5280.492889,27.30105111905368,0.7259684380530005,99.21154813216347,2025-09-22 23:02:40.782208,WP PMA 80466,door close delay
1478,46.8,165.0,300.7,311.1,5252.625625,4.541986338454399,0.12260258936258304,57.300582452671854,2025-09-22 23:06:21.782208,WP PMA 80466,No failure
1579,33.4,50.0,296.7,307.9,5438.177536,29.652550279830812,1.5245415270414138,90.68371500473029,2025-09-22 23:08:52.782208,WP PMA 80466,signal delay
1579,33.4,50.0,296.7,307.9,5438.177536,29.652550279830812,1.5245415270414138,90.68371500473029,2025-09-22 23:09:35.782208,WP PMA 80271,signal delay
1686,28.9,59.0,301.7,310.2,5281.800976,41.80940364666146,1.806523433807369,93.02853967611605,2025-09-22 23:10:57.782208,WP PMA 80467,door open delay
1683,31.7,74.0,298.2,308.9,5471.708841,2.3585234396236103,0.10110609264571924,61.198763188812634,2025-09-22 23:22:56.782208,WP PMA 80467,No failure
1357,54.5,121.0,298.9,309.9,5465.201329,3.4054756520800673,0.03410500503758192,56.54791398916448,2025-09-22 23:26:36.782208,WP PMA 80466,No failure
1744,31.5,0.0,299.0,310.2,5296.346176,28.026300229149285,1.337665464463818,86.65910951714694,2025-09-22 23:36:16.782208,WP PMA 80466,Random failure
1648,29.1,134.0,297.6,308.3,5260.455841,2.5909438435579553,0.1703104060710435,59.07349056129178,2025-09-22 23:38:12.782208,WP PMA 80467,No failure
1618,30.3,125.0,299.7,311.1,5488.290889,40.60410458568789,0.9727397823334152,91.90296894800397,2025-09-22 23:40:11.782208,WP PMA 80467,door close delay
1671,31.6,137.0,301.7,310.8,5316.888889,29.42162169453939,1.7513437119216573,96.732082886829,2025-09-22 23:47:42.782208,WP PMA 80271,door open delay
1401,49.7,118.0,302.3,311.2,5297.510656,4.003653163387825,0.10101601790729035,58.67774821062037,2025-09-22 23:51:36.782208,WP PMA 80271,No failure
1880,24.5,156.0,302.4,311.1,5440.5376,3.4135300000355477,0.07964302955341358,56.29436593027338,2025-09-22 23:54:06.782208,WP PMA 80467,No failure
1648,29.6,157.0,302.0,310.3,5284.272249,45.846751847405464,1.916727041356644,80.06354773317213,2025-09-22 23:58:07.782208,WP PMA 80271,drive delay
1489,38.3,35.0,302.2,311.5,5435.670529,3.3297372962703164,0.16213773366130108,55.36726771535078,2025-09-22 23:59:55.782208,WP PMA 80271,No failure
1603,32.6,121.0,301.1,310.5,5260.165729,1.4160647523127934,0.07715606508833031,58.46006795968754,2025-09-23 00:00:28.782208,WP PMA 80467,No failure
1609,27.6,108.0,300.7,310.6,5252.045841,27.408002308158085,1.5516235058130665,90.91280030971026,2025-09-23 00:08:26.782208,WP PMA 80467,door close delay
1757,29.1,71.0,298.0,308.8,5357.508025,4.775862364342145,0.013714628286372344,55.0522859969737,2025-09-23 00:33:15.782208,WP PMA 80466,No failure
1325,61.4,88.0,300.9,311.1,5518.558369,1.245981952681988,0.018742550655209425,63.19485480162335,2025-09-23 00:38:52.782208,WP PMA 80271,No failure
1451,53.6,194.0,302.5,310.4,5466.679969,36.78689161924535,0.6298700216043418,95.66295953662588,2025-09-23 00:40:07.782208,WP PMA 80467,Random failure
1473,42.6,107.0,298.0,308.3,5461.801216,4.513002429965265,0.07481962347503364,58.00763389514157,2025-09-23 00:51:48.782208,WP PMA 80466,No failure
1477,35.6,101.0,298.4,309.6,5257.265049,1.4954599901723424,0.1620841867369313,60.00402226493227,2025-09-23 00:54:21.782208,WP PMA 80271,No failure
1320,57.9,168.0,300.4,311.8,5247.263844,0.7367281574724655,0.15669627447994328,62.133837818765784,2025-09-23 01:01:39.782208,WP PMA 80467,No failure
1503,37.0,152.0,303.0,311.2,5278.603716,1.7616498859979641,0.029108633536792647,57.02651013806037,2025-09-23 01:02:11.782208,WP PMA 80466,No failure
1534,33.7,47.0,298.1,310.0,5446.44,36.52876351172468,0.8635648460473964,87.49703042419631,2025-09-23 01:07:45.782208,WP PMA 80467,door close delay
1894,21.9,188.0,300.9,310.5,5516.775625,0.4041138915403979,0.03766259953984283,55.50809509130629,2025-09-23 01:09:39.782208,WP PMA 80466,No failure
1442,48.3,52.0,303.8,312.9,5483.550601,3.9720632354204928,0.09329614606484796,58.66035889368476,2025-09-23 01:23:48.782208,WP PMA 80271,No failure
1397,48.0,135.0,301.0,309.6,5320.973025,2.090625976537997,0.11528380834107807,58.882308391245616,2025-09-23 01:26:42.782208,WP PMA 80466,No failure
1509,39.9,25.0,302.0,311.3,5303.043684,27.239929425481904,1.4595475697774438,80.04445211653625,2025-09-23 01:27:43.782208,WP PMA 80271,door open delay
1677,29.2,49.0,302.5,311.5,5290.671169,2.407235698302821,0.0572664548272386,58.5487578357018,2025-09-23 01:50:09.782208,WP PMA 80467,No failure
1323,51.1,130.0,297.4,308.7,5479.700625,42.30312527421579,0.671909255936029,90.0225145439153,2025-09-23 01:53:39.782208,WP PMA 80466,signal delay
1511,42.9,26.0,301.0,311.2,5507.717796,1.2015590546961612,0.06175428010329635,61.89452828861769,2025-09-23 02:00:23.782208,WP PMA 80271,No failure
1328,49.9,206.0,299.9,310.4,5248.857601,0.6528257479094541,0.02450999891049195,55.48305841322865,2025-09-23 02:05:10.782208,WP PMA 80271,No failure
1544,36.9,87.0,303.5,312.9,5492.884996,3.747597695856966,0.12574487137993187,57.227300186881905,2025-09-23 02:11:15.782208,WP PMA 80271,No failure
1509,46.6,125.0,300.3,309.9,5514.5476,20.02023079033625,0.7215698637292967,88.48214630717786,2025-09-23 02:11:46.782208,WP PMA 80466,door close delay
1583,35.7,116.0,298.8,310.2,5352.3856,37.92661578444592,0.6317103864251624,92.65824473217468,2025-09-23 02:32:54.782208,WP PMA 80271,door open delay
1341,49.2,208.0,297.8,309.7,5447.768481,46.183917584260286,1.0201454764390876,92.46166290911955,2025-09-23 02:37:27.782208,WP PMA 80271,signal delay
1280,59.3,163.0,299.9,309.6,5396.665444,4.962251325516471,0.07184040300324564,59.09046818809753,2025-09-23 02:48:20.782208,WP PMA 80467,No failure
1549,48.3,105.0,296.8,307.4,5273.373924,0.5841704550259439,0.07904434128751278,60.95371278488366,2025-09-23 02:48:24.782208,WP PMA 80467,No failure
1573,37.9,33.0,297.8,307.8,5359.996944,4.324958215101649,0.15649504796958943,58.47584821858648,2025-09-23 02:50:21.782208,WP PMA 80271,No failure
1392,46.4,174.0,297.4,308.7,5479.404529,49.82094774461507,1.7275260349496973,82.29807714007318,2025-09-23 02:57:35.782208,WP PMA 80271,signal delay
1409,53.3,52.0,302.6,310.4,5279.911569,2.1400277636293197,0.1257753593965637,60.225622463306294,2025-09-23 03:40:50.782208,WP PMA 80271,No failure
1399,49.2,111.0,303.1,311.2,5468.454601,4.366707227314055,0.10917639543992251,60.82787497760204,2025-09-23 03:44:30.782208,WP PMA 80466,No failure
1463,43.5,156.0,299.8,310.8,5499.557281,4.524576832432606,0.09288499373259736,56.360627239409624,2025-09-23 03:57:51.782208,WP PMA 80467,No failure
1441,44.6,96.0,300.4,311.5,5496.146496,2.9254277594257907,0.13989254354986325,55.92205720948711,2025-09-23 04:04:36.782208,WP PMA 80466,No failure
1915,22.3,116.0,303.6,312.3,5275.843225,30.152304086590867,1.3571095834850015,96.856841139973,2025-09-23 04:04:46.782208,WP PMA 80466,door close delay
1438,42.9,101.0,298.0,309.2,5477.4801,4.68619022018542,0.013868251168137285,64.46732809999057,2025-09-23 04:06:10.782208,WP PMA 80466,No failure
1291,58.6,29.0,296.3,307.2,5340.540241,2.0472153742227692,0.18427192139947096,61.760598531222904,2025-09-23 04:19:20.782208,WP PMA 80467,No failure
1594,32.4,204.0,301.7,310.8,5303.626276,37.38423566578929,1.3463625335459448,86.49307795768311,2025-09-23 04:44:53.782208,WP PMA 80271,Random failure
1530,42.3,21.0,302.3,311.5,5507.866225,30.450301760589426,1.1058661088010444,87.95387877662486,2025-09-23 04:57:02.782208,WP PMA 80271,signal delay
1476,47.8,223.0,299.5,309.1,5372.303616,2.4804758027256852,0.13328958392180884,63.6945789190738,2025-09-23 05:06:01.782208,WP PMA 80467,No failure
1459,46.9,85.0,297.9,307.8,5371.4241,2.4934795536484526,0.1435036103762892,61.14972961974364,2025-09-23 05:09:39.782208,WP PMA 80466,No failure
1383,48.7,147.0,295.6,306.1,5432.574436,42.06220479764772,0.8198605991308731,86.20096073009861,2025-09-23 05:10:59.782208,WP PMA 80466,door close delay
1547,44.8,36.0,298.6,309.5,5482.810116,3.359465481237802,0.1445497031578237,59.143640734001295,2025-09-23 05:28:26.782208,WP PMA 80467,No failure
1512,44.9,86.0,301.0,310.4,5260.310784,39.36836299538538,1.6935308256837749,96.5270926355088,2025-09-23 05:30:21.782208,WP PMA 80466,door open delay
1550,34.9,111.0,301.0,312.3,5241.76,40.43445593905051,1.6685544741278708,90.85306688363391,2025-09-23 05:35:46.782208,WP PMA 80271,door open delay
1672,30.5,177.0,299.5,308.6,5381.396164,2.8341944251472238,0.17665931425760323,55.94205934783293,2025-09-23 05:37:47.782208,WP PMA 80467,No failure
1451,53.6,194.0,302.5,310.4,5466.679969,36.78689161924535,0.6298700216043418,95.66295953662588,2025-09-23 05:47:39.782208,WP PMA 80271,Random failure
1332,53.9,7.0,296.9,308.0,5332.212484,32.981098147326,0.9389940584593492,90.26690819060457,2025-09-23 05:51:35.782208,WP PMA 80466,signal delay
1661,29.5,162.0,298.8,309.0,5473.0404,3.0516356252221253,0.022637235966517205,59.20638028593408,2025-09-23 05:54:24.782208,WP PMA 80466,No failure
1520,42.8,148.0,302.6,311.0,5456.333689,4.86119715834539,0.03441484714671787,60.7275841415898,2025-09-23 06:07:04.782208,WP PMA 80467,No failure
1444,46.7,194.0,296.2,307.1,5427.710929,4.628019030375987,0.16628331399788188,60.687792140334885,2025-09-23 06:08:55.782208,WP PMA 80466,No failure
1588,41.3,0.0,299.6,309.1,5372.157025,26.46854447660091,1.4917981431887635,95.72411595126835,2025-09-23 06:22:53.782208,WP PMA 80271,Random failure
1622,37.2,103.0,297.5,308.3,5457.958884,47.56231038168288,0.695912273194448,80.02490348311116,2025-09-23 06:26:22.782208,WP PMA 80467,Random failure
1665,29.6,20.0,298.1,308.5,5469.637849,37.238730558246914,1.0025553265776534,99.00835330996256,2025-09-23 06:29:08.782208,WP PMA 80466,Random failure
1411,45.8,157.0,298.2,309.1,5300.859249,2.9306689253744005,0.14809273047876093,61.450554365972316,2025-09-23 06:35:09.782208,WP PMA 80467,No failure
1534,33.7,47.0,298.1,310.0,5446.44,36.52876351172468,0.8635648460473964,87.49703042419631,2025-09-23 06:37:03.782208,WP PMA 80466,door close delay
1557,31.6,52.0,300.8,310.9,5520.044209,23.535299894024025,1.8677102114598112,91.6199465983229,2025-09-23 06:47:58.782208,WP PMA 80466,door open delay
1511,37.2,129.0,299.3,309.2,5393.286721,4.982644007925618,0.15312244902886102,62.93768920921523,2025-09-23 06:52:23.782208,WP PMA 80467,No failure
1479,39.2,151.0,297.0,307.9,5344.633449,37.76349785678516,1.8037052538950937,99.3437260437338,2025-09-23 07:00:41.782208,WP PMA 80466,door open delay
1341,43.8,171.0,298.2,309.0,5356.044225,4.013365917145206,0.08960893730473024,58.47645642181989,2025-09-23 07:03:52.782208,WP PMA 80466,No failure
1482,39.3,187.0,297.2,308.5,5347.850641,2.4762398153295746,0.11222708162664524,62.830588820122344,2025-09-23 07:14:15.782208,WP PMA 80466,No failure
1440,39.1,188.0,299.2,308.8,5364.830025,28.70156658921013,1.8130553264197087,85.95014107372285,2025-09-23 07:22:32.782208,WP PMA 80467,Random failure
1489,40.6,89.0,298.2,309.0,5259.875625,26.47058142682505,1.4778885915777045,89.33932847526452,2025-09-23 07:27:19.782208,WP PMA 80271,door open delay
1309,43.3,68.0,301.8,310.7,5430.068721,22.956864858730775,1.8043351812228186,97.79950059938305,2025-09-23 07:29:01.782208,WP PMA 80271,door open delay
1557,31.6,52.0,300.8,310.9,5520.044209,23.535299894024025,1.8677102114598112,91.6199465983229,2025-09-23 07:31:13.782208,WP PMA 80466,door open delay
1513,38.0,38.0,300.9,311.9,5491.254609,45.398608991025895,1.6628507955465734,97.30340726359175,2025-09-23 07:51:36.782208,WP PMA 80271,door open delay
1393,55.9,79.0,298.0,309.0,5281.074241,38.304028882010535,1.803235441130456,87.01367158265482,2025-09-23 07:54:51.782208,WP PMA 80271,door open delay
1509,39.9,25.0,302.0,311.3,5303.043684,27.239929425481904,1.4595475697774438,80.04445211653625,2025-09-23 07:59:56.782208,WP PMA 80271,door open delay
1568,33.7,175.0,297.4,309.0,5452.493281,30.817869178878684,1.1978453154513014,94.86165932455624,2025-09-23 08:01:54.782208,WP PMA 80466,door close delay
1623,29.9,24.0,298.0,307.8,5370.544656,4.527392436325449,0.07064608441617216,62.08000488447692,2025-09-23 08:02:45.782208,WP PMA 80467,No failure
1548,34.1,93.0,301.8,310.5,5305.6656,1.9249184411337843,0.10869100681643593,62.094578753063644,2025-09-23 08:06:29.782208,WP PMA 80466,No failure
1614,30.7,106.0,298.0,308.7,5260.020676,0.19206493049523726,0.17274575098632158,60.29583097906689,2025-09-23 08:12:35.782208,WP PMA 80467,No failure
2028,18.9,45.0,304.1,313.2,5489.179921,3.0404917732003702,0.18713854405981054,56.025635531149085,2025-09-23 08:20:59.782208,WP PMA 80271,No failure
1424,45.5,2.0,297.8,309.1,5443.340841,0.3125305848046045,0.16194104464701745,61.6512260778796,2025-09-23 08:28:54.782208,WP PMA 80467,No failure
1534,33.7,47.0,298.1,310.0,5446.44,36.52876351172468,0.8635648460473964,87.49703042419631,2025-09-23 08:52:00.782208,WP PMA 80467,door close delay
1951,21.3,44.0,301.2,310.7,5254.945081,3.7195475809398952,0.08368439526575447,59.840814014305046,2025-09-23 08:55:58.782208,WP PMA 80271,No failure
1432,44.7,192.0,300.4,309.6,5410.043809,1.0357637447663028,0.10963257458336843,63.974213591804414,2025-09-23 09:06:59.782208,WP PMA 80467,No failure
1525,38.5,113.0,297.9,309.0,5281.510276,4.684710973828895,0.02413127230994838,59.99189941260588,2025-09-23 09:09:07.782208,WP PMA 80271,No failure
1589,36.0,190.0,299.7,310.8,5467.419364,24.81802571081649,1.7230158856927384,92.27456179038798,2025-09-23 09:24:52.782208,WP PMA 80271,drive delay
1485,40.5,188.0,300.2,310.1,5503.117489,44.27777270700361,1.00731822680138,85.07467411154907,2025-09-23 09:28:47.782208,WP PMA 80466,door close delay
1633,36.5,24.0,299.7,310.2,5248.712704,2.728889924997589,0.13267743698248294,61.992243169287356,2025-09-23 09:34:57.782208,WP PMA 80466,No failure
1380,53.5,192.0,297.5,308.6,5266.695184,2.150307112228807,0.03281879114268874,55.76215828113702,2025-09-23 09:39:31.782208,WP PMA 80466,No failure
1420,49.1,42.0,303.5,312.7,5270.76,3.8722199239336423,0.14370766172761798,57.6055358365373,2025-09-23 09:40:47.782208,WP PMA 80467,No failure
1450,45.0,183.0,300.8,312.0,5242.484025,1.8423085793177192,0.19794628117506416,59.967274478147466,2025-09-23 09:41:45.782208,WP PMA 80467,No failure
1433,44.2,68.0,298.2,310.0,5327.394121,3.360535178527264,0.03428472311140871,60.82623702833947,2025-09-23 09:43:54.782208,WP PMA 80271,No failure
1441,42.9,148.0,300.1,309.2,5328.562009,2.53490199982212,0.1739752027609334,59.41281701398678,2025-09-23 09:51:38.782208,WP PMA 80466,No failure
1398,55.4,217.0,299.1,309.8,5468.6025,1.2114771127943742,0.1314673916099337,57.02520958377157,2025-09-23 09:55:55.782208,WP PMA 80271,No failure
1364,55.6,163.0,297.2,308.5,5347.558129,36.461385699506096,1.9983719108979061,90.26570522546112,2025-09-23 09:59:00.782208,WP PMA 80467,door open delay
1423,49.5,200.0,298.7,309.1,5462.540281,44.33656037912953,1.588388563096027,90.18336290840858,2025-09-23 10:11:10.782208,WP PMA 80271,door open delay
1480,40.9,28.0,300.9,311.9,5491.402816,1.8514632571156964,0.026914778778658797,64.47009740578824,2025-09-23 10:11:31.782208,WP PMA 80466,No failure
1592,34.4,158.0,297.3,308.7,5271.195609,3.7657128338700656,0.049057725472550995,58.73246085993206,2025-09-23 10:16:25.782208,WP PMA 80466,No failure
1540,44.8,196.0,303.7,312.7,5482.365849,4.448789155361773,0.03891086894204225,62.15449583316399,2025-09-23 10:27:44.782208,WP PMA 80467,No failure
1449,44.5,152.0,302.3,311.7,5434.343524,29.801293682800324,1.9537263165480647,89.17307701084255,2025-09-23 10:53:18.782208,WP PMA 80466,door close delay
1335,53.5,168.0,298.4,309.2,5284.853809,2.9376293628267796,0.19956565336784954,55.260959393736584,2025-09-23 10:55:42.782208,WP PMA 80466,No failure
1680,33.7,185.0,298.1,308.3,5464.462084,40.53621110002542,1.861302562403293,99.0882319471089,2025-09-23 10:57:32.782208,WP PMA 80466,signal delay
1553,40.9,49.0,298.1,310.0,5446.44,39.88486834584302,0.8926006580844067,94.3083083829584,2025-09-23 10:58:27.782208,WP PMA 80271,door close delay
1405,53.8,18.0,299.1,309.0,5391.671184,4.485827812954701,0.04204806293267001,61.62428824855612,2025-09-23 11:31:51.782208,WP PMA 80271,No failure
1557,35.1,60.0,296.6,307.5,5343.463801,3.6860263052610662,0.01616196966717475,58.99232166123477,2025-09-23 11:38:59.782208,WP PMA 80467,No failure
1550,34.9,111.0,301.0,312.3,5241.76,40.43445593905051,1.6685544741278708,90.85306688363391,2025-09-23 12:03:32.782208,WP PMA 80271,door open delay
1661,38.2,82.0,298.1,309.0,5482.513936,35.00952125655859,1.783869388811883,99.12664194372854,2025-09-23 12:10:18.782208,WP PMA 80271,door open delay
1693,30.0,80.0,303.3,312.1,5275.1169,0.2824728096494778,0.08625056079545922,63.78993655798207,2025-09-23 12:16:37.782208,WP PMA 80467,No failure
1510,35.5,155.0,297.5,308.6,5279.4756,0.6374347642971627,0.08823166530948669,63.08178111252316,2025-09-23 12:21:04.782208,WP PMA 80467,No failure
1522,38.0,33.0,297.4,308.6,5418.873769,43.959348730009694,1.0402470399825932,82.86441012075419,2025-09-23 12:28:02.782208,WP PMA 80466,door close delay
1397,48.2,63.0,298.1,309.4,5348.874496,4.049733084367807,0.08392066152897683,63.46946919360681,2025-09-23 12:33:41.782208,WP PMA 80271,No failure
1425,52.7,154.0,299.1,310.2,5466.532096,1.5173129495246895,0.19465304419680882,56.43898450212575,2025-09-23 12:34:33.782208,WP PMA 80467,No failure
1528,46.3,203.0,296.7,308.1,5331.628324,27.188963976400803,1.6875662775840243,86.29292509365149,2025-09-23 12:39:15.782208,WP PMA 80271,signal delay
1639,34.6,24.0,300.4,311.3,5245.960041,1.7853157935939263,0.14976903623476884,61.62432412668446,2025-09-23 12:40:49.782208,WP PMA 80467,No failure
1489,40.6,89.0,298.2,309.0,5259.875625,26.47058142682505,1.4778885915777045,89.33932847526452,2025-09-23 12:47:13.782208,WP PMA 80467,door open delay
1466,49.0,66.0,302.2,311.7,5508.459961,46.56475728244531,1.788039593172544,96.4904334654153,2025-09-23 12:50:58.782208,WP PMA 80466,signal delay
1585,33.5,212.0,297.9,308.1,5464.018561,3.592553650633111,0.10026805576541332,57.37748561621716,2025-09-23 13:17:52.782208,WP PMA 80466,No failure
1384,54.4,44.0,298.5,308.6,5462.244649,3.6573684398603428,0.13152819662463122,55.21999410537915,2025-09-23 13:20:28.782208,WP PMA 80271,No failure
1534,33.2,75.0,298.3,308.2,5462.096836,38.38206123061534,1.8642989668196104,93.6352359612934,2025-09-23 13:21:54.782208,WP PMA 80271,door close delay
1375,46.4,48.0,298.7,308.5,5373.476416,26.69484987609539,0.88461271440945,80.9906377364198,2025-09-23 13:31:48.782208,WP PMA 80466,door close delay
1497,38.4,28.0,302.1,311.3,5435.670529,26.28941107100395,1.7209206689441916,99.77365236649493,2025-09-23 13:38:39.782208,WP PMA 80271,door close delay
1625,41.2,109.0,299.9,309.8,5250.161764,3.1441120207073987,0.10808753957051943,60.477426582961954,2025-09-23 13:42:02.782208,WP PMA 80467,No failure
1440,45.4,177.0,301.4,310.9,5265.534096,2.426661891126075,0.13499023337823715,57.375833170493095,2025-09-23 14:01:07.782208,WP PMA 80466,No failure
1892,21.8,177.0,301.9,310.5,5450.425929,43.654580946114876,0.9529393734897191,97.87179433207908,2025-09-23 14:12:38.782208,WP PMA 80271,door close delay
1541,35.7,169.0,297.2,307.9,5474.668081,3.0085406433295967,0.13241724939837254,56.40670963677513,2025-09-23 14:16:48.782208,WP PMA 80467,No failure
1487,39.8,50.0,300.7,311.3,5506.382025,1.2539742206924118,0.1639884051264401,58.99567095776743,2025-09-23 14:32:34.782208,WP PMA 80466,No failure
1369,54.5,82.0,298.2,307.6,5393.580481,38.50290665050511,1.2820817618376699,95.37527025830784,2025-09-23 14:33:00.782208,WP PMA 80466,signal delay
1541,33.7,165.0,297.6,309.7,5325.642529,42.66027321379279,0.5957421488515693,81.39217013180169,2025-09-23 14:41:23.782208,WP PMA 80466,door close delay
1680,33.7,185.0,298.1,308.3,5464.462084,40.53621110002542,1.861302562403293,99.0882319471089,2025-09-23 14:41:45.782208,WP PMA 80467,signal delay
1634,31.2,182.0,301.0,311.0,5261.761444,2.778080392081563,0.05880522620827281,64.07261554559572,2025-09-23 14:50:03.782208,WP PMA 80271,No failure
1988,21.4,41.0,298.2,308.2,5312.806321,2.137980905593761,0.08257215283086629,62.65772937530101,2025-09-23 15:01:26.782208,WP PMA 80271,No failure
1453,43.2,153.0,299.8,309.5,5396.665444,1.7228839130015718,0.16717472784850654,57.91121462920732,2025-09-23 15:07:14.782208,WP PMA 80271,No failure
2157,17.8,17.0,302.0,310.7,5282.963856,26.262641810156918,1.6362138319307393,90.81689443895104,2025-09-23 15:08:40.782208,WP PMA 80466,signal delay
1671,31.6,137.0,301.7,310.8,5316.888889,29.42162169453939,1.7513437119216573,96.732082886829,2025-09-23 15:12:06.782208,WP PMA 80467,door open delay
1465,46.0,89.0,300.5,309.3,5321.848401,3.486790902337729,0.0597596636111604,62.416094592834455,2025-09-23 15:26:02.782208,WP PMA 80271,No failure
1675,29.8,72.0,297.5,309.3,5324.474961,1.43625998897851,0.0766397067948573,61.19241053353128,2025-09-23 15:53:39.782208,WP PMA 80467,No failure
1523,40.9,141.0,299.3,310.8,5467.715136,32.60338432946594,1.4731501023736493,97.8371124133434,2025-09-23 15:57:44.782208,WP PMA 80271,door open delay
1546,35.6,93.0,299.8,309.1,5370.544656,0.6656779229700531,0.06798782314787022,55.92325899996209,2025-09-23 16:13:12.782208,WP PMA 80467,No failure
1513,43.8,188.0,299.9,309.1,5327.978049,0.2842162992753398,0.10531395686324686,61.23014010498218,2025-09-23 16:55:10.782208,WP PMA 80466,No failure
1423,40.2,63.0,300.9,312.1,5491.254609,26.487242862943063,0.6574029788516131,82.48730646898161,2025-09-23 17:06:08.782208,WP PMA 80467,door open delay
1688,29.4,166.0,297.3,308.6,5263.647601,0.9732446266852982,0.08938592782081256,62.55822212207726,2025-09-23 17:10:30.782208,WP PMA 80271,No failure
1559,39.7,24.0,300.1,309.4,5401.221049,32.44510658974924,1.7117118145834187,97.35954246520838,2025-09-23 17:11:32.782208,WP PMA 80466,door open delay
1453,41.2,147.0,302.3,311.7,5503.562596,4.844812436041554,0.011041836561640272,55.457037672727985,2025-09-23 17:21:37.782208,WP PMA 80467,No failure
1431,39.3,22.0,300.7,310.7,5263.357401,45.30621408858687,1.6214025308819116,97.16558546598277,2025-09-23 17:36:12.782208,WP PMA 80467,door open delay
1451,53.6,194.0,302.5,310.4,5466.679969,36.78689161924535,0.6298700216043418,95.66295953662588,2025-09-23 17:37:29.782208,WP PMA 80271,Random failure
2041,19.2,194.0,300.8,309.9,5512.914001,1.8481205702786097,0.11113076711534038,62.01244203743569,2025-09-23 17:51:55.782208,WP PMA 80466,No failure
1394,45.4,36.0,303.8,313.1,5491.995664,4.553331316079178,0.143115257903577,61.101356653564594,2025-09-23 17:53:43.782208,WP PMA 80467,No failure
1544,36.3,21.0,300.4,310.4,5252.335729,1.2272413995768008,0.08392886474721946,56.29628227613338,2025-09-23 17:57:36.782208,WP PMA 80271,No failure
1588,41.3,0.0,299.6,309.1,5372.157025,26.46854447660091,1.4917981431887635,95.72411595126835,2025-09-23 18:22:16.782208,WP PMA 80467,Random failure
1738,24.0,195.0,297.5,308.9,5329.0,40.63022144617679,0.952472150300518,95.93287998331198,2025-09-23 18:26:40.782208,WP PMA 80466,door close delay
1609,27.6,108.0,300.7,310.6,5252.045841,27.408002308158085,1.5516235058130665,90.91280030971026,2025-09-23 18:27:08.782208,WP PMA 80466,door close delay
1390,43.3,221.0,297.6,309.2,5451.607225,28.963313423812117,1.223664621780105,96.11862697857715,2025-09-23 18:50:17.782208,WP PMA 80466,door close delay
1309,43.3,68.0,301.8,310.7,5430.068721,22.956864858730775,1.8043351812228186,97.79950059938305,2025-09-23 19:08:51.782208,WP PMA 80271,door open delay
1431,45.2,,296.5,307.6,5425.7956,1.2200766978065145,0.0218630932327084,60.96527281194146,2025-09-23 19:15:46.782208,WP PMA 80466,No failure
1420,47.0,119.0,300.7,311.8,5494.663876,0.8125956392156573,0.036120945987052455,59.59283035054949,2025-09-23 19:17:03.782208,WP PMA 80271,No failure
1420,39.2,176.0,298.3,307.9,5372.450209,4.7454171388981505,0.1302868047389543,61.16251420845404,2025-09-23 19:20:34.782208,WP PMA 80467,No failure
1546,37.7,133.0,300.9,311.1,5262.922116,0.12323193185204998,0.1195776248011421,56.40345157054192,2025-09-23 19:29:22.782208,WP PMA 80271,No failure
1555,38.7,5.0,300.4,311.7,5244.221889,1.536082199149708,0.09632523486607496,61.278008266094666,2025-09-23 19:29:43.782208,WP PMA 80467,No failure
1434,48.4,153.0,299.2,310.6,5250.161764,33.302811077665524,1.0459826892569164,83.39765345421797,2025-09-23 19:33:25.782208,WP PMA 80466,drive delay
1466,39.8,184.0,300.4,309.7,5332.212484,0.7998875573137392,0.13313927176229,59.08313207454854,2025-09-23 19:40:13.782208,WP PMA 80271,No failure
1631,28.3,110.0,300.0,309.1,5412.103489,1.2502104819815545,0.05938323643252547,64.09685014239813,2025-09-23 19:40:38.782208,WP PMA 80466,No failure
1730,27.5,209.0,300.5,311.9,5497.925904,3.5450583016927837,0.0484521997332777,61.3705576570349,2025-09-23 19:52:21.782208,WP PMA 80271,No failure
1528,46.3,203.0,296.7,308.1,5331.628324,27.188963976400803,1.6875662775840243,86.29292509365149,2025-09-23 20:01:45.782208,WP PMA 80271,signal delay
1553,40.9,49.0,298.1,310.0,5446.44,39.88486834584302,0.8926006580844067,94.3083083829584,2025-09-23 20:03:43.782208,WP PMA 80467,door close delay
1542,39.4,155.0,299.8,309.8,5502.078976,2.3110778427611463,0.1192826829976763,59.89402465664286,2025-09-23 20:04:03.782208,WP PMA 80467,No failure
1609,27.6,108.0,300.7,310.6,5252.045841,27.408002308158085,1.5516235058130665,90.91280030971026,2025-09-23 20:18:42.782208,WP PMA 80467,door close delay
1489,40.6,89.0,298.2,309.0,5259.875625,26.47058142682505,1.4778885915777045,89.33932847526452,2025-09-23 20:33:02.782208,WP PMA 80271,door open delay
1442,45.3,233.0,301.8,309.7,5281.074241,2.548536890866183,0.06015671707714263,61.64027952299725,2025-09-23 20:33:13.782208,WP PMA 80271,No failure
1434,42.5,175.0,304.2,313.4,5487.994561,29.469631294351835,1.4768985738303422,80.94332617051371,2025-09-23 20:39:39.782208,WP PMA 80467,door open delay
1578,36.3,71.0,298.5,309.4,5259.585529,0.9450892504467971,0.053412031752980885,55.036480994805444,2025-09-23 20:41:44.782208,WP PMA 80466,No failure
1438,51.0,106.0,302.6,311.0,5282.527761,23.436251011580417,1.008899545945385,91.43758397735473,2025-09-23 20:48:05.782208,WP PMA 80467,signal delay
1959,22.3,157.0,303.5,311.7,5472.448576,29.43254792505012,0.8841722655722568,98.0943208432986,2025-09-23 20:56:33.782208,WP PMA 80467,signal delay
1523,39.1,53.0,298.9,310.1,5291.253081,1.6350217082771143,0.10578106782198098,64.95658334967244,2025-09-23 20:59:17.782208,WP PMA 80467,No failure
1415,52.8,82.0,304.0,313.3,5486.661184,4.494730328030118,0.1262388289885603,59.30867494018905,2025-09-23 21:04:54.782208,WP PMA 80271,No failure
1651,30.8,92.0,299.6,309.2,5346.241924,2.4882281041012235,0.17481055617284627,58.1813877940459,2025-09-23 21:08:21.782208,WP PMA 80467,No failure
1378,39.9,,297.4,308.4,5475.260025,1.157784121574436,0.061262975944745696,57.9080293272315,2025-09-23 21:14:57.782208,WP PMA 80271,No failure
1526,38.2,47.0,302.3,311.5,5445.111681,20.770653830747378,1.30602776858319,86.60692999486108,2025-09-23 21:16:56.782208,WP PMA 80467,signal delay
1686,29.1,60.0,298.1,309.9,5446.144804,43.922000807869985,1.3483092713247107,80.57454392069313,2025-09-23 21:17:27.782208,WP PMA 80467,door close delay
1832,23.6,35.0,303.7,312.8,5274.390625,2.0796262221645576,0.08540405570262623,56.281866124052236,2025-09-23 21:49:59.782208,WP PMA 80467,No failure
1530,37.6,106.0,297.8,308.9,5270.614801,1.567622178471965,0.1829545969781007,60.65386714395492,2025-09-23 21:55:03.782208,WP PMA 80467,No failure
1622,37.2,103.0,297.5,308.3,5457.958884,47.56231038168288,0.695912273194448,80.02490348311116,2025-09-23 22:08:36.782208,WP PMA 80466,Random failure
1473,39.9,184.0,298.4,308.3,5468.6025,26.055495263783655,1.7852296960269574,95.2760721632894,2025-09-23 22:25:26.782208,WP PMA 80466,door close delay
1871,26.0,132.0,301.9,311.0,5428.005625,4.019333319527531,0.17846925718592357,58.443124570776135,2025-09-23 22:25:52.782208,WP PMA 80466,No failure
1301,56.0,63.0,298.1,308.3,5313.097881,0.9773355769452028,0.1255802345757444,60.98669499074118,2025-09-23 22:32:35.782208,WP PMA 80271,No failure
1413,46.5,147.0,302.2,311.7,5266.550041,0.6454720647460256,0.05586390120347406,56.89931818827185,2025-09-23 22:32:48.782208,WP PMA 80467,No failure
1523,40.9,141.0,299.3,310.8,5467.715136,32.60338432946594,1.4731501023736493,97.8371124133434,2025-09-23 22:39:07.782208,WP PMA 80467,door open delay
1549,40.2,65.0,298.9,310.1,5294.0176,2.2913297141498403,0.04625634988032421,64.2737751492918,2025-09-23 22:57:11.782208,WP PMA 80271,No failure
1617,34.5,126.0,301.0,310.3,5260.165729,1.0666810990276148,0.08771777787486754,55.06613873062691,2025-09-23 22:57:33.782208,WP PMA 80467,No failure
1613,32.2,178.0,299.4,309.0,5373.036601,3.615851106525432,0.16943784140684706,57.20871808019365,2025-09-23 23:00:35.782208,WP PMA 80466,No failure
1523,34.1,135.0,300.1,311.3,5498.370801,1.2262770274443107,0.08519667423199019,62.46720842467401,2025-09-23 23:03:30.782208,WP PMA 80467,No failure
1888,20.5,133.0,300.6,309.6,5336.740809,3.18354260393425,0.12798728510698817,63.84505376221212,2025-09-23 23:14:52.782208,WP PMA 80466,No failure
1551,37.3,168.0,302.5,310.3,5280.347556,3.9496922830290364,0.11994456033555782,57.834062706183104,2025-09-23 23:17:34.782208,WP PMA 80466,No failure
1475,47.9,79.0,302.4,311.0,5282.673124,37.29116374458573,1.6642971181662811,88.8607658808726,2025-09-23 23:18:30.782208,WP PMA 80466,Random failure
1557,31.6,52.0,300.8,310.9,5520.044209,23.535299894024025,1.8677102114598112,91.6199465983229,2025-09-23 23:23:56.782208,WP PMA 80466,door open delay
1635,32.2,110.0,298.6,309.7,5349.4596,4.20212025798136,0.06272059599653194,63.26944979759972,2025-09-23 23:25:36.782208,WP PMA 80271,No failure
1434,53.0,144.0,298.7,309.9,5484.587364,4.00002351051775,0.04152308037403053,63.882598981107066,2025-09-23 23:51:24.782208,WP PMA 80466,No failure
1425,40.8,178.0,300.0,309.5,5348.874496,3.140772786409957,0.1438494160247299,57.69984940976649,2025-09-23 23:58:28.782208,WP PMA 80466,No failure
1578,31.2,139.0,302.4,310.2,5462.540281,3.3038568902062266,0.022143477421273837,55.7083041600149,2025-09-24 00:14:47.782208,WP PMA 80466,No failure
1629,32.1,55.0,300.0,311.3,5246.829225,27.554756501884274,1.2394743242853634,86.1081681006253,2025-09-24 00:25:08.782208,WP PMA 80467,door close delay
1754,26.9,209.0,302.9,312.3,5270.179216,31.064126655309654,0.7271846408765829,96.36983679144254,2025-09-24 00:25:54.782208,WP PMA 80271,signal delay
1637,34.6,207.0,298.6,309.8,5484.143025,3.0233066593863893,0.08822237027284285,61.67663104310988,2025-09-24 00:32:23.782208,WP PMA 80271,No failure
1360,60.9,187.0,298.5,309.4,5463.722889,1.4058050660145347,0.13287161352414087,57.97954396113398,2025-09-24 00:41:51.782208,WP PMA 80466,No failure
1622,37.2,103.0,297.5,308.3,5457.958884,47.56231038168288,0.695912273194448,80.02490348311116,2025-09-24 00:56:58.782208,WP PMA 80466,Random failure
1379,54.5,122.0,300.4,309.6,5513.359504,4.712604432562607,0.1379024029298107,61.72236935761422,2025-09-24 00:57:12.782208,WP PMA 80466,No failure
1525,33.2,0.0,299.9,309.2,5327.394121,0.706702634915981,0.027728285931219905,59.52027599657216,2025-09-24 01:17:12.782208,WP PMA 80466,No failure
1390,43.3,221.0,297.6,309.2,5451.607225,28.963313423812117,1.223664621780105,96.11862697857715,2025-09-24 01:29:20.782208,WP PMA 80466,door close delay
1420,47.4,167.0,301.0,311.1,5261.906521,3.2972684712208506,0.03870311686960523,61.89195172448978,2025-09-24 01:30:57.782208,WP PMA 80467,No failure
1747,25.3,136.0,297.9,307.6,5372.010436,0.5861955449563275,0.16822758386200098,57.33879331747963,2025-09-24 01:32:46.782208,WP PMA 80466,No failure
1514,37.9,9.0,298.0,308.2,5463.575056,46.10254144113112,0.6079530709041836,88.48324434748507,2025-09-24 01:33:13.782208,WP PMA 80467,signal delay
1390,43.3,221.0,297.6,309.2,5451.607225,28.963313423812117,1.223664621780105,96.11862697857715,2025-09-24 01:48:54.782208,WP PMA 80271,door close delay
1616,31.6,175.0,299.7,309.2,5344.633449,2.2652473978202567,0.05956017331133586,64.25818928981404,2025-09-24 01:59:12.782208,WP PMA 80466,No failure
1445,40.3,162.0,302.4,310.6,5282.237041,1.6023636367076275,0.05855846206675188,62.2484234037938,2025-09-24 01:59:37.782208,WP PMA 80467,No failure
1387,57.6,50.0,298.6,309.6,5464.462084,31.02007056378983,1.924982620112702,85.77319677094144,2025-09-24 02:01:31.782208,WP PMA 80271,signal delay
1599,40.4,72.0,301.5,310.7,5314.118404,2.9977010222939793,0.059940083739512935,57.22598789369061,2025-09-24 02:08:08.782208,WP PMA 80271,No failure
1472,39.9,,296.3,307.4,5426.532225,3.382818649459344,0.11754286226032448,58.41708330196982,2025-09-24 02:08:32.782208,WP PMA 80467,No failure
1471,44.1,244.0,300.6,309.4,5404.602256,0.43750193220478417,0.08895700356027107,56.30016229232412,2025-09-24 02:22:00.782208,WP PMA 80466,No failure
1464,49.1,171.0,303.9,313.4,5271.195609,49.98468948636307,0.7407190196670943,80.1908078185052,2025-09-24 02:26:36.782208,WP PMA 80466,door open delay
1662,26.9,183.0,297.1,307.9,5277.150736,23.362238882353317,1.8939072927671246,84.03490101665102,2025-09-24 02:28:05.782208,WP PMA 80466,signal delay
1475,49.9,47.0,298.2,308.3,5312.9521,4.770058353099982,0.016352923790128315,62.91576538402786,2025-09-24 02:29:03.782208,WP PMA 80466,No failure
1559,39.1,110.0,299.6,309.2,5399.3104,1.7628098646917225,0.13050449128550748,63.69662059747229,2025-09-24 02:33:34.782208,WP PMA 80467,No failure
1369,51.6,71.0,300.6,309.4,5334.257296,4.171803668267524,0.028446572483557864,62.097841201200836,2025-09-24 02:36:53.782208,WP PMA 80467,No failure
1629,32.5,45.0,298.1,309.9,5446.587601,23.75340627019404,1.9241090702893169,87.54583502901593,2025-09-24 02:43:55.782208,WP PMA 80271,door close delay
1699,32.9,87.0,299.0,310.1,5465.497041,3.152070511629118,0.08748714106476976,61.652673922467585,2025-09-24 02:49:29.782208,WP PMA 80467,No failure
1671,31.6,137.0,301.7,310.8,5316.888889,29.42162169453939,1.7513437119216573,96.732082886829,2025-09-24 02:58:58.782208,WP PMA 80467,door open delay
1526,35.3,46.0,300.2,309.4,5330.4601,21.583542943926396,0.7296964552860199,87.23862919341,2025-09-24 03:05:24.782208,WP PMA 80467,signal delay
1460,39.6,162.0,300.4,311.7,5494.367376,3.8897482906115664,0.05894159547845487,62.04865967082683,2025-09-24 03:20:14.782208,WP PMA 80467,No failure
1665,29.6,20.0,298.1,308.5,5469.637849,37.238730558246914,1.0025553265776534,99.00835330996256,2025-09-24 03:25:44.782208,WP PMA 80466,Random failure
1663,31.6,199.0,301.8,311.1,5255.235049,2.0773287429184726,0.13679181733125806,62.49129488221048,2025-09-24 03:29:42.782208,WP PMA 80271,No failure
1579,34.4,193.0,297.3,307.9,5475.704004,4.17062725913377,0.15999346725533312,58.28590586392518,2025-09-24 03:36:59.782208,WP PMA 80467,No failure
1375,42.7,58.0,298.9,309.3,5474.816064,36.69009158864943,0.8981628206628844,98.64108579120862,2025-09-24 03:38:59.782208,WP PMA 80271,door close delay
1465,41.6,217.0,300.5,309.6,5331.482289,1.4194278333559398,0.038881466453045604,55.347691467004324,2025-09-24 03:39:36.782208,WP PMA 80271,No failure
1789,25.5,114.0,300.9,311.2,5252.770576,29.099466842190104,1.738325870197019,93.84443719569134,2025-09-24 03:47:55.782208,WP PMA 80271,signal delay
1354,44.4,16.0,296.9,307.5,5423.438736,2.5053338197142705,0.16619490633410805,55.36531143801457,2025-09-24 03:48:59.782208,WP PMA 80271,No failure
1452,41.5,15.0,304.3,313.5,5488.735396,1.5086000499234635,0.04300719684886255,62.83769140640371,2025-09-24 04:18:17.782208,WP PMA 80271,No failure
1485,41.0,181.0,300.9,310.7,5516.627076,4.40224043168838,0.14771684382248723,63.397554311267754,2025-09-24 04:31:25.782208,WP PMA 80466,No failure
1341,49.2,208.0,297.8,309.7,5447.768481,46.183917584260286,1.0201454764390876,92.46166290911955,2025-09-24 04:53:53.782208,WP PMA 80466,signal delay
1462,45.5,171.0,298.2,307.9,5396.224681,2.7768683971777586,0.02614147508879082,64.65936216724887,2025-09-24 04:59:09.782208,WP PMA 80466,No failure
1436,48.2,175.0,300.2,311.8,5247.118969,4.154240359326394,0.08510106613905367,56.55886926099514,2025-09-24 05:26:10.782208,WP PMA 80467,No failure
1948,19.7,66.0,302.0,310.8,5284.563025,42.5210758051029,1.9285960490927083,90.59359876216341,2025-09-24 05:40:22.782208,WP PMA 80271,door open delay
1521,42.3,215.0,299.2,308.9,5356.483344,48.52642714523353,0.5951679291380665,96.63168155565477,2025-09-24 05:53:00.782208,WP PMA 80467,signal delay
1525,42.4,2.0,298.6,309.6,5253.3504,4.976378744305105,0.1312262079834809,55.651156887451656,2025-09-24 06:04:08.782208,WP PMA 80271,No failure
1365,48.2,199.0,301.8,310.8,5307.705316,3.2285995356122137,0.01741840786343213,60.19107587099301,2025-09-24 06:06:21.782208,WP PMA 80271,No failure
1547,32.6,79.0,296.9,307.9,5333.088784,1.0627030575621088,0.11238659796302353,64.34277123442246,2025-09-24 06:32:17.782208,WP PMA 80467,No failure
1610,32.4,194.0,298.4,309.2,5463.722889,4.04348874754381,0.017759095230323756,60.40036281934583,2025-09-24 06:41:27.782208,WP PMA 80466,No failure
1605,37.0,84.0,296.9,307.8,5333.234841,23.86851950907212,0.9415366239424456,83.55504684964758,2025-09-24 06:43:04.782208,WP PMA 80467,door close delay
1721,27.4,79.0,302.6,310.3,5279.766244,1.2650900456094012,0.014909238965847622,64.72216606680729,2025-09-24 06:51:18.782208,WP PMA 80467,No failure
1463,37.5,145.0,300.2,311.4,5489.3281,0.4328409058752143,0.05511403798800154,55.91961605099746,2025-09-24 07:25:08.782208,WP PMA 80466,No failure
1489,38.9,179.0,301.4,310.9,5513.211001,46.01291865485403,1.7532549414630427,85.77953653546403,2025-09-24 07:28:42.782208,WP PMA 80466,door open delay
1363,45.3,196.0,297.0,308.1,5271.776449,3.2642478217594,0.13182421097667438,64.67166411205952,2025-09-24 07:36:43.782208,WP PMA 80271,No failure
1316,51.8,197.0,303.7,312.7,5272.066881,1.135542063196826,0.12837673619606643,63.96840008773665,2025-09-24 07:37:35.782208,WP PMA 80271,No failure
1243,63.0,163.0,298.9,310.3,5255.380036,2.2275168673021466,0.07037183357882841,57.15192375247413,2025-09-24 07:43:25.782208,WP PMA 80467,No failure
1754,26.9,209.0,302.9,312.3,5270.179216,31.064126655309654,0.7271846408765829,96.36983679144254,2025-09-24 07:53:00.782208,WP PMA 80466,signal delay
1521,37.2,131.0,299.6,311.1,5467.715136,46.673454718591316,1.420389399153339,95.87920103880379,2025-09-24 07:56:00.782208,WP PMA 80467,door close delay
1392,52.9,173.0,301.0,310.9,5254.365169,41.6977753684972,0.7231161539905369,99.45713980477058,2025-09-24 08:05:02.782208,WP PMA 80271,signal delay
1370,55.9,143.0,300.5,309.8,5332.942729,30.02756191796996,1.83812244626275,94.53130435072775,2025-09-24 08:35:44.782208,WP PMA 80467,door close delay
1789,25.5,114.0,300.9,311.2,5252.770576,29.099466842190104,1.738325870197019,93.84443719569134,2025-09-24 08:38:48.782208,WP PMA 80271,signal delay
1607,37.7,93.0,301.7,309.9,5458.845456,1.6047950219092437,0.1280701060190187,63.531421227660076,2025-09-24 08:45:55.782208,WP PMA 80271,No failure
1534,39.7,83.0,299.2,310.6,5249.292304,4.092956282971016,0.19608509552892928,62.142336852451585,2025-09-24 08:52:42.782208,WP PMA 80467,No failure
1370,55.9,143.0,300.5,309.8,5332.942729,30.02756191796996,1.83812244626275,94.53130435072775,2025-09-24 09:04:17.782208,WP PMA 80467,door close delay
1659,31.5,44.0,299.5,310.1,5248.712704,3.604026530264106,0.19819199350292901,64.59801677778911,2025-09-24 09:06:04.782208,WP PMA 80271,No failure
1622,37.2,103.0,297.5,308.3,5457.958884,47.56231038168288,0.695912273194448,80.02490348311116,2025-09-24 09:10:01.782208,WP PMA 80467,Random failure
1485,40.5,188.0,300.2,310.1,5503.117489,44.27777270700361,1.00731822680138,85.07467411154907,2025-09-24 09:10:50.782208,WP PMA 80466,door close delay
1432,41.5,51.0,301.9,311.0,5306.539716,4.238405326021235,0.028101445965626838,58.26481118013406,2025-09-24 09:32:24.782208,WP PMA 80466,No failure
1443,40.7,145.0,303.8,312.8,5276.714881,4.745388812457959,0.17642344777847752,59.877138148973756,2025-09-24 09:40:52.782208,WP PMA 80271,No failure
1551,33.8,72.0,298.3,307.9,5363.365225,1.4452553118105567,0.11379272419506346,62.405992399659524,2025-09-24 09:47:30.782208,WP PMA 80467,No failure
1370,55.9,143.0,300.5,309.8,5332.942729,30.02756191796996,1.83812244626275,94.53130435072775,2025-09-24 09:50:48.782208,WP PMA 80271,door close delay
1421,47.4,33.0,298.3,309.1,5301.878596,4.1469307890775795,0.1160059906513999,59.65548995950684,2025-09-24 10:01:47.782208,WP PMA 80271,No failure
1548,36.9,64.0,297.8,308.8,5280.9289,3.379798673938854,0.13321642172754575,63.275396380075016,2025-09-24 10:03:51.782208,WP PMA 80467,No failure
2157,17.8,17.0,302.0,310.7,5282.963856,26.262641810156918,1.6362138319307393,90.81689443895104,2025-09-24 10:08:10.782208,WP PMA 80271,signal delay
1344,49.3,93.0,303.5,311.9,5474.816064,2.812334743936515,0.08114291836353864,57.89237070153552,2025-09-24 10:32:44.782208,WP PMA 80466,No failure
1304,45.0,158.0,298.4,308.6,5465.201329,0.7761361785875579,0.011240208303892042,62.39620080902104,2025-09-24 10:48:11.782208,WP PMA 80271,No failure
1573,37.9,33.0,297.8,307.8,5398.722576,0.8429926267833641,0.17996823534077644,60.70496299269176,2025-09-24 10:56:13.782208,WP PMA 80467,No failure
1423,47.9,114.0,300.5,309.9,5251.031296,4.685323199605159,0.06039888293955214,63.653694542889816,2025-09-24 11:00:13.782208,WP PMA 80271,No failure
1484,39.2,8.0,298.8,308.4,5461.357801,38.09016038139223,0.9003470073560125,93.988876876617,2025-09-24 11:08:35.782208,WP PMA 80466,signal delay
1461,44.2,49.0,301.8,310.7,5310.474129,2.810904512692982,0.05808917717392379,61.64468103080354,2025-09-24 11:20:22.782208,WP PMA 80467,No failure
1559,34.3,126.0,298.9,308.5,5311.202884,2.403419125991287,0.1918621514043823,61.93337095228208,2025-09-24 11:32:35.782208,WP PMA 80271,No failure
1600,32.8,205.0,301.5,310.5,5511.5776,4.401896843519249,0.18634740726670926,63.39850788716528,2025-09-24 11:36:46.782208,WP PMA 80271,No failure
1944,23.4,192.0,298.9,310.1,5408.278681,1.0000515787095912,0.1934354294698313,55.603529617986524,2025-09-24 11:40:47.782208,WP PMA 80467,No failure
1451,53.6,194.0,302.5,310.4,5466.679969,36.78689161924535,0.6298700216043418,95.66295953662588,2025-09-24 11:45:25.782208,WP PMA 80271,Random failure
1416,61.8,209.0,300.7,310.4,5504.304481,21.449680119185427,1.6055801123947226,87.14991297931678,2025-09-24 11:48:37.782208,WP PMA 80271,signal delay
1738,24.0,195.0,297.5,308.9,5329.0,40.63022144617679,0.952472150300518,95.93287998331198,2025-09-24 11:56:05.782208,WP PMA 80467,door close delay
1548,32.2,25.0,300.3,311.5,5244.077056,0.8361074784439063,0.14289443180821942,63.08392185276996,2025-09-24 12:14:53.782208,WP PMA 80466,No failure
1630,29.3,104.0,303.9,313.2,5274.100129,2.155547232711107,0.1555585254883313,61.3847873584626,2025-09-24 12:34:34.782208,WP PMA 80466,No failure
1429,43.6,176.0,301.6,310.7,5312.077456,4.173412639691376,0.11000989476445877,58.44834469041659,2025-09-24 12:38:42.782208,WP PMA 80466,No failure
1411,44.7,94.0,299.0,309.9,5463.131569,1.4764622841749646,0.12362106074923453,60.31750141175799,2025-09-24 12:44:30.782208,WP PMA 80467,No failure
1658,32.3,150.0,302.3,311.6,5434.343524,4.009912784364149,0.16281166380219522,63.761616860197655,2025-09-24 12:51:23.782208,WP PMA 80466,No failure
1588,41.3,0.0,299.6,309.1,5372.157025,26.46854447660091,1.4917981431887635,95.72411595126835,2025-09-24 12:59:19.782208,WP PMA 80467,Random failure
1446,53.0,168.0,297.5,308.7,5266.4049,0.10950579416952796,0.08900614294504788,62.69450854582208,2025-09-24 13:05:36.782208,WP PMA 80466,No failure
1266,55.5,210.0,301.1,311.6,5253.3504,4.641451804283771,0.15972162431642442,61.17870164820358,2025-09-24 13:11:16.782208,WP PMA 80466,No failure
1332,53.9,7.0,296.9,308.0,5332.212484,32.981098147326,0.9389940584593492,90.26690819060457,2025-09-24 13:12:23.782208,WP PMA 80466,signal delay
1414,50.2,51.0,295.9,306.6,5434.343524,27.145965124586027,1.2118314560594747,98.77282882670414,2025-09-24 13:25:09.782208,WP PMA 80271,door close delay
1549,40.8,139.0,298.4,309.3,5471.265024,1.9264602789601102,0.05345403491440553,61.31245241833509,2025-09-24 13:30:10.782208,WP PMA 80466,No failure
1568,33.7,175.0,297.4,309.0,5452.493281,30.817869178878684,1.1978453154513014,94.86165932455624,2025-09-24 13:40:03.782208,WP PMA 80466,door close delay
1500,41.6,187.0,298.9,308.7,5390.790084,0.21242605150474242,0.050570841780845935,59.077237110256725,2025-09-24 13:41:24.782208,WP PMA 80271,No failure
1653,29.7,137.0,296.9,307.8,5421.3769,3.50993408298477,0.12564127205976416,59.25605112773662,2025-09-24 13:50:01.782208,WP PMA 80271,No failure
1635,36.0,23.0,302.0,311.1,5429.331856,3.063184597806342,0.1705893668914479,57.7196535145997,2025-09-24 13:52:39.782208,WP PMA 80466,No failure
1595,35.4,15.0,300.4,311.0,5245.960041,40.671410585650555,1.7663676320787438,91.29257725331573,2025-09-24 13:53:14.782208,WP PMA 80467,door open delay
1910,20.2,41.0,301.1,311.2,5507.569369,2.0680680132820175,0.16228729678000603,64.99303006936495,2025-09-24 13:57:26.782208,WP PMA 80467,No failure
1326,49.7,78.0,299.1,310.6,5487.253776,0.3355184554846895,0.1994505082748321,63.51382981504381,2025-09-24 14:05:13.782208,WP PMA 80271,No failure
1466,49.0,66.0,302.2,311.7,5508.459961,46.56475728244531,1.788039593172544,96.4904334654153,2025-09-24 14:05:49.782208,WP PMA 80466,signal delay
1763,25.7,139.0,297.1,308.3,5347.265625,4.692902218443858,0.1826738658698496,59.904680906386744,2025-09-24 14:12:55.782208,WP PMA 80271,No failure
1451,53.6,194.0,302.5,310.4,5466.679969,36.78689161924535,0.6298700216043418,95.66295953662588,2025-09-24 14:19:11.782208,WP PMA 80466,Random failure
1463,38.2,41.0,300.6,311.9,5489.920836,3.4589978999295385,0.13933309962473456,62.25341983751629,2025-09-24 14:21:35.782208,WP PMA 80466,No failure
1599,36.2,28.0,298.2,308.7,5285.726209,4.066759255924292,0.02196221805333258,58.61305736600194,2025-09-24 14:32:02.782208,WP PMA 80466,No failure
1668,32.3,,298.6,309.9,5484.143025,1.468829670549451,0.18242703122958834,61.47834141938049,2025-09-24 14:35:00.782208,WP PMA 80271,No failure
1326,62.4,173.0,297.6,308.6,5279.620921,4.176074786688783,0.0932199780843332,56.17720636352472,2025-09-24 14:38:29.782208,WP PMA 80466,No failure
1526,37.3,176.0,303.0,311.1,5278.458409,3.63342021775917,0.021007922582747796,62.10456289475677,2025-09-24 14:40:41.782208,WP PMA 80466,No failure
1353,49.8,182.0,299.9,309.2,5413.133476,29.662009234732807,1.229492610046293,92.09581103221204,2025-09-24 14:54:03.782208,WP PMA 80466,drive delay
1372,46.0,86.0,302.3,311.4,5445.554436,0.23759416904315453,0.182742915103209,62.79720932682267,2025-09-24 14:57:15.782208,WP PMA 80466,No failure
1555,38.6,118.0,299.0,310.1,5294.745225,4.923557930130607,0.044856367334225586,63.83750022663985,2025-09-24 15:02:18.782208,WP PMA 80467,No failure
1559,36.0,124.0,302.1,310.5,5452.640964,3.7222704547219667,0.029794268620022386,60.08337327771035,2025-09-24 15:19:02.782208,WP PMA 80466,No failure
1632,31.6,189.0,301.6,310.9,5315.8681,0.5958802200962723,0.08451957963486856,58.23048392769563,2025-09-24 15:26:14.782208,WP PMA 80271,No failure
1543,31.1,96.0,302.4,311.8,5266.840329,1.5185519590507757,0.1253391108053883,64.09603226493893,2025-09-24 15:31:36.782208,WP PMA 80467,No failure
2029,19.9,96.0,298.2,307.8,5393.286721,3.5898776385149236,0.07873881805865429,62.481049420546086,2025-09-24 15:35:20.782208,WP PMA 80466,No failure
1789,25.5,114.0,300.9,311.2,5252.770576,29.099466842190104,1.738325870197019,93.84443719569134,2025-09-24 15:41:17.782208,WP PMA 80466,signal delay
1485,40.5,188.0,300.2,310.1,5503.117489,44.27777270700361,1.00731822680138,85.07467411154907,2025-09-24 15:43:11.782208,WP PMA 80466,door close delay
1713,23.5,50.0,304.2,313.4,5272.647769,2.415079101512773,0.04802885655869345,64.59261403046982,2025-09-24 15:43:12.782208,WP PMA 80271,No failure
1823,24.3,219.0,297.1,308.1,5419.757161,2.625530672403631,0.06294780931365902,56.54516445230092,2025-09-24 15:57:06.782208,WP PMA 80467,No failure
1442,46.5,11.0,299.2,308.5,5381.983044,2.175550071131854,0.03387194690957103,55.97140119568018,2025-09-24 16:00:19.782208,WP PMA 80466,No failure
1416,46.0,128.0,304.0,313.2,5272.2121,44.99963458848886,1.0455234908797713,94.8928400794894,2025-09-24 16:11:13.782208,WP PMA 80271,door close delay
1552,39.9,114.0,299.0,310.3,5249.727025,4.982136216241829,0.1173891409676742,63.20570479360897,2025-09-24 16:27:30.782208,WP PMA 80271,No failure
2157,17.2,94.0,302.6,310.2,5280.638224,1.322091040859151,0.19309023890059,57.31013928998901,2025-09-24 16:33:06.782208,WP PMA 80271,No failure
1309,43.3,68.0,301.8,310.7,5430.068721,22.956864858730775,1.8043351812228186,97.79950059938305,2025-09-24 16:34:06.782208,WP PMA 80466,door open delay
1744,31.5,0.0,299.0,310.2,5296.346176,28.026300229149285,1.337665464463818,86.65910951714694,2025-09-24 16:35:44.782208,WP PMA 80271,Random failure
1501,45.3,175.0,300.6,310.7,5263.792704,4.92135216775134,0.17184768226517638,62.07287016940425,2025-09-24 16:36:37.782208,WP PMA 80467,No failure
1373,39.9,110.0,297.5,308.5,5473.780225,3.199980704126451,0.13745552525789492,61.69953830890264,2025-09-24 16:36:48.782208,WP PMA 80467,No failure
1410,45.8,71.0,298.1,308.1,5382.569956,27.52074409551031,0.5276270527141842,96.37082823466986,2025-09-24 16:49:42.782208,WP PMA 80466,drive delay
1478,38.6,141.0,301.8,310.5,5304.791556,37.28807496496765,1.3246250892014255,81.75641095592287,2025-09-24 16:52:16.782208,WP PMA 80467,door close delay
1817,24.7,125.0,303.4,311.5,5472.004729,3.8354003320638346,0.15055267070270037,56.66414734076328,2025-09-24 16:52:51.782208,WP PMA 80466,No failure
1477,40.4,83.0,299.7,310.9,5488.587225,2.223340992594408,0.09892817987582923,64.7684431138053,2025-09-24 17:02:03.782208,WP PMA 80466,No failure
1416,61.8,209.0,300.7,310.4,5504.304481,21.449680119185427,1.6055801123947226,87.14991297931678,2025-09-24 17:09:31.782208,WP PMA 80466,signal delay
1447,36.8,0.0,300.3,311.7,5243.2081,0.6382948139435666,0.022000251651857674,63.08369905936595,2025-09-24 17:20:39.782208,WP PMA 80467,No failure
1354,46.9,138.0,300.6,312.1,5494.515625,0.7714534186408354,0.02535975381349074,56.07261982753269,2025-09-24 17:21:58.782208,WP PMA 80466,No failure
1906,21.2,110.0,302.4,310.1,5280.492889,27.30105111905368,0.7259684380530005,99.21154813216347,2025-09-24 17:54:29.782208,WP PMA 80467,door close delay
1636,32.7,56.0,295.6,306.3,5430.363481,2.550224009384426,0.10965714717901219,57.277865531486164,2025-09-24 18:00:02.782208,WP PMA 80271,No failure
1775,25.8,91.0,297.4,309.3,5324.766841,3.4782573787215636,0.029907343514622466,58.96397339395382,2025-09-24 18:01:33.782208,WP PMA 80271,No failure
1417,39.2,65.0,298.1,308.9,5402.544004,42.18444491739179,0.8419734264000982,90.26619371204663,2025-09-24 18:16:25.782208,WP PMA 80467,door close delay
1282,60.7,216.0,298.4,308.2,5312.223225,46.054799096900865,0.516679854665987,93.82813388686158,2025-09-24 18:23:47.782208,WP PMA 80467,door open delay
1429,43.3,189.0,303.7,312.6,5272.066881,2.9571259353082535,0.10325684249453908,64.32700241126908,2025-09-24 18:30:38.782208,WP PMA 80466,No failure
1509,42.8,190.0,299.9,309.4,5348.728225,0.6609775417146813,0.016115955736641804,57.945938038642424,2025-09-24 18:33:55.782208,WP PMA 80271,No failure
1440,39.1,188.0,299.2,308.8,5364.830025,28.70156658921013,1.8130553264197087,85.95014107372285,2025-09-24 18:45:39.782208,WP PMA 80271,Random failure
1453,44.0,208.0,301.5,310.6,5256.975025,0.5988072856251015,0.13340363197656913,58.09033778107498,2025-09-24 18:53:07.782208,WP PMA 80467,No failure
1647,31.3,3.0,297.5,308.2,5317.909776,2.6961928750550497,0.12437327920121553,61.34305969095139,2025-09-24 18:55:04.782208,WP PMA 80271,No failure
1578,31.2,139.0,302.4,310.2,5280.492889,3.5423447139552504,0.17461672713427215,63.17709582039998,2025-09-24 18:57:06.782208,WP PMA 80271,No failure
1310,48.8,103.0,301.1,310.6,5254.655121,36.17824182273196,1.4911480180915766,94.86845780453619,2025-09-24 18:58:17.782208,WP PMA 80271,door close delay
1831,26.9,121.0,302.4,311.4,5443.193284,4.308339211707317,0.15045106234932296,58.09440692798355,2025-09-24 19:07:44.782208,WP PMA 80271,No failure
1409,52.5,26.0,301.8,310.3,5451.311889,3.6318978679955407,0.07993851260120267,62.40216325289573,2025-09-24 19:12:06.782208,WP PMA 80271,No failure
1390,43.3,221.0,297.6,309.2,5451.607225,28.963313423812117,1.223664621780105,96.11862697857715,2025-09-24 19:12:56.782208,WP PMA 80467,door close delay
1632,32.2,76.0,295.6,306.2,5338.494225,3.342514164302762,0.018779358739526283,58.162840713175555,2025-09-24 19:27:18.782208,WP PMA 80466,No failure
1436,54.1,90.0,301.4,310.7,5512.320025,48.21507638039077,1.0595772874397975,95.62059277481504,2025-09-24 19:36:03.782208,WP PMA 80467,signal delay
1595,32.1,183.0,299.8,309.3,5348.728225,3.399310723813798,0.037686501074197125,63.719757706246085,2025-09-24 19:40:13.782208,WP PMA 80466,No failure
1445,36.4,105.0,301.0,312.3,5241.76,1.4700119505840297,0.01798942094374352,59.355983117317436,2025-09-24 19:40:37.782208,WP PMA 80467,No failure
1541,38.5,98.0,296.5,307.6,5343.902404,2.5641179676830883,0.19558288726388845,61.529679194720316,2025-09-24 19:42:29.782208,WP PMA 80466,No failure
1392,46.4,174.0,297.4,308.7,5479.404529,49.82094774461507,1.7275260349496973,82.29807714007318,2025-09-24 19:49:20.782208,WP PMA 80466,signal delay
1609,33.2,156.0,299.2,310.2,5295.036289,0.9776546003944476,0.11853427899351103,59.605847496610046,2025-09-24 19:52:29.782208,WP PMA 80271,No failure
1496,36.4,126.0,297.4,308.5,5263.067209,2.7339866105743598,0.18645680729647804,63.97816393955502,2025-09-24 19:52:53.782208,WP PMA 80466,No failure
1693,28.0,188.0,297.2,308.3,5477.036049,1.4513534743035414,0.08678104862828286,58.861859080366536,2025-09-24 19:54:47.782208,WP PMA 80467,No failure
1542,35.7,38.0,302.7,310.4,5464.314241,4.008912757421995,0.08066618333982115,60.30796911027905,2025-09-24 19:57:10.782208,WP PMA 80271,No failure
1310,48.8,103.0,301.1,310.6,5254.655121,36.17824182273196,1.4911480180915766,94.86845780453619,2025-09-24 19:58:42.782208,WP PMA 80467,door close delay
1410,45.8,71.0,298.1,308.1,5382.569956,27.52074409551031,0.5276270527141842,96.37082823466986,2025-09-24 20:00:58.782208,WP PMA 80271,drive delay
1600,42.1,190.0,297.4,308.5,5456.185956,39.53285650511512,1.1928274910068417,93.8165756167538,2025-09-24 20:01:00.782208,WP PMA 80466,signal delay
1330,51.2,56.0,299.2,308.4,5382.569956,3.261212233842216,0.023400362603863703,59.72957599844676,2025-09-24 20:06:03.782208,WP PMA 80466,No failure
1387,57.6,50.0,298.6,309.6,5464.462084,31.02007056378983,1.924982620112702,85.77319677094144,2025-09-24 20:24:32.782208,WP PMA 80466,signal delay
1292,52.5,62.0,296.5,307.4,5422.555044,0.2760249821079696,0.026417883835676982,64.69929462741864,2025-09-24 20:30:27.782208,WP PMA 80466,No failure
1363,45.5,28.0,298.7,310.2,5351.361409,4.964686838900146,0.042984018127074475,56.8954991401716,2025-09-24 20:32:57.782208,WP PMA 80271,No failure
1534,33.2,75.0,298.3,308.2,5462.096836,38.38206123061534,1.8642989668196104,93.6352359612934,2025-09-24 20:35:18.782208,WP PMA 80467,door close delay
1684,29.3,167.0,303.8,312.6,5478.9604,45.95904206895359,1.5958608150105298,83.515013763323,2025-09-24 20:45:47.782208,WP PMA 80467,door close delay
1505,35.9,95.0,300.6,310.0,5258.425225,2.154090040594533,0.07913155019794388,63.794235490237256,2025-09-24 21:02:12.782208,WP PMA 80466,No failure
1424,42.5,58.0,295.6,306.2,5430.2161,0.1677620077446923,0.18434233911954784,62.662323815782905,2025-09-24 21:09:27.782208,WP PMA 80466,No failure
1464,49.1,171.0,303.9,313.4,5271.195609,49.98468948636307,0.7407190196670943,80.1908078185052,2025-09-24 21:13:47.782208,WP PMA 80467,door open delay
1959,22.3,157.0,303.5,311.7,5472.448576,29.43254792505012,0.8841722655722568,98.0943208432986,2025-09-24 21:14:25.782208,WP PMA 80271,signal delay
1695,26.7,28.0,300.5,310.5,5249.582116,31.321847723618333,0.611570596074849,91.54170591118405,2025-09-24 21:29:33.782208,WP PMA 80467,drive delay
1665,29.6,20.0,298.1,308.5,5469.637849,37.238730558246914,1.0025553265776534,99.00835330996256,2025-09-24 21:35:13.782208,WP PMA 80466,Random failure
1588,41.3,0.0,299.6,309.1,5372.157025,26.46854447660091,1.4917981431887635,95.72411595126835,2025-09-24 22:10:20.782208,WP PMA 80467,Random failure
1532,40.7,178.0,301.3,310.7,5316.159744,1.7047889009725468,0.17525961070477872,62.25702653406365,2025-09-24 22:13:02.782208,WP PMA 80466,No failure
1852,22.6,77.0,299.5,309.1,5376.995584,3.5323889118138263,0.08264569163365788,63.54163433326801,2025-09-24 22:35:13.782208,WP PMA 80466,No failure
1504,41.8,165.0,298.9,308.7,5357.215249,3.3657894393835437,0.04469207309536641,63.16919227812162,2025-09-24 22:37:26.782208,WP PMA 80466,No failure
1600,32.8,205.0,301.5,310.5,5257.120036,32.84282188032643,0.9163814461292255,84.44969552431002,2025-09-24 22:39:33.782208,WP PMA 80271,signal delay
1434,48.4,153.0,299.2,310.6,5250.161764,33.302811077665524,1.0459826892569164,83.39765345421797,2025-09-24 23:13:01.782208,WP PMA 80466,drive delay
1584,35.2,74.0,303.5,312.3,5275.1169,1.9333370500210012,0.19352710731808195,56.57547171685798,2025-09-24 23:41:29.782208,WP PMA 80466,No failure
1590,29.8,17.0,304.3,313.5,5488.883569,2.7991681945796976,0.19602106154128127,61.229252441151274,2025-09-24 23:46:35.782208,WP PMA 80467,No failure
1461,48.0,68.0,298.0,308.5,5286.307849,2.149823960093381,0.19988986055457325,64.32649344079312,2025-09-25 00:07:26.782208,WP PMA 80271,No failure
1431,39.3,22.0,300.7,310.7,5263.357401,45.30621408858687,1.6214025308819116,97.16558546598277,2025-09-25 00:24:54.782208,WP PMA 80466,door open delay
1296,58.2,204.0,300.7,310.8,5519.895616,27.436796098274527,0.7212085399904014,97.85767216446325,2025-09-25 00:38:17.782208,WP PMA 80271,door open delay
1369,49.8,66.0,301.9,311.2,5511.429121,4.722416729411996,0.046438321732808825,55.92908759487923,2025-09-25 00:44:56.782208,WP PMA 80467,No failure
1436,54.1,90.0,301.4,310.7,5512.320025,48.21507638039077,1.0595772874397975,95.62059277481504,2025-09-25 00:48:16.782208,WP PMA 80271,signal delay
1474,39.2,177.0,296.9,308.3,5331.336256,1.299061979543041,0.15079484054973666,57.39535246156457,2025-09-25 01:04:54.782208,WP PMA 80271,No failure
1413,43.5,83.0,302.2,311.5,5433.311521,46.06769449253791,1.9129662103062164,91.80974319114351,2025-09-25 01:24:39.782208,WP PMA 80271,door open delay
1243,74.5,194.0,298.8,310.1,5412.397761,4.287130966341684,0.13392402541461587,55.0959092113728,2025-09-25 01:25:32.782208,WP PMA 80466,No failure
1526,36.9,20.0,298.3,309.0,5472.004729,0.9555761372609989,0.088840331162826,55.51157322576519,2025-09-25 01:32:26.782208,WP PMA 80271,No failure
1426,40.1,60.0,299.1,308.3,5359.264849,2.863446028894343,0.1799805930544743,57.34887108431258,2025-09-25 01:49:18.782208,WP PMA 80271,No failure
1489,40.6,89.0,298.2,309.0,5259.875625,26.47058142682505,1.4778885915777045,89.33932847526452,2025-09-25 01:56:06.782208,WP PMA 80466,door open delay
1331,47.8,99.0,296.4,307.5,5425.648281,1.286794146403622,0.1524813873069238,58.76213750548174,2025-09-25 02:01:27.782208,WP PMA 80466,No failure
1484,53.2,158.0,300.0,311.3,5493.329689,4.91746881900791,0.03475636777411954,61.54682986125567,2025-09-25 02:10:30.782208,WP PMA 80271,No failure
1620,34.1,89.0,299.2,308.4,5386.385664,45.8446025594114,0.5034314840442716,96.88632719093115,2025-09-25 02:18:20.782208,WP PMA 80271,door open delay
1550,43.9,79.0,299.1,310.4,5291.544049,4.136481267504462,0.17003713876273696,57.58668623951818,2025-09-25 02:24:25.782208,WP PMA 80467,No failure
1321,53.4,166.0,299.7,309.6,5375.235856,4.150654666103829,0.06958434760232776,59.35837015722153,2025-09-25 02:30:44.782208,WP PMA 80466,No failure
1906,21.2,110.0,302.4,310.1,5280.492889,27.30105111905368,0.7259684380530005,99.21154813216347,2025-09-25 02:36:40.782208,WP PMA 80271,door close delay
1374,53.6,136.0,303.8,312.7,5481.477369,1.0147173041375648,0.12168662586517731,62.586702115181076,2025-09-25 02:56:05.782208,WP PMA 80271,No failure
1866,23.1,159.0,302.1,311.5,5300.568025,2.192331394821076,0.01842441170090224,57.17105993709135,2025-09-25 03:15:51.782208,WP PMA 80466,No failure
1526,38.2,47.0,302.3,311.5,5445.111681,20.770653830747378,1.30602776858319,86.60692999486108,2025-09-25 03:20:27.782208,WP PMA 80466,signal delay
1671,28.8,108.0,296.6,307.6,5425.500964,4.665016739365416,0.05434300295120728,57.59497077713185,2025-09-25 03:27:20.782208,WP PMA 80467,No failure
1293,53.7,189.0,299.3,309.1,5352.531921,2.8798575829859123,0.18387116632183592,63.56236637331075,2025-09-25 03:40:24.782208,WP PMA 80466,No failure
1417,52.5,171.0,301.9,311.1,5428.447684,3.9808112573861902,0.044229000658781326,61.206767525451,2025-09-25 03:44:37.782208,WP PMA 80271,No failure
1635,35.2,47.0,298.8,308.7,5392.111761,4.148214252181937,0.15420654451513405,55.35735897271674,2025-09-25 03:52:39.782208,WP PMA 80467,No failure
1744,31.5,0.0,299.0,310.2,5296.346176,28.026300229149285,1.337665464463818,86.65910951714694,2025-09-25 03:57:49.782208,WP PMA 80466,Random failure
1585,31.3,147.0,298.8,310.1,5255.235049,4.3831339027081775,0.18704824501030276,60.23597487328861,2025-09-25 04:00:09.782208,WP PMA 80466,No failure
1406,42.2,40.0,300.2,309.1,5322.723849,2.9920301031238434,0.04365329294675038,57.78446666545864,2025-09-25 04:00:20.782208,WP PMA 80467,No failure
1606,33.6,67.0,298.3,308.5,5466.827844,44.7178826205094,1.1768198578144409,82.56248054352427,2025-09-25 04:00:24.782208,WP PMA 80466,drive delay
1429,41.6,184.0,300.3,311.9,5489.179921,4.556586996476406,0.0507306603313044,55.46523210022847,2025-09-25 04:12:52.782208,WP PMA 80467,No failure
1750,25.0,156.0,298.9,310.1,5350.044736,0.16685547724648694,0.07134822459993953,64.45308566903627,2025-09-25 04:13:21.782208,WP PMA 80271,No failure
1732,26.9,45.0,300.8,311.4,5253.060484,2.5902710571580196,0.14515605857380198,55.35394542494415,2025-09-25 04:27:30.782208,WP PMA 80466,No failure
1523,43.3,60.0,301.8,310.7,5310.182641,29.49868042780217,1.669398076973442,90.49945716483931,2025-09-25 04:31:55.782208,WP PMA 80466,signal delay
1581,47.4,51.0,298.1,308.7,5470.525369,49.33111180790905,0.5420956171257758,97.1445135404005,2025-09-25 05:07:07.782208,WP PMA 80467,door close delay
1393,40.6,45.0,297.9,308.9,5473.0404,3.7048348393388855,0.149156737544807,57.042409333711575,2025-09-25 05:12:25.782208,WP PMA 80466,No failure
1623,33.4,74.0,297.5,309.3,5450.130625,35.32667695115313,1.498253405644066,95.89964159155058,2025-09-25 05:25:06.782208,WP PMA 80271,door close delay
1417,39.2,65.0,298.1,308.9,5402.544004,42.18444491739179,0.8419734264000982,90.26619371204663,2025-09-25 05:34:52.782208,WP PMA 80467,door close delay
2211,15.4,203.0,302.4,311.0,5283.109225,2.7182443705401664,0.05591690877894472,64.34372711342553,2025-09-25 05:45:02.782208,WP PMA 80467,No failure
1340,61.3,207.0,297.2,308.1,5475.704004,2.0036106199175223,0.03814227426098555,55.696721803551476,2025-09-25 05:58:00.782208,WP PMA 80271,No failure
1570,35.8,160.0,297.7,309.7,5448.654225,0.605306679549037,0.09016940175414331,60.165355931100216,2025-09-25 05:59:58.782208,WP PMA 80271,No failure
1390,49.3,215.0,299.3,308.7,5384.917924,0.5344238934420535,0.08175707421760213,59.059544126819894,2025-09-25 06:18:51.782208,WP PMA 80466,No failure
1704,29.4,221.0,300.2,310.3,5249.727025,3.0535742811977022,0.1120775776984366,62.33417096838067,2025-09-25 06:38:53.782208,WP PMA 80467,No failure
1364,55.6,163.0,297.2,308.5,5347.558129,36.461385699506096,1.9983719108979061,90.26570522546112,2025-09-25 06:39:25.782208,WP PMA 80467,door open delay
1456,44.0,142.0,303.0,311.2,5468.898304,1.1962677198436982,0.11919590883392758,61.13373645515596,2025-09-25 06:40:32.782208,WP PMA 80467,No failure
1467,37.7,73.0,302.9,311.2,5468.010916,0.3420239026865166,0.15659509480431022,60.25807058058545,2025-09-25 07:18:34.782208,WP PMA 80271,No failure
1436,54.1,90.0,301.4,310.7,5512.320025,48.21507638039077,1.0595772874397975,95.62059277481504,2025-09-25 07:41:50.782208,WP PMA 80467,signal delay
1769,26.5,63.0,300.7,311.2,5506.233616,4.754577088060655,0.05958672105742238,63.064730575275014,2025-09-25 07:46:32.782208,WP PMA 80271,No failure
1295,56.6,39.0,301.2,310.1,5420.198884,2.9542615615575776,0.0921743883756614,59.91818025507501,2025-09-25 07:56:35.782208,WP PMA 80466,No failure
1503,48.6,72.0,301.3,310.5,5318.347329,3.256010475669045,0.1945898132100907,55.20567401704263,2025-09-25 07:57:34.782208,WP PMA 80467,No failure
1412,44.4,24.0,299.1,310.1,5465.792761,4.993572078096104,0.07450383267538693,59.32480739303513,2025-09-25 07:57:38.782208,WP PMA 80466,No failure
1436,47.5,32.0,298.7,310.2,5411.220721,1.8330408628658048,0.10733410308865246,64.31479383663827,2025-09-25 08:01:46.782208,WP PMA 80466,No failure
1348,57.4,66.0,297.4,308.1,5272.792996,1.9226723341221392,0.10066845870475627,56.40557196931097,2025-09-25 08:05:21.782208,WP PMA 80467,No failure
1649,33.8,133.0,299.6,311.1,5467.715136,0.21606807082956075,0.13180013060511708,58.02543822461939,2025-09-25 08:28:32.782208,WP PMA 80271,No failure
1359,51.7,146.0,300.9,312.1,5490.661801,4.077375820985556,0.0569305648047046,63.30425722874133,2025-09-25 08:32:03.782208,WP PMA 80467,No failure
1416,58.7,156.0,303.8,312.8,5272.2121,33.788869839697,1.2694095011541886,98.03901176263835,2025-09-25 08:33:09.782208,WP PMA 80271,door open delay
1352,52.0,69.0,301.2,310.6,5512.468516,2.6999523473302887,0.1613414797204959,62.673595880110376,2025-09-25 08:36:26.782208,WP PMA 80271,No failure
1392,52.9,173.0,301.0,310.9,5254.365169,41.6977753684972,0.7231161539905369,99.45713980477058,2025-09-25 08:53:06.782208,WP PMA 80271,signal delay
1495,36.3,193.0,301.4,311.1,5513.359504,2.7137349039884437,0.07658057232375517,55.79144352088133,2025-09-25 08:54:20.782208,WP PMA 80466,No failure
1452,42.9,29.0,300.5,310.5,5505.194809,1.7654578406986101,0.01040636763754395,62.402740753550525,2025-09-25 09:01:55.782208,WP PMA 80466,No failure
1468,48.0,9.0,299.6,310.2,5500.447225,2.2536909385444357,0.07671881658543764,64.24888207523068,2025-09-25 09:06:59.782208,WP PMA 80467,No failure
1641,33.2,3.0,301.9,310.9,5429.184489,4.732830098166014,0.011506092150646229,58.207313215096626,2025-09-25 09:21:18.782208,WP PMA 80467,No failure
1534,33.7,47.0,298.1,310.0,5446.44,36.52876351172468,0.8635648460473964,87.49703042419631,2025-09-25 09:39:31.782208,WP PMA 80466,door close delay
1416,46.0,128.0,304.0,313.2,5272.2121,44.99963458848886,1.0455234908797713,94.8928400794894,2025-09-25 09:39:54.782208,WP PMA 80271,door close delay
1479,34.2,147.0,301.5,310.5,5256.395001,2.4071001677722084,0.18339645177318772,56.76596563177779,2025-09-25 09:44:05.782208,WP PMA 80466,No failure
1341,49.2,208.0,297.8,309.7,5447.768481,46.183917584260286,1.0201454764390876,92.46166290911955,2025-09-25 10:02:50.782208,WP PMA 80466,signal delay
1751,27.9,183.0,300.8,309.7,5335.864209,4.029403431097779,0.0512652127595473,61.620159364494725,2025-09-25 10:10:43.782208,WP PMA 80467,No failure
1814,21.4,59.0,300.7,310.8,5263.212304,4.947176489181851,0.16574144928296808,58.49628631767146,2025-09-25 10:11:17.782208,WP PMA 80466,No failure
1772,27.3,69.0,300.7,310.8,5505.046416,1.0854522575847907,0.11714885481340881,56.75231940630292,2025-09-25 10:12:03.782208,WP PMA 80467,No failure
1392,46.4,174.0,297.4,308.7,5479.404529,49.82094774461507,1.7275260349496973,82.29807714007318,2025-09-25 10:12:57.782208,WP PMA 80467,signal delay
1475,47.9,79.0,302.4,311.0,5282.673124,37.29116374458573,1.6642971181662811,88.8607658808726,2025-09-25 10:22:36.782208,WP PMA 80467,Random failure
1730,27.5,209.0,300.5,311.9,5246.974096,0.9099603718860658,0.13222311947458745,64.43537803458764,2025-09-25 10:30:07.782208,WP PMA 80467,No failure
1614,34.1,129.0,302.3,311.3,5285.726209,2.8277714557345415,0.022879012048530344,62.31568129577985,2025-09-25 10:45:32.782208,WP PMA 80466,No failure
1478,38.6,141.0,301.8,310.5,5304.791556,37.28807496496765,1.3246250892014255,81.75641095592287,2025-09-25 10:48:54.782208,WP PMA 80467,door close delay
1694,27.4,44.0,300.1,309.4,5414.163561,1.318916501854664,0.1034465477218538,62.98847120636417,2025-09-25 10:53:58.782208,WP PMA 80271,No failure
1563,32.8,51.0,298.1,309.9,5446.44,23.249154431791236,1.3895731218270553,92.09673056674498,2025-09-25 10:54:25.782208,WP PMA 80467,door close delay
2151,17.7,0.0,297.4,308.4,5455.742769,0.11336390336345874,0.07862320122579497,55.45086042785244,2025-09-25 11:02:19.782208,WP PMA 80467,No failure
1366,49.7,74.0,299.2,308.5,5386.238881,45.32958564048296,1.215939721799948,82.21845222297605,2025-09-25 11:10:16.782208,WP PMA 80467,signal delay
1390,43.3,221.0,297.6,309.2,5451.607225,28.963313423812117,1.223664621780105,96.11862697857715,2025-09-25 11:14:07.782208,WP PMA 80467,door close delay
1579,33.4,50.0,296.7,307.9,5438.177536,29.652550279830812,1.5245415270414138,90.68371500473029,2025-09-25 11:22:22.782208,WP PMA 80466,signal delay
1680,29.3,158.0,304.1,313.3,5485.031721,4.606963601129541,0.020546890645935047,55.244007384944844,2025-09-25 11:27:51.782208,WP PMA 80466,No failure
1485,40.5,188.0,300.2,310.1,5503.117489,44.27777270700361,1.00731822680138,85.07467411154907,2025-09-25 11:33:00.782208,WP PMA 80271,door close delay
1534,33.2,75.0,298.3,308.2,5462.096836,38.38206123061534,1.8642989668196104,93.6352359612934,2025-09-25 11:40:06.782208,WP PMA 80466,door close delay
1744,31.5,0.0,299.0,310.2,5296.346176,28.026300229149285,1.337665464463818,86.65910951714694,2025-09-25 11:50:40.782208,WP PMA 80467,Random failure
1600,32.8,205.0,301.5,310.5,5257.120036,32.84282188032643,0.9163814461292255,84.44969552431002,2025-09-25 12:03:52.782208,WP PMA 80467,signal delay
1537,33.5,146.0,301.7,311.0,5255.380036,4.281991047784551,0.020634013807355328,58.50164653670785,2025-09-25 12:04:17.782208,WP PMA 80467,No failure
1355,51.4,76.0,297.0,308.1,5418.284881,21.531168293332144,1.2389006808121412,85.78997715095218,2025-09-25 12:07:31.782208,WP PMA 80467,Random failure
1513,38.0,38.0,300.9,311.9,5491.254609,45.398608991025895,1.6628507955465734,97.30340726359175,2025-09-25 12:29:49.782208,WP PMA 80271,door open delay
1661,34.2,109.0,296.7,307.4,5476.148001,39.530100823585144,1.8141870939694895,80.63461521403563,2025-09-25 12:38:13.782208,WP PMA 80466,door open delay
1514,35.7,100.0,296.9,307.6,5273.373924,3.582815809821026,0.020231308690181873,55.946921348805,2025-09-25 12:45:25.782208,WP PMA 80466,No failure
1521,37.2,131.0,299.6,311.1,5467.715136,46.673454718591316,1.420389399153339,95.87920103880379,2025-09-25 12:45:25.782208,WP PMA 80271,door close delay
1464,49.1,171.0,303.9,313.4,5494.070884,0.1459637348965663,0.16109241077810388,60.63468951385651,2025-09-25 12:52:34.782208,WP PMA 80467,No failure
1416,40.4,214.0,300.7,310.7,5263.647601,3.3929717004429554,0.04817368846311945,57.30698687252181,2025-09-25 12:57:51.782208,WP PMA 80466,No failure
1442,40.9,23.0,304.2,313.0,5273.6644,1.3369621328042385,0.1957616956479561,61.69559429035121,2025-09-25 13:11:07.782208,WP PMA 80271,No failure
1724,28.1,133.0,301.0,309.6,5418.579321,4.3955450206715065,0.08548341863477738,61.92120837995323,2025-09-25 13:11:31.782208,WP PMA 80271,No failure
1570,37.3,37.0,299.2,310.4,5293.581049,2.3046319142255953,0.02760308336045341,59.13556352961579,2025-09-25 13:19:38.782208,WP PMA 80467,No failure
1376,59.9,74.0,297.6,308.7,5454.265609,1.4606147070981197,0.09780860925438929,57.89037480243247,2025-09-25 13:42:56.782208,WP PMA 80467,No failure
1401,44.4,76.0,298.9,310.1,5294.163121,4.620068457934229,0.019841315080976044,62.301800291961854,2025-09-25 13:55:29.782208,WP PMA 80466,No failure
1723,26.6,168.0,298.2,309.0,5356.044225,4.331526394422028,0.12937576197099165,60.25213794066958,2025-09-25 14:03:19.782208,WP PMA 80466,No failure
1370,55.9,143.0,300.5,309.8,5332.942729,30.02756191796996,1.83812244626275,94.53130435072775,2025-09-25 14:25:38.782208,WP PMA 80466,door close delay
1804,25.1,108.0,298.2,307.8,5305.228569,4.481337941745019,0.0970225280880166,56.247236650014635,2025-09-25 14:30:20.782208,WP PMA 80466,No failure
1665,32.0,7.0,298.1,307.9,5370.251524,2.8832533535490135,0.10967402021378932,63.127505101194366,2025-09-25 14:37:37.782208,WP PMA 80466,No failure
1423,49.5,200.0,298.7,309.1,5462.540281,44.33656037912953,1.588388563096027,90.18336290840858,2025-09-25 14:38:06.782208,WP PMA 80271,door open delay
1597,37.2,16.0,295.5,306.0,5431.100416,27.77411025179005,1.0458909826573568,84.61157931227865,2025-09-25 14:59:09.782208,WP PMA 80466,door open delay
1496,38.8,27.0,300.0,309.6,5515.141696,0.17843878465461774,0.1367167048456296,58.30334398819189,2025-09-25 15:03:26.782208,WP PMA 80466,No failure
1465,44.1,136.0,300.8,310.6,5254.510144,2.181605437989099,0.14093246182128075,60.86486915823901,2025-09-25 15:06:09.782208,WP PMA 80271,No failure
1673,28.9,171.0,300.4,311.2,5496.887881,1.8601959514367568,0.11539504877397457,60.437833638441006,2025-09-25 15:07:09.782208,WP PMA 80466,No failure
1489,43.5,98.0,301.4,310.5,5317.763929,4.365306516537389,0.09237706987203383,58.455060624230896,2025-09-25 15:18:55.782208,WP PMA 80467,No failure
1749,28.1,179.0,299.4,310.5,5466.384225,4.292710920570269,0.1452350938077014,55.97639745657723,2025-09-25 15:23:49.782208,WP PMA 80271,No failure
1744,31.5,0.0,299.0,310.2,5296.346176,28.026300229149285,1.337665464463818,86.65910951714694,2025-09-25 15:29:42.782208,WP PMA 80467,Random failure
1392,50.5,51.0,302.4,311.3,5290.671169,4.007683114383387,0.1968419433242518,57.13099132914439,2025-09-25 15:42:44.782208,WP PMA 80271,No failure
1906,21.2,110.0,302.4,310.1,5280.492889,27.30105111905368,0.7259684380530005,99.21154813216347,2025-09-25 15:46:39.782208,WP PMA 80466,door close delay
1460,53.6,74.0,301.0,310.6,5251.176225,3.168533527740046,0.17443405463114658,58.26302957766695,2025-09-25 15:59:40.782208,WP PMA 80467,No failure
1497,38.4,28.0,302.1,311.3,5435.670529,26.28941107100395,1.7209206689441916,99.77365236649493,2025-09-25 16:05:50.782208,WP PMA 80271,door close delay
1467,39.6,,298.4,309.1,5402.25,21.422795318204866,0.5162020865393773,91.32636453399321,2025-09-25 16:07:34.782208,WP PMA 80466,door open delay
1514,38.6,19.0,297.7,307.3,5387.413201,4.838241205566449,0.17383202895579378,58.875363987408896,2025-09-25 16:07:43.782208,WP PMA 80467,No failure
1449,44.5,152.0,302.3,311.7,5434.343524,29.801293682800324,1.9537263165480647,89.17307701084255,2025-09-25 16:13:42.782208,WP PMA 80466,door close delay
1959,22.3,157.0,303.5,311.7,5472.448576,29.43254792505012,0.8841722655722568,98.0943208432986,2025-09-25 16:22:33.782208,WP PMA 80271,signal delay
1378,53.1,212.0,302.0,310.9,5429.037124,2.3669239067621324,0.09043578371630692,60.35890173771245,2025-09-25 16:41:23.782208,WP PMA 80467,No failure
1482,39.0,47.0,300.8,310.5,5503.859344,3.039169417682167,0.06799270760361834,60.973439568957836,2025-09-25 16:51:55.782208,WP PMA 80467,No failure
1877,23.9,4.0,299.2,308.4,5385.211456,3.831822062463667,0.11044859606746972,63.80757891153533,2025-09-25 16:54:57.782208,WP PMA 80271,No failure
1567,34.6,71.0,297.6,308.3,5318.7849,4.584575884400817,0.06185528655996154,60.10070933200861,2025-09-25 17:17:57.782208,WP PMA 80466,No failure
1632,32.7,0.0,298.3,309.1,5463.575056,1.184207519571675,0.06918858000520163,63.624273353461604,2025-09-25 17:38:10.782208,WP PMA 80271,No failure
1406,50.2,119.0,300.5,310.0,5503.562596,2.8894124397785217,0.016130559673758354,64.5785681287234,2025-09-25 17:45:42.782208,WP PMA 80467,No failure
1370,55.9,143.0,300.5,309.8,5332.942729,30.02756191796996,1.83812244626275,94.53130435072775,2025-09-25 17:48:11.782208,WP PMA 80271,door close delay
1363,49.2,149.0,298.5,308.0,5392.405489,3.862312759175383,0.11495688372302733,61.382902765436505,2025-09-25 18:12:01.782208,WP PMA 80271,No failure
1575,37.4,98.0,297.0,307.6,5476.296004,0.34403987975085537,0.07333095442905674,61.29385755745712,2025-09-25 18:12:39.782208,WP PMA 80466,No failure
1381,44.9,88.0,299.4,309.0,5377.142241,1.64020166503685,0.046709582121517566,63.23569196589929,2025-09-25 18:18:16.782208,WP PMA 80467,No failure
1751,29.6,160.0,298.8,309.7,5485.624225,3.863747151014972,0.08768036109596487,60.7113175685609,2025-09-25 18:40:53.782208,WP PMA 80271,No failure
1451,40.6,0.0,301.5,310.9,5255.090064,3.781305219052457,0.1546665534555059,61.835605446615546,2025-09-25 19:23:42.782208,WP PMA 80466,No failure
1478,39.0,153.0,300.5,312.0,5494.515625,1.7383325033492387,0.06793868208216315,55.06242274143794,2025-09-25 19:33:44.782208,WP PMA 80466,No failure
1693,31.6,65.0,299.1,308.4,5389.0281,2.8814246383519784,0.0401833701128528,57.15363030846421,2025-09-25 19:44:02.782208,WP PMA 80467,No failure
1402,47.0,23.0,303.5,312.7,5495.108641,4.4555201008026994,0.17257545066759203,56.78315344775188,2025-09-25 19:53:55.782208,WP PMA 80466,No failure
1374,48.3,154.0,299.5,310.8,5467.715136,1.9857566077321898,0.07453128042399736,61.610657093127756,2025-09-25 20:15:14.782208,WP PMA 80271,No failure
1690,30.7,244.0,299.0,310.2,5465.940624,4.183333143153847,0.1895689263393581,56.82861065619296,2025-09-25 20:20:15.782208,WP PMA 80467,No failure
1410,40.6,99.0,300.6,309.4,5337.471364,1.6367089692480046,0.015228941472542088,62.53282468166602,2025-09-25 20:21:58.782208,WP PMA 80271,No failure
1368,63.7,92.0,301.4,310.7,5512.320025,3.011373222791399,0.14983758091613494,59.54649546807803,2025-09-25 20:26:47.782208,WP PMA 80467,No failure
1286,51.1,177.0,296.3,307.2,5428.005625,23.4303106810246,1.4262639106760326,88.00815197335469,2025-09-25 20:54:46.782208,WP PMA 80466,door open delay
1400,44.3,47.0,301.3,310.3,5420.346129,2.955494547929363,0.028134956406712423,63.16371207169478,2025-09-25 20:56:56.782208,WP PMA 80467,No failure
1341,49.2,208.0,297.8,309.7,5326.226361,4.435884169330937,0.07894980888010551,62.489027103361835,2025-09-25 20:57:02.782208,WP PMA 80467,No failure
1288,49.5,91.0,297.7,308.4,5286.598681,2.271748180077073,0.06026568003822429,64.92762636670174,2025-09-25 21:15:52.782208,WP PMA 80467,No failure
1531,37.9,203.0,303.4,311.9,5476.296004,3.6796082534341696,0.1347253031306786,61.79098523523023,2025-09-25 21:16:27.782208,WP PMA 80466,No failure
1298,57.5,57.0,302.5,311.9,5505.046416,48.88448593685028,1.744296866483037,88.80251842704857,2025-09-25 21:24:55.782208,WP PMA 80467,door close delay
1393,45.7,99.0,298.7,309.7,5485.920489,22.951023860642238,1.950191784586998,84.35485044656178,2025-09-25 21:44:25.782208,WP PMA 80271,door close delay
1767,27.4,11.0,302.0,310.8,5447.9161,4.3899305235314054,0.11917319144188439,64.83445108496095,2025-09-25 21:44:50.782208,WP PMA 80271,No failure
1663,30.4,209.0,298.8,310.2,5350.776201,4.214862218236547,0.10820902469921367,61.91900325924985,2025-09-25 22:07:11.782208,WP PMA 80467,No failure
1661,38.2,82.0,298.1,309.0,5482.513936,35.00952125655859,1.783869388811883,99.12664194372854,2025-09-25 22:29:03.782208,WP PMA 80466,door open delay
1346,52.0,193.0,300.7,310.8,5519.747025,1.534901643954395,0.1115871429855917,55.27840469357974,2025-09-25 22:30:50.782208,WP PMA 80466,No failure
1466,49.0,66.0,302.2,311.7,5508.459961,46.56475728244531,1.788039593172544,96.4904334654153,2025-09-25 22:40:14.782208,WP PMA 80467,signal delay
1526,35.3,46.0,300.2,309.4,5330.4601,21.583542943926396,0.7296964552860199,87.23862919341,2025-09-25 22:42:26.782208,WP PMA 80467,signal delay
1393,55.9,79.0,298.0,309.0,5281.074241,38.304028882010535,1.803235441130456,87.01367158265482,2025-09-25 22:48:22.782208,WP PMA 80467,door open delay
1533,36.8,198.0,297.8,309.8,5326.0804,3.5425607057005717,0.19315074886898997,63.50206466368502,2025-09-25 22:49:53.782208,WP PMA 80271,No failure
1372,55.1,9.0,302.2,311.4,5267.130625,3.3814818168678933,0.1975377856841222,64.83035029388952,2025-09-25 22:53:17.782208,WP PMA 80467,No failure
1593,33.3,95.0,298.6,309.6,5484.735481,4.789043693423675,0.09190275622671179,57.77581645273784,2025-09-25 22:56:57.782208,WP PMA 80466,No failure
1361,47.6,106.0,303.0,311.2,5278.749025,1.431480297774568,0.034914393232668595,60.70878593563537,2025-09-25 22:57:14.782208,WP PMA 80271,No failure
1597,37.2,16.0,295.5,306.0,5431.100416,27.77411025179005,1.0458909826573568,84.61157931227865,2025-09-25 23:17:40.782208,WP PMA 80466,door open delay
1357,50.1,125.0,298.4,309.5,5254.945081,4.617397080369895,0.18216014849242315,58.33578916775274,2025-09-25 23:20:19.782208,WP PMA 80271,No failure
1869,22.9,18.0,301.6,310.0,5281.946329,1.622546981859681,0.04007783324977114,60.453272581215764,2025-09-25 23:25:01.782208,WP PMA 80271,No failure
1629,32.1,55.0,300.0,311.3,5246.829225,27.554756501884274,1.2394743242853634,86.1081681006253,2025-09-25 23:34:23.782208,WP PMA 80467,door close delay
1469,44.1,150.0,297.3,308.8,5268.727396,4.508505949804335,0.050274899024866704,59.6376112905162,2025-09-25 23:36:53.782208,WP PMA 80467,No failure
1330,51.2,56.0,299.2,308.4,5367.467169,2.5917473416043255,0.1041196391084274,63.740902823586936,2025-09-25 23:36:58.782208,WP PMA 80467,No failure
1493,41.2,43.0,297.4,308.3,5454.856449,1.3620701141619356,0.1248689119388505,64.18767070922239,2025-09-25 23:44:18.782208,WP PMA 80271,No failure
1526,35.3,46.0,300.2,309.4,5330.4601,21.583542943926396,0.7296964552860199,87.23862919341,2025-09-25 23:50:40.782208,WP PMA 80466,signal delay
1359,57.2,67.0,302.6,310.4,5279.766244,4.676877445862033,0.07514371353207631,63.74857488857256,2025-09-25 23:54:29.782208,WP PMA 80467,No failure
1335,51.7,69.0,295.8,306.4,5433.901225,1.2759609481015735,0.09809224093884493,55.13753440367764,2025-09-25 23:58:19.782208,WP PMA 80467,No failure
1894,21.9,188.0,300.9,310.5,5264.518249,1.143572377859431,0.03485347345332027,63.33667105975492,2025-09-26 00:02:46.782208,WP PMA 80466,No failure
1544,41.9,184.0,300.4,310.1,5514.250564,4.535834583538833,0.02872134940897983,56.90126786347119,2025-09-26 00:15:53.782208,WP PMA 80467,No failure
1496,37.9,194.0,298.4,308.9,5470.969156,2.0562119616048475,0.19689811182546157,64.8057918119102,2025-09-26 00:16:07.782208,WP PMA 80466,No failure
1725,30.4,195.0,300.4,309.8,5515.438756,4.85627667453231,0.055708364148650845,59.10579255748151,2025-09-26 00:37:55.782208,WP PMA 80466,No failure
1466,42.5,183.0,303.7,312.6,5491.106404,2.297802391694182,0.1858821128801729,62.36013875363801,2025-09-26 00:41:02.782208,WP PMA 80467,No failure
1425,47.8,179.0,300.0,311.1,5248.133136,31.892833073046287,0.9683666427343691,94.56991747011459,2025-09-26 00:45:55.782208,WP PMA 80466,signal delay
1577,48.3,78.0,301.3,310.4,5318.201476,1.9547290453358819,0.07531304557498565,63.38027752792965,2025-09-26 01:09:30.782208,WP PMA 80271,No failure
1473,39.9,184.0,298.4,308.3,5311.931689,2.473354284333135,0.04491029173491988,58.3259328149626,2025-09-26 01:25:53.782208,WP PMA 80271,No failure
1421,49.8,165.0,300.7,309.6,5406.955024,3.7750875275355193,0.06689464280349436,64.31754813033533,2025-09-26 01:27:10.782208,WP PMA 80466,No failure
1506,47.0,208.0,298.0,308.7,5403.867121,0.3702235795919483,0.01904590847023155,57.301702976581495,2025-09-26 01:38:55.782208,WP PMA 80271,No failure
1529,38.5,77.0,298.8,310.0,5251.9009,4.716176256973334,0.06640808836151496,63.72793136064124,2025-09-26 01:53:47.782208,WP PMA 80467,No failure
1356,54.0,6.0,298.6,309.7,5407.543296,1.3582404449445584,0.05348612407878322,55.76987429412341,2025-09-26 01:54:10.782208,WP PMA 80466,No failure
1588,41.3,0.0,299.6,309.1,5372.157025,26.46854447660091,1.4917981431887635,95.72411595126835,2025-09-26 01:54:30.782208,WP PMA 80271,Random failure
1522,38.0,33.0,297.4,308.6,5418.873769,43.959348730009694,1.0402470399825932,82.86441012075419,2025-09-26 02:05:42.782208,WP PMA 80466,door close delay
1547,40.9,107.0,295.9,306.7,5338.932624,1.4816053074419342,0.19852882268782915,61.97410362160383,2025-09-26 02:11:28.782208,WP PMA 80271,No failure
1524,49.3,176.0,297.3,308.5,5477.184064,2.8477662912210064,0.17279368691635041,55.42073114659337,2025-09-26 02:12:55.782208,WP PMA 80467,No failure
1680,27.2,110.0,299.1,308.9,5374.3561,0.7417542228336276,0.03467022908499466,56.72864505757225,2025-09-26 02:17:36.782208,WP PMA 80271,No failure
1364,55.6,163.0,297.2,308.5,5347.558129,36.461385699506096,1.9983719108979061,90.26570522546112,2025-09-26 02:28:44.782208,WP PMA 80271,door open delay
1364,55.6,163.0,297.2,308.5,5347.558129,36.461385699506096,1.9983719108979061,90.26570522546112,2025-09-26 02:41:50.782208,WP PMA 80271,door open delay
1393,55.9,79.0,298.0,309.0,5281.074241,38.304028882010535,1.803235441130456,87.01367158265482,2025-09-26 02:42:02.782208,WP PMA 80271,door open delay
1709,28.1,81.0,298.2,308.9,5471.5609,4.988450143021149,0.14372109207966796,61.146593943464836,2025-09-26 02:43:39.782208,WP PMA 80271,No failure
1413,54.1,113.0,298.1,307.8,5305.374244,1.5434911857191447,0.14739291833792334,60.00996871266848,2025-09-26 02:46:06.782208,WP PMA 80466,No failure
1737,26.2,97.0,295.7,306.5,5338.786489,4.9871828826802265,0.18518354454922217,60.301118351306044,2025-09-26 02:56:00.782208,WP PMA 80271,No failure
1523,40.9,141.0,299.3,310.8,5467.715136,32.60338432946594,1.4731501023736493,97.8371124133434,2025-09-26 02:58:52.782208,WP PMA 80466,door open delay
1804,25.1,118.0,298.1,308.9,5284.126864,39.21335321839662,1.9275975390562305,80.33006919824466,2025-09-26 03:17:36.782208,WP PMA 80271,door open delay
2174,18.5,95.0,300.6,312.2,5492.2921,0.33722007041498425,0.1995861878923932,59.989241813392034,2025-09-26 03:23:59.782208,WP PMA 80467,No failure
1393,45.7,99.0,298.7,309.7,5485.920489,22.951023860642238,1.950191784586998,84.35485044656178,2025-09-26 03:36:08.782208,WP PMA 80467,door close delay
1506,37.0,54.0,297.3,308.3,5481.329296,4.277111513553888,0.034341736572021504,63.15852208780478,2025-09-26 03:42:17.782208,WP PMA 80467,No failure
1442,41.1,89.0,301.7,310.7,5511.132169,3.653307379074809,0.15945623391055258,58.63784271978461,2025-09-26 03:46:45.782208,WP PMA 80466,No failure
1416,58.7,156.0,303.8,312.8,5272.2121,33.788869839697,1.2694095011541886,98.03901176263835,2025-09-26 04:03:11.782208,WP PMA 80271,door open delay
1521,36.5,40.0,299.1,308.3,5382.423225,1.831044005774517,0.14051820175486004,58.014138987154716,2025-09-26 04:11:19.782208,WP PMA 80467,No failure
1684,29.3,167.0,303.8,312.6,5478.9604,45.95904206895359,1.5958608150105298,83.515013763323,2025-09-26 04:11:42.782208,WP PMA 80466,door close delay
1431,39.3,22.0,300.7,310.7,5263.357401,45.30621408858687,1.6214025308819116,97.16558546598277,2025-09-26 04:15:07.782208,WP PMA 80467,door open delay
1537,40.8,169.0,298.1,307.7,5372.450209,2.0858105255339323,0.06899019545183331,56.48549080406088,2025-09-26 04:34:51.782208,WP PMA 80466,No failure
1642,33.1,126.0,301.9,311.0,5309.016769,4.055081128806093,0.1862334604764317,64.47731400921887,2025-09-26 04:40:12.782208,WP PMA 80271,No failure
1511,44.5,30.0,300.5,311.9,5243.063281,3.530076640826992,0.08931505903338077,59.359010296967824,2025-09-26 04:49:27.782208,WP PMA 80271,No failure
1449,44.5,152.0,302.3,311.7,5434.343524,29.801293682800324,1.9537263165480647,89.17307701084255,2025-09-26 04:55:36.782208,WP PMA 80271,door close delay
1580,37.0,181.0,300.5,310.0,5259.875625,3.7094711294697333,0.161940991279525,63.17099582077336,2025-09-26 04:58:45.782208,WP PMA 80466,No failure
1526,38.2,47.0,302.3,311.5,5445.111681,20.770653830747378,1.30602776858319,86.60692999486108,2025-09-26 05:02:07.782208,WP PMA 80467,signal delay
1479,42.1,58.0,297.7,309.1,5329.730025,3.8987321005531865,0.09222064202698553,59.18234503941106,2025-09-26 05:03:18.782208,WP PMA 80467,No failure
1600,42.1,190.0,297.4,308.5,5456.185956,39.53285650511512,1.1928274910068417,93.8165756167538,2025-09-26 05:17:31.782208,WP PMA 80466,signal delay
1506,36.0,150.0,297.3,308.1,5474.668081,4.592588048938404,0.07563957730318986,61.28315288641621,2025-09-26 05:36:30.782208,WP PMA 80467,No failure
1543,37.5,33.0,302.7,312.1,5268.872569,1.8387726225080783,0.1797654138954518,62.6724721821055,2025-09-26 05:36:44.782208,WP PMA 80467,No failure
1553,40.9,49.0,298.1,310.0,5446.44,39.88486834584302,0.8926006580844067,94.3083083829584,2025-09-26 06:07:43.782208,WP PMA 80467,door close delay
1400,40.8,118.0,299.6,310.8,5246.829225,4.5540319054494605,0.03948251937129491,57.084349798623364,2025-09-26 06:29:41.782208,WP PMA 80467,No failure
1348,53.7,68.0,297.4,308.1,5476.444009,33.10520166867137,0.9345701870889231,84.5290198629316,2025-09-26 06:32:44.782208,WP PMA 80467,signal delay
1902,21.6,60.0,303.5,313.0,5492.440321,2.173276949971108,0.017599307470942547,61.9607957896586,2025-09-26 06:35:30.782208,WP PMA 80466,No failure
1648,29.6,157.0,302.0,310.3,5284.272249,45.846751847405464,1.916727041356644,80.06354773317213,2025-09-26 06:45:18.782208,WP PMA 80271,drive delay
1804,25.1,118.0,298.1,308.9,5284.126864,39.21335321839662,1.9275975390562305,80.33006919824466,2025-09-26 07:17:56.782208,WP PMA 80466,door open delay
1486,38.9,106.0,300.7,310.9,5518.558369,27.887507757506174,1.9882297442715522,90.94967991009187,2025-09-26 07:18:13.782208,WP PMA 80466,door close delay
2384,14.4,171.0,297.6,308.6,5279.620921,3.1399471843147855,0.14601782320492768,64.6255054025264,2025-09-26 07:26:13.782208,WP PMA 80271,No failure
1686,28.9,59.0,301.7,310.2,5281.800976,41.80940364666146,1.806523433807369,93.02853967611605,2025-09-26 07:27:18.782208,WP PMA 80271,door open delay
1431,45.4,90.0,300.0,309.1,5411.956356,1.2218232623677894,0.11353627577395296,55.0364810026939,2025-09-26 07:31:41.782208,WP PMA 80466,No failure
1782,26.5,6.0,301.4,310.8,5509.053729,2.404306501649368,0.05769518284902836,63.43020903205985,2025-09-26 07:48:25.782208,WP PMA 80271,No failure
1462,43.4,68.0,302.8,312.5,5269.598464,1.577601637018716,0.05826270071585246,62.75008046716147,2025-09-26 08:10:53.782208,WP PMA 80466,No failure
1665,28.9,17.0,297.3,308.4,5320.973025,3.221088388414291,0.03359529041471639,58.083708543770825,2025-09-26 08:33:03.782208,WP PMA 80466,No failure
1417,39.2,65.0,298.1,308.9,5402.544004,42.18444491739179,0.8419734264000982,90.26619371204663,2025-09-26 08:36:45.782208,WP PMA 80466,door close delay
1341,49.2,208.0,297.8,309.7,5447.768481,46.183917584260286,1.0201454764390876,92.46166290911955,2025-09-26 08:39:09.782208,WP PMA 80466,signal delay
1615,35.7,56.0,303.4,312.2,5275.262161,3.6432892609539276,0.19810668472082082,60.831241454074444,2025-09-26 08:54:03.782208,WP PMA 80467,No failure
1375,42.7,58.0,298.9,309.3,5474.816064,36.69009158864943,0.8981628206628844,98.64108579120862,2025-09-26 08:54:14.782208,WP PMA 80466,door close delay
1680,33.7,185.0,298.1,308.3,5464.462084,40.53621110002542,1.861302562403293,99.0882319471089,2025-09-26 08:56:26.782208,WP PMA 80271,signal delay
1600,36.0,204.0,300.9,310.0,5512.914001,1.2080018806175687,0.05077076220655816,56.180780510816376,2025-09-26 09:01:04.782208,WP PMA 80466,No failure
1642,28.3,88.0,302.4,310.2,5464.905625,1.0931200985707654,0.02099517589587744,59.58697380293786,2025-09-26 09:15:05.782208,WP PMA 80467,No failure
1605,37.0,84.0,296.9,307.8,5333.234841,23.86851950907212,0.9415366239424456,83.55504684964758,2025-09-26 09:19:00.782208,WP PMA 80271,door close delay
1574,38.7,30.0,302.5,312.2,5268.001561,45.14604826414569,0.6896049610735586,92.43308617994987,2025-09-26 09:19:28.782208,WP PMA 80466,signal delay
1290,65.3,63.0,301.6,310.8,5423.880609,0.36213777868566377,0.09677510923483933,64.52219887034278,2025-09-26 09:26:52.782208,WP PMA 80466,No failure
1434,48.4,153.0,299.2,310.6,5250.161764,33.302811077665524,1.0459826892569164,83.39765345421797,2025-09-26 09:32:40.782208,WP PMA 80467,drive delay
1410,45.8,71.0,298.1,308.1,5382.569956,27.52074409551031,0.5276270527141842,96.37082823466986,2025-09-26 09:40:16.782208,WP PMA 80466,drive delay
1686,28.9,59.0,301.7,310.2,5281.800976,41.80940364666146,1.806523433807369,93.02853967611605,2025-09-26 09:40:55.782208,WP PMA 80467,door open delay
1486,44.2,196.0,298.3,308.4,5359.118436,2.1084320457692716,0.09459568776645798,59.06490820927737,2025-09-26 09:52:56.782208,WP PMA 80466,No failure
1337,54.8,32.0,299.9,311.4,5247.698481,4.369246318399074,0.09016642314729932,62.940736164548824,2025-09-26 10:15:07.782208,WP PMA 80466,No failure
1948,19.7,66.0,302.0,310.8,5284.563025,42.5210758051029,1.9285960490927083,90.59359876216341,2025-09-26 10:22:43.782208,WP PMA 80271,door open delay
1591,32.0,79.0,300.0,311.5,5498.667409,0.27356031155288096,0.15594525845822627,64.77432014373824,2025-09-26 10:28:04.782208,WP PMA 80271,No failure
1323,51.1,130.0,297.4,308.7,5479.700625,42.30312527421579,0.671909255936029,90.0225145439153,2025-09-26 10:36:39.782208,WP PMA 80466,signal delay
1374,50.2,154.0,300.8,312.0,5241.615201,3.362804843342187,0.19323654464002846,57.822699152947386,2025-09-26 10:37:10.782208,WP PMA 80467,No failure
1906,21.2,110.0,302.4,310.1,5280.492889,27.30105111905368,0.7259684380530005,99.21154813216347,2025-09-26 10:46:43.782208,WP PMA 80467,door close delay
1444,45.5,76.0,295.8,306.3,5335.864209,2.514617718387266,0.02550976097217824,61.60335011913869,2025-09-26 10:46:43.782208,WP PMA 80467,No failure
1423,49.5,200.0,298.7,309.1,5462.540281,44.33656037912953,1.588388563096027,90.18336290840858,2025-09-26 10:53:35.782208,WP PMA 80466,door open delay
1482,38.3,39.0,297.6,308.6,5277.877201,4.810439715997648,0.021438954966970014,56.424608863070915,2025-09-26 11:09:59.782208,WP PMA 80467,No failure
1605,37.0,84.0,296.9,307.8,5333.234841,23.86851950907212,0.9415366239424456,83.55504684964758,2025-09-26 11:21:59.782208,WP PMA 80467,door close delay
1425,40.6,123.0,299.3,309.0,5377.582224,3.0101367588787324,0.09913746517300592,63.944719856395906,2025-09-26 11:44:08.782208,WP PMA 80271,No failure
1583,35.7,116.0,298.8,310.2,5352.3856,37.92661578444592,0.6317103864251624,92.65824473217468,2025-09-26 11:44:44.782208,WP PMA 80467,door open delay
1573,34.6,14.0,303.8,312.9,5482.958209,0.692291487153289,0.01569591952647438,57.53356851955367,2025-09-26 11:46:09.782208,WP PMA 80466,No failure
1781,28.5,196.0,302.6,312.0,5501.040561,3.6000382408921086,0.14424883600141575,61.392339729812875,2025-09-26 11:51:23.782208,WP PMA 80466,No failure
1581,47.4,51.0,298.1,308.7,5470.525369,49.33111180790905,0.5420956171257758,97.1445135404005,2025-09-26 11:54:06.782208,WP PMA 80466,door close delay
1353,49.8,182.0,299.9,309.2,5413.133476,29.662009234732807,1.229492610046293,92.09581103221204,2025-09-26 12:06:04.782208,WP PMA 80467,drive delay
1513,38.0,38.0,300.9,311.9,5491.254609,45.398608991025895,1.6628507955465734,97.30340726359175,2025-09-26 12:08:25.782208,WP PMA 80271,door open delay
1485,40.5,188.0,300.2,310.1,5503.117489,44.27777270700361,1.00731822680138,85.07467411154907,2025-09-26 12:13:43.782208,WP PMA 80271,door close delay
1434,42.5,175.0,304.2,313.4,5487.994561,29.469631294351835,1.4768985738303422,80.94332617051371,2025-09-26 12:38:21.782208,WP PMA 80467,door open delay
1378,52.3,12.0,298.3,309.4,5482.958209,0.6296531503063101,0.041512988103953125,62.17505379638633,2025-09-26 12:52:39.782208,WP PMA 80466,No failure
1451,45.3,183.0,301.4,310.5,5511.874564,32.175175006445365,1.5074271932726768,89.3904760538535,2025-09-26 13:01:44.782208,WP PMA 80467,Random failure
1508,36.3,69.0,298.8,309.8,5465.497041,2.7720693287299487,0.14380763271281893,64.97961463294246,2025-09-26 13:11:28.782208,WP PMA 80467,No failure
1618,30.3,125.0,299.7,311.1,5488.290889,40.60410458568789,0.9727397823334152,91.90296894800397,2025-09-26 13:14:17.782208,WP PMA 80271,door close delay
1648,29.6,157.0,302.0,310.3,5284.272249,45.846751847405464,1.916727041356644,80.06354773317213,2025-09-26 13:23:06.782208,WP PMA 80466,drive delay
1289,51.5,185.0,299.3,308.7,5372.89,3.429076718385655,0.02103215746166065,55.08324343732761,2025-09-26 13:35:02.782208,WP PMA 80466,No failure
1695,26.7,28.0,300.5,310.5,5249.582116,31.321847723618333,0.611570596074849,91.54170591118405,2025-09-26 13:39:58.782208,WP PMA 80271,drive delay
1866,23.1,159.0,302.1,311.5,5434.490961,1.7969099135792748,0.022030470478073542,60.06765902117663,2025-09-26 13:42:10.782208,WP PMA 80466,No failure
1734,32.4,161.0,299.0,308.6,5390.4964,36.16471629499442,0.9531873013492951,95.43673005245326,2025-09-26 13:50:43.782208,WP PMA 80466,Random failure
1436,54.1,90.0,301.4,310.7,5512.320025,48.21507638039077,1.0595772874397975,95.62059277481504,2025-09-26 14:01:59.782208,WP PMA 80466,signal delay
1648,28.4,188.0,299.3,308.8,5378.462244,1.6069257460092103,0.04071940402777363,56.675340023185896,2025-09-26 14:06:03.782208,WP PMA 80466,No failure
1341,49.2,208.0,297.8,309.7,5447.768481,46.183917584260286,1.0201454764390876,92.46166290911955,2025-09-26 14:06:59.782208,WP PMA 80467,signal delay
1611,36.4,32.0,299.2,310.4,5290.962121,3.6101135831661453,0.08555144313133108,59.69635244248588,2025-09-26 14:18:35.782208,WP PMA 80466,No failure
1377,56.0,61.0,304.0,313.0,5273.519161,3.4637162743678442,0.05247989633998411,58.23171961890283,2025-09-26 14:19:57.782208,WP PMA 80271,No failure
1582,45.0,11.0,298.8,309.7,5485.327969,1.5233826306286165,0.1274947251443393,63.667613745061026,2025-09-26 14:22:54.782208,WP PMA 80271,No failure
1355,51.4,76.0,297.0,308.1,5418.284881,21.531168293332144,1.2389006808121412,85.78997715095218,2025-09-26 14:23:44.782208,WP PMA 80467,Random failure
1734,32.4,161.0,299.0,308.6,5390.4964,36.16471629499442,0.9531873013492951,95.43673005245326,2025-09-26 14:25:52.782208,WP PMA 80467,Random failure
1410,52.7,161.0,301.3,311.0,5516.329984,2.1050720451946563,0.07313172902453817,55.9892509628826,2025-09-26 14:34:13.782208,WP PMA 80466,No failure
1563,35.6,190.0,302.5,311.0,5283.109225,38.74104099685708,1.2347836818112328,99.83039726960615,2025-09-26 14:36:57.782208,WP PMA 80466,door open delay
1498,41.0,176.0,297.7,309.7,5448.358969,0.17347565436536244,0.16965827886823842,59.374459706813155,2025-09-26 14:37:27.782208,WP PMA 80467,No failure
1488,41.9,196.0,297.8,308.5,5460.175449,45.36625728238058,0.586463643662795,88.59180885604579,2025-09-26 14:40:09.782208,WP PMA 80466,Random failure
1310,48.8,103.0,301.1,310.6,5254.655121,36.17824182273196,1.4911480180915766,94.86845780453619,2025-09-26 14:44:09.782208,WP PMA 80467,door close delay
1512,44.9,86.0,301.0,310.4,5260.310784,39.36836299538538,1.6935308256837749,96.5270926355088,2025-09-26 14:47:41.782208,WP PMA 80466,door open delay
1650,34.6,142.0,297.5,309.4,5325.350625,3.385447874091242,0.14654026404012016,62.16282348208939,2025-09-26 14:57:37.782208,WP PMA 80271,No failure
1794,27.2,114.0,298.9,310.0,5466.679969,1.778836945240065,0.06936885052218308,57.18887885349279,2025-09-26 15:03:40.782208,WP PMA 80466,No failure
1561,38.3,0.0,297.4,308.3,5261.616369,2.8632697036630455,0.1669406220299796,59.06078155338057,2025-09-26 15:10:21.782208,WP PMA 80467,No failure
1618,34.7,39.0,298.2,308.1,5312.806321,3.787243661035092,0.18054800816971522,58.954532258687685,2025-09-26 15:12:12.782208,WP PMA 80467,No failure
1475,47.9,79.0,302.4,311.0,5282.673124,37.29116374458573,1.6642971181662811,88.8607658808726,2025-09-26 15:14:46.782208,WP PMA 80467,Random failure
1538,38.4,65.0,301.3,310.4,5318.347329,4.427932367139429,0.13513649525231644,58.96062715933922,2025-09-26 15:19:23.782208,WP PMA 80467,No failure
1484,41.0,213.0,300.6,310.3,5251.611024,0.11136751962423924,0.10579598897943701,61.63739549727076,2025-09-26 15:33:53.782208,WP PMA 80271,No failure
1730,30.2,41.0,298.6,309.5,5259.1504,1.8322479485824372,0.04335653841590067,60.205418318083446,2025-09-26 16:03:08.782208,WP PMA 80467,No failure
1623,33.4,74.0,297.5,309.3,5450.130625,35.32667695115313,1.498253405644066,95.89964159155058,2025-09-26 16:03:19.782208,WP PMA 80271,door close delay
1348,58.2,163.0,298.9,310.0,5298.3841,1.8575395216506407,0.029629552784270922,59.23992234997859,2025-09-26 16:07:21.782208,WP PMA 80467,No failure
1384,43.7,200.0,298.1,307.8,5362.047076,4.257587275538057,0.01895947141251187,59.73089899805269,2025-09-26 16:08:50.782208,WP PMA 80271,No failure
1523,34.7,181.0,301.7,310.5,5431.69,21.90800351979119,1.6851328885107058,85.86132528801342,2025-09-26 16:20:26.782208,WP PMA 80466,door open delay
1574,38.7,30.0,302.5,312.2,5268.001561,45.14604826414569,0.6896049610735586,92.43308617994987,2025-09-26 16:31:17.782208,WP PMA 80466,signal delay
1298,57.5,57.0,302.5,311.9,5505.046416,48.88448593685028,1.744296866483037,88.80251842704857,2025-09-26 16:31:27.782208,WP PMA 80271,door close delay
1309,43.3,68.0,301.8,310.7,5430.068721,22.956864858730775,1.8043351812228186,97.79950059938305,2025-09-26 16:36:26.782208,WP PMA 80466,door open delay
1410,45.8,71.0,298.1,308.1,5382.569956,27.52074409551031,0.5276270527141842,96.37082823466986,2025-09-26 16:38:35.782208,WP PMA 80271,drive delay
1515,44.9,69.0,300.3,311.6,5243.497744,3.165278918040915,0.0709248331150462,55.54725760926613,2025-09-26 16:51:41.782208,WP PMA 80466,No failure
1395,44.0,92.0,298.4,308.1,5305.082896,0.5193439029069206,0.021019696860021912,61.5334977996456,2025-09-26 16:52:00.782208,WP PMA 80271,No failure
2370,14.7,198.0,302.5,311.8,5507.272521,4.79201283237501,0.15442202178745434,60.966744006390456,2025-09-26 16:59:47.782208,WP PMA 80466,No failure
1417,52.5,171.0,301.9,311.1,5308.288164,2.6876903521165927,0.14908837441290743,55.055269624178244,2025-09-26 17:12:25.782208,WP PMA 80467,No failure
2216,16.8,139.0,298.2,308.3,5358.386401,1.3770033487167417,0.03677262996221682,61.511673699126675,2025-09-26 17:39:11.782208,WP PMA 80467,No failure
1323,51.1,130.0,297.4,308.7,5479.700625,42.30312527421579,0.671909255936029,90.0225145439153,2025-09-26 17:41:55.782208,WP PMA 80467,signal delay
1309,43.3,68.0,301.8,310.7,5430.068721,22.956864858730775,1.8043351812228186,97.79950059938305,2025-09-26 17:48:23.782208,WP PMA 80271,door open delay
1615,29.0,235.0,302.0,310.8,5447.620864,4.527328687493746,0.09675783323419876,59.44465999776618,2025-09-26 17:57:16.782208,WP PMA 80466,No failure
1300,62.7,36.0,301.7,310.9,5510.0929,4.967271273894746,0.0448358594080209,56.558751170620816,2025-09-26 18:12:08.782208,WP PMA 80466,No failure
1192,68.9,135.0,301.8,310.6,5304.937225,4.054544105663367,0.052524563547735395,60.78168580280909,2025-09-26 18:13:37.782208,WP PMA 80466,No failure
1475,47.9,79.0,302.4,311.0,5282.673124,37.29116374458573,1.6642971181662811,88.8607658808726,2025-09-26 18:25:06.782208,WP PMA 80271,Random failure
1432,45.4,137.0,299.4,309.1,5377.728889,0.8276115644371939,0.1280087400945505,55.038047100512976,2025-09-26 18:29:07.782208,WP PMA 80467,No failure
2157,17.8,17.0,302.0,310.7,5282.963856,26.262641810156918,1.6362138319307393,90.81689443895104,2025-09-26 18:37:06.782208,WP PMA 80466,signal delay
1526,35.3,46.0,300.2,309.4,5330.4601,21.583542943926396,0.7296964552860199,87.23862919341,2025-09-26 18:43:06.782208,WP PMA 80271,signal delay
1442,49.0,165.0,299.3,308.8,5373.329809,1.8640754925280707,0.17257634911996683,55.91126975250034,2025-09-26 18:46:31.782208,WP PMA 80466,No failure
1355,51.4,76.0,297.0,308.1,5418.284881,21.531168293332144,1.2389006808121412,85.78997715095218,2025-09-26 19:06:23.782208,WP PMA 80271,Random failure
1795,27.7,117.0,300.5,309.5,5409.014116,4.932876398926186,0.19108952079627067,56.571690176734855,2025-09-26 19:09:14.782208,WP PMA 80271,No failure
1523,34.7,181.0,301.7,310.5,5431.69,21.90800351979119,1.6851328885107058,85.86132528801342,2025-09-26 19:09:30.782208,WP PMA 80467,door open delay
1451,53.6,194.0,302.5,310.4,5466.679969,36.78689161924535,0.6298700216043418,95.66295953662588,2025-09-26 19:19:18.782208,WP PMA 80271,Random failure
1672,32.4,113.0,296.7,307.8,5344.048609,0.11018072004444879,0.10874699770558797,63.71653712139134,2025-09-26 19:24:28.782208,WP PMA 80467,No failure
1584,32.2,17.0,301.4,310.7,5423.144164,0.6781159492477216,0.15781177002597258,60.21023567850892,2025-09-26 19:36:26.782208,WP PMA 80466,No failure
1528,46.3,203.0,296.7,308.1,5331.628324,27.188963976400803,1.6875662775840243,86.29292509365149,2025-09-26 19:36:30.782208,WP PMA 80271,signal delay
1536,40.4,217.0,296.8,308.0,5439.652516,2.5350920324108412,0.09932425276009177,61.557462080655775,2025-09-26 19:43:39.782208,WP PMA 80467,No failure
1439,49.9,17.0,298.6,310.1,5483.994916,3.3230477383248047,0.07778375729481024,60.17636638527934,2025-09-26 19:47:08.782208,WP PMA 80467,No failure
1364,55.6,163.0,297.2,308.5,5347.558129,36.461385699506096,1.9983719108979061,90.26570522546112,2025-09-26 19:53:20.782208,WP PMA 80466,door open delay
1343,44.5,15.0,296.9,308.0,5438.915001,0.5332284245187116,0.14146829892695348,59.82690076621621,2025-09-26 19:57:47.782208,WP PMA 80467,No failure
1489,40.6,89.0,298.2,309.0,5259.875625,26.47058142682505,1.4778885915777045,89.33932847526452,2025-09-26 19:58:08.782208,WP PMA 80271,door open delay
1357,44.2,142.0,302.2,311.6,5503.414225,1.5143632558784725,0.17556004486332488,61.821822846398604,2025-09-26 20:01:59.782208,WP PMA 80466,No failure
1391,48.9,139.0,299.4,310.8,5467.715136,2.5808587676812706,0.14199545703553976,63.17928178037815,2025-09-26 20:04:25.782208,WP PMA 80467,No failure
1464,49.1,171.0,303.9,313.4,5271.195609,49.98468948636307,0.7407190196670943,80.1908078185052,2025-09-26 20:04:53.782208,WP PMA 80466,door open delay
1364,50.0,205.0,302.1,311.0,5447.325636,1.782733936395303,0.04750026792603515,55.10329565797574,2025-09-26 20:12:27.782208,WP PMA 80271,No failure
1709,27.0,151.0,301.2,309.8,5320.827136,2.36285990807756,0.1708759677246256,57.502394820498665,2025-09-26 20:12:43.782208,WP PMA 80466,No failure
1510,47.8,27.0,301.7,311.0,5255.815009,2.705305361060133,0.01667098580716174,55.43786825158181,2025-09-26 20:22:44.782208,WP PMA 80271,No failure
1629,32.1,55.0,300.0,311.3,5246.829225,27.554756501884274,1.2394743242853634,86.1081681006253,2025-09-26 20:24:33.782208,WP PMA 80466,door close delay
1534,37.5,39.0,299.4,309.3,5351.361409,1.1260634034729988,0.05618704327481007,64.39305023105891,2025-09-26 20:28:58.782208,WP PMA 80467,No failure
1353,49.8,182.0,299.9,309.2,5413.133476,29.662009234732807,1.229492610046293,92.09581103221204,2025-09-26 20:36:51.782208,WP PMA 80271,drive delay
1475,47.2,69.0,297.4,308.5,5267.711241,4.760921514022272,0.13151345367825742,59.972816458765486,2025-09-26 20:37:26.782208,WP PMA 80271,No failure
1423,40.2,63.0,300.9,312.1,5491.254609,26.487242862943063,0.6574029788516131,82.48730646898161,2025-09-26 20:49:34.782208,WP PMA 80467,door open delay
1389,45.8,123.0,304.0,313.4,5487.253776,4.066208291792289,0.1966179550505449,60.982460399674025,2025-09-26 20:56:15.782208,WP PMA 80466,No failure
1368,45.1,185.0,296.6,307.4,5435.670529,3.6425154265523334,0.17864111161570165,57.13329062209633,2025-09-26 20:58:59.782208,WP PMA 80271,No failure
1890,24.0,173.0,298.8,309.6,5468.750401,3.9413108300267647,0.07744979681424559,58.51997587209844,2025-09-26 21:16:11.782208,WP PMA 80466,No failure
1653,33.3,207.0,297.2,308.5,5416.076836,0.7456046513311246,0.029011665582033143,64.07895924231215,2025-09-26 21:20:29.782208,WP PMA 80467,No failure
1600,32.8,205.0,301.5,310.5,5257.120036,32.84282188032643,0.9163814461292255,84.44969552431002,2025-09-26 21:28:12.782208,WP PMA 80271,signal delay
1522,38.0,33.0,297.4,308.6,5418.873769,43.959348730009694,1.0402470399825932,82.86441012075419,2025-09-26 21:33:50.782208,WP PMA 80466,door close delay
1422,49.7,139.0,298.6,309.7,5255.090064,4.739011224800272,0.19429924661015147,64.29723052154304,2025-09-26 21:35:24.782208,WP PMA 80466,No failure
1334,48.0,42.0,298.6,310.0,5410.926481,44.6921753251622,1.7757381645190178,97.48377633205858,2025-09-26 21:56:44.782208,WP PMA 80271,door open delay
1540,44.4,119.0,303.9,313.2,5487.253776,0.3206027338789281,0.15426668439398167,58.011843029543606,2025-09-26 22:07:57.782208,WP PMA 80271,No failure
1574,38.7,30.0,302.5,312.2,5268.001561,45.14604826414569,0.6896049610735586,92.43308617994987,2025-09-26 22:16:08.782208,WP PMA 80467,signal delay
1314,58.2,114.0,300.1,309.0,5329.292004,2.366718368320466,0.10441088477757396,57.494244579356874,2025-09-26 22:23:23.782208,WP PMA 80271,No failure
1449,44.5,152.0,302.3,311.7,5434.343524,29.801293682800324,1.9537263165480647,89.17307701084255,2025-09-26 22:26:34.782208,WP PMA 80467,door close delay
1504,44.8,111.0,303.5,312.9,5493.181456,4.906214712141753,0.01959516440994916,64.32794622750882,2025-09-26 22:29:05.782208,WP PMA 80271,No failure
1294,62.4,101.0,302.1,310.7,5449.244761,0.8963415233636353,0.04517815814325953,58.6477267084618,2025-09-26 22:31:06.782208,WP PMA 80467,No failure
1959,22.3,157.0,303.5,311.7,5472.448576,29.43254792505012,0.8841722655722568,98.0943208432986,2025-09-26 22:40:00.782208,WP PMA 80466,signal delay
1495,39.6,10.0,299.8,309.5,5397.693961,0.23779783685905126,0.07732636035706793,56.69861857800224,2025-09-26 22:41:04.782208,WP PMA 80271,No failure
1341,49.2,208.0,297.8,309.7,5447.768481,46.183917584260286,1.0201454764390876,92.46166290911955,2025-09-26 23:11:48.782208,WP PMA 80467,signal delay
1470,50.0,148.0,299.9,310.4,5249.147401,0.2937766505572879,0.17295508209298974,55.90760725768181,2025-09-26 23:17:07.782208,WP PMA 80467,No failure
1375,46.4,48.0,298.7,308.5,5373.476416,26.69484987609539,0.88461271440945,80.9906377364198,2025-09-26 23:17:24.782208,WP PMA 80466,door close delay
2071,18.5,144.0,297.6,308.2,5470.0816,4.403632562290011,0.12386606833598289,60.644026080103416,2025-09-26 23:22:17.782208,WP PMA 80466,No failure
1473,39.9,184.0,298.4,308.3,5468.6025,26.055495263783655,1.7852296960269574,95.2760721632894,2025-09-26 23:22:20.782208,WP PMA 80467,door close delay
1580,35.8,140.0,297.2,307.9,5273.809641,0.27611941825817277,0.01815302091076661,59.06643194326833,2025-09-26 23:29:10.782208,WP PMA 80467,No failure
1312,73.6,49.0,301.1,310.4,5257.7001,0.4256631237846309,0.0365142048558233,56.269863429066426,2025-09-26 23:56:32.782208,WP PMA 80466,No failure
1467,39.6,,298.4,309.1,5402.25,21.422795318204866,0.5162020865393773,91.32636453399321,2025-09-26 23:57:29.782208,WP PMA 80271,door open delay
1626,31.6,62.0,302.2,311.4,5302.461124,4.634369583903977,0.12685936706400566,57.419954774299924,2025-09-27 00:10:58.782208,WP PMA 80271,No failure
1453,37.0,135.0,302.6,311.6,5443.340841,0.2604719709901704,0.18954351543169498,63.624875899126806,2025-09-27 00:13:22.782208,WP PMA 80271,No failure
1586,32.7,131.0,297.3,308.8,5453.231716,2.1174751525435296,0.050831887540203846,57.67139188944216,2025-09-27 00:19:13.782208,WP PMA 80466,No failure
1597,37.2,16.0,295.5,306.0,5431.100416,27.77411025179005,1.0458909826573568,84.61157931227865,2025-09-27 00:27:39.782208,WP PMA 80271,door open delay
1654,32.0,180.0,300.6,310.7,5263.647601,0.7442718549921958,0.033875873233933866,56.68193054888476,2025-09-27 00:33:36.782208,WP PMA 80466,No failure
1569,33.9,93.0,297.3,308.7,5265.534096,2.097877129342234,0.08561205973001557,64.11041695087947,2025-09-27 00:35:08.782208,WP PMA 80466,No failure
1563,32.8,51.0,298.1,309.9,5446.44,23.249154431791236,1.3895731218270553,92.09673056674498,2025-09-27 00:38:58.782208,WP PMA 80271,door close delay
1298,57.5,57.0,302.5,311.9,5505.046416,48.88448593685028,1.744296866483037,88.80251842704857,2025-09-27 00:43:41.782208,WP PMA 80271,door close delay
1485,42.0,13.0,298.3,307.8,5365.269504,0.11572753149364595,0.05001570066658135,57.14098851225422,2025-09-27 00:46:42.782208,WP PMA 80271,No failure
1448,48.9,65.0,295.5,306.2,5338.348096,3.167799637109141,0.1421330889905209,59.91491112580266,2025-09-27 00:49:51.782208,WP PMA 80271,No failure
1387,42.7,121.0,300.9,311.4,5253.640324,1.1134593836022477,0.03355705255929019,62.953668194419066,2025-09-27 00:56:01.782208,WP PMA 80467,No failure
1588,33.4,204.0,297.1,308.4,5416.224025,38.83808741520501,1.6968130959118022,95.07069908070774,2025-09-27 01:04:27.782208,WP PMA 80271,door open delay
1323,49.7,79.0,301.5,310.7,5255.670016,4.464932625104941,0.06459804732979506,57.06512903105356,2025-09-27 01:04:54.782208,WP PMA 80467,No failure
1357,42.0,179.0,302.5,312.0,5268.291889,0.9813402588020217,0.17191166946558545,58.18851909158562,2025-09-27 01:05:30.782208,WP PMA 80466,No failure
1589,39.0,122.0,302.6,311.0,5455.890496,0.29830163285088585,0.16333073784175817,64.60169484246633,2025-09-27 01:16:49.782208,WP PMA 80467,No failure
1596,30.7,5.0,297.5,308.9,5478.072196,4.329908489001327,0.09749996173491396,56.178341581425684,2025-09-27 01:19:01.782208,WP PMA 80467,No failure
1704,29.2,42.0,300.2,310.3,5501.485584,3.173436854682649,0.028440504067951254,61.344311250465395,2025-09-27 01:25:17.782208,WP PMA 80271,No failure
1332,53.9,7.0,296.9,308.0,5332.212484,32.981098147326,0.9389940584593492,90.26690819060457,2025-09-27 01:36:13.782208,WP PMA 80271,signal delay
1225,63.4,37.0,298.8,309.7,5253.930256,0.28073423030485445,0.12472016145237173,64.52041494293503,2025-09-27 01:40:28.782208,WP PMA 80467,No failure
1507,38.3,170.0,297.1,307.9,5344.925881,2.032728734553253,0.020789799976827034,55.224931819070825,2025-09-27 01:45:16.782208,WP PMA 80466,No failure
1509,39.9,25.0,302.0,311.3,5303.043684,27.239929425481904,1.4595475697774438,80.04445211653625,2025-09-27 01:46:50.782208,WP PMA 80466,door open delay
1482,39.3,187.0,297.2,308.5,5416.518409,2.264766258448851,0.13253386789714455,58.90207674535626,2025-09-27 01:47:33.782208,WP PMA 80271,No failure
1915,22.3,116.0,303.6,312.3,5275.843225,30.152304086590867,1.3571095834850015,96.856841139973,2025-09-27 01:47:51.782208,WP PMA 80467,door close delay
1502,43.2,139.0,297.6,308.3,5260.455841,45.25046550085902,0.681504933084405,84.61137984892757,2025-09-27 01:52:57.782208,WP PMA 80271,door close delay
1585,32.3,50.0,301.0,312.1,5491.254609,3.6009768717237542,0.04056351193863703,58.044986307485004,2025-09-27 01:56:15.782208,WP PMA 80467,No failure
1393,47.5,130.0,302.5,311.3,5297.219524,2.512942668684458,0.1676682180417867,61.959150019708424,2025-09-27 02:00:50.782208,WP PMA 80466,No failure
1364,55.6,163.0,297.2,308.5,5347.558129,36.461385699506096,1.9983719108979061,90.26570522546112,2025-09-27 02:06:27.782208,WP PMA 80467,door open delay
2203,16.6,47.0,302.2,310.8,5454.856449,3.29971266369085,0.18175104466336592,56.23015767911815,2025-09-27 02:15:39.782208,WP PMA 80271,No failure
2129,18.4,45.0,298.1,308.0,5383.1569,2.698279757169457,0.1965762885028507,64.27698183432443,2025-09-27 02:21:51.782208,WP PMA 80271,No failure
1754,26.9,209.0,302.9,312.3,5270.179216,31.064126655309654,0.7271846408765829,96.36983679144254,2025-09-27 02:27:01.782208,WP PMA 80271,signal delay
1469,53.2,189.0,298.9,310.1,5353.409889,3.8319164252322704,0.10875138971260186,56.29572220109672,2025-09-27 02:27:37.782208,WP PMA 80467,No failure
1572,38.0,139.0,299.7,310.6,5499.7056,3.42902178089897,0.11733421263801765,56.102651929102564,2025-09-27 02:32:41.782208,WP PMA 80467,No failure
1653,31.6,111.0,300.7,310.8,5518.706944,1.7091010108966809,0.09950247210726808,59.25438053151536,2025-09-27 02:40:31.782208,WP PMA 80467,No failure
1509,39.9,25.0,302.0,311.3,5303.043684,27.239929425481904,1.4595475697774438,80.04445211653625,2025-09-27 02:43:23.782208,WP PMA 80467,door open delay
1565,43.5,194.0,296.5,307.4,5435.523076,4.828010481417993,0.1278387502545752,61.428265149574756,2025-09-27 02:46:10.782208,WP PMA 80467,No failure
1628,37.4,144.0,297.4,308.8,5440.980169,3.9135193486787565,0.05183977874019743,58.54971304234044,2025-09-27 02:46:27.782208,WP PMA 80271,No failure
1521,37.2,131.0,299.6,311.1,5467.715136,46.673454718591316,1.420389399153339,95.87920103880379,2025-09-27 03:18:06.782208,WP PMA 80271,door close delay
1433,44.2,17.0,302.7,312.4,5269.888836,1.2690414928687352,0.1762241222386702,59.077791906417545,2025-09-27 03:26:02.782208,WP PMA 80466,No failure
1603,32.5,148.0,302.7,312.1,5506.530436,1.9055031890342178,0.07596515182613699,63.05743005308892,2025-09-27 03:42:11.782208,WP PMA 80466,No failure
1513,38.0,38.0,300.9,311.9,5491.254609,45.398608991025895,1.6628507955465734,97.30340726359175,2025-09-27 03:44:38.782208,WP PMA 80271,door open delay
1279,53.1,9.0,298.4,308.1,5380.075801,4.638398203509134,0.05582885870714847,55.957377618246184,2025-09-27 03:45:17.782208,WP PMA 80466,No failure
1578,38.1,109.0,299.2,309.1,5354.141584,0.35223190463856946,0.16772893942184006,57.90272339419782,2025-09-27 03:52:35.782208,WP PMA 80467,No failure
1850,23.3,203.0,302.5,311.1,5295.909529,4.433223757918862,0.13901601201418423,60.88089626355133,2025-09-27 03:54:33.782208,WP PMA 80467,No failure
1455,40.3,145.0,302.3,311.1,5296.9284,4.199958203350718,0.14040656884400568,55.70366698641571,2025-09-27 04:19:55.782208,WP PMA 80271,No failure
1813,24.6,210.0,301.6,310.7,5256.975025,3.684984457751542,0.08064909141953241,56.67006674007768,2025-09-27 04:38:50.782208,WP PMA 80467,No failure
1431,39.3,22.0,300.7,310.7,5263.357401,45.30621408858687,1.6214025308819116,97.16558546598277,2025-09-27 04:40:14.782208,WP PMA 80271,door open delay
1618,36.0,158.0,302.2,311.8,5266.550041,0.6800191286666167,0.18661403549289443,64.46961681224438,2025-09-27 04:46:54.782208,WP PMA 80271,No failure
1642,29.9,100.0,300.6,310.5,5504.898025,0.6237782413985821,0.15415910006076627,59.43828311558181,2025-09-27 04:48:59.782208,WP PMA 80271,No failure
1513,40.0,51.0,300.4,311.7,5244.077056,25.14323664801961,0.5049198162018053,96.51196761417759,2025-09-27 05:09:05.782208,WP PMA 80466,door close delay
1394,45.1,179.0,299.0,309.1,5309.162496,3.1084494014022117,0.11050829964636547,57.76047510975178,2025-09-27 05:17:24.782208,WP PMA 80467,No failure
1490,43.0,108.0,303.0,311.1,5278.749025,4.035905731866086,0.022339826541692233,60.275576869274595,2025-09-27 05:23:48.782208,WP PMA 80466,No failure
1521,37.2,131.0,299.6,311.1,5467.715136,46.673454718591316,1.420389399153339,95.87920103880379,2025-09-27 05:24:16.782208,WP PMA 80271,door close delay
1523,43.3,60.0,301.8,310.7,5310.182641,29.49868042780217,1.669398076973442,90.49945716483931,2025-09-27 05:46:44.782208,WP PMA 80271,signal delay
1541,42.2,52.0,301.5,310.1,5458.2544,1.4573111614526075,0.039853080477573466,60.09447755109547,2025-09-27 05:46:47.782208,WP PMA 80466,No failure
1453,39.1,84.0,302.6,311.9,5502.6724,4.878681936251696,0.061073250594850866,63.83716699073389,2025-09-27 06:07:12.782208,WP PMA 80467,No failure
1640,31.1,211.0,299.8,309.3,5397.400089,2.820878480338515,0.03363650519549675,58.71477948699164,2025-09-27 06:19:13.782208,WP PMA 80467,No failure
1485,44.7,78.0,299.3,308.5,5386.238881,49.70602106127978,1.9413985931935809,83.94842601473823,2025-09-27 06:21:28.782208,WP PMA 80467,signal delay
1417,39.2,65.0,298.1,308.9,5402.544004,42.18444491739179,0.8419734264000982,90.26619371204663,2025-09-27 06:27:09.782208,WP PMA 80467,door close delay
1594,32.4,204.0,301.7,310.8,5303.626276,37.38423566578929,1.3463625335459448,86.49307795768311,2025-09-27 06:34:41.782208,WP PMA 80271,Random failure
1467,39.6,,298.4,309.1,5402.25,21.422795318204866,0.5162020865393773,91.32636453399321,2025-09-27 06:41:02.782208,WP PMA 80271,door open delay
1236,57.5,12.0,300.3,311.7,5497.777609,4.063207881477747,0.18082165558916005,59.164086317830396,2025-09-27 06:53:20.782208,WP PMA 80467,No failure
1618,30.3,125.0,299.7,311.1,5488.290889,40.60410458568789,0.9727397823334152,91.90296894800397,2025-09-27 06:53:58.782208,WP PMA 80466,door close delay
1673,28.9,171.0,300.4,311.2,5246.249761,0.9228819299285715,0.10325558638179168,60.33126730007244,2025-09-27 07:00:12.782208,WP PMA 80271,No failure
1643,31.0,89.0,297.4,308.6,5321.848401,0.6945817537899591,0.07148736693204416,55.845045216559754,2025-09-27 07:03:05.782208,WP PMA 80467,No failure
1553,42.0,177.0,299.8,310.1,5501.930625,1.7038161981555082,0.08043287407547801,63.022393150672976,2025-09-27 07:05:25.782208,WP PMA 80467,No failure
1802,26.9,83.0,298.1,309.2,5270.324409,1.2241379815862996,0.10213179783830714,62.057491797092915,2025-09-27 07:11:07.782208,WP PMA 80466,No failure
1720,30.3,96.0,300.7,310.6,5252.045841,3.0139538654143467,0.09379508908499064,64.04802446746446,2025-09-27 07:11:19.782208,WP PMA 80271,No failure
1335,40.2,109.0,298.1,308.4,5461.801216,2.228561135932029,0.12327778687432545,62.30850028462187,2025-09-27 07:15:13.782208,WP PMA 80467,No failure
1348,53.7,68.0,297.4,308.1,5476.444009,33.10520166867137,0.9345701870889231,84.5290198629316,2025-09-27 07:23:02.782208,WP PMA 80466,signal delay
1509,39.9,25.0,302.0,311.3,5303.043684,27.239929425481904,1.4595475697774438,80.04445211653625,2025-09-27 07:24:16.782208,WP PMA 80271,door open delay
1327,58.8,9.0,298.6,308.9,5304.063241,4.190624348088514,0.17700578392921296,60.905695720688314,2025-09-27 07:32:51.782208,WP PMA 80271,No failure
1383,48.7,147.0,295.6,306.1,5432.574436,42.06220479764772,0.8198605991308731,86.20096073009861,2025-09-27 07:39:27.782208,WP PMA 80467,door close delay
1629,32.5,45.0,298.1,309.9,5446.587601,23.75340627019404,1.9241090702893169,87.54583502901593,2025-09-27 07:54:52.782208,WP PMA 80467,door close delay
1315,48.9,127.0,298.5,309.5,5355.458761,41.06519945448606,1.6344147895833567,95.67090294936038,2025-09-27 07:56:00.782208,WP PMA 80466,door close delay
1449,44.5,152.0,302.3,311.7,5434.343524,29.801293682800324,1.9537263165480647,89.17307701084255,2025-09-27 07:56:52.782208,WP PMA 80466,door close delay
1594,32.4,204.0,301.7,310.8,5303.626276,37.38423566578929,1.3463625335459448,86.49307795768311,2025-09-27 08:08:47.782208,WP PMA 80271,Random failure
1414,50.2,51.0,295.9,306.6,5434.343524,27.145965124586027,1.2118314560594747,98.77282882670414,2025-09-27 08:13:36.782208,WP PMA 80271,door close delay
1980,20.3,159.0,297.1,307.9,5476.0,1.4649982562554518,0.04528194770098745,62.954890558930416,2025-09-27 08:21:07.782208,WP PMA 80467,No failure
1434,48.4,153.0,299.2,310.6,5250.161764,33.302811077665524,1.0459826892569164,83.39765345421797,2025-09-27 08:27:51.782208,WP PMA 80271,drive delay
1447,45.9,162.0,299.9,310.0,5502.078976,4.057836224056561,0.1833114605308054,57.66210658242094,2025-09-27 08:29:50.782208,WP PMA 80466,No failure
1959,22.3,157.0,303.5,311.7,5472.448576,29.43254792505012,0.8841722655722568,98.0943208432986,2025-09-27 08:42:17.782208,WP PMA 80271,signal delay
1665,29.6,20.0,298.1,308.5,5469.637849,37.238730558246914,1.0025553265776534,99.00835330996256,2025-09-27 08:45:39.782208,WP PMA 80467,Random failure
1375,46.4,48.0,298.7,308.5,5373.476416,26.69484987609539,0.88461271440945,80.9906377364198,2025-09-27 09:01:00.782208,WP PMA 80466,door close delay
1431,42.0,109.0,297.3,308.6,5453.674801,4.647686661329328,0.06458019121652757,60.87704520125469,2025-09-27 09:03:49.782208,WP PMA 80271,No failure
1526,38.2,47.0,302.3,311.5,5445.111681,20.770653830747378,1.30602776858319,86.60692999486108,2025-09-27 09:17:06.782208,WP PMA 80271,signal delay
1626,31.6,62.0,302.2,311.4,5433.016681,4.664161629789467,0.08833564698664009,64.53693195862938,2025-09-27 09:23:57.782208,WP PMA 80467,No failure
1526,35.4,96.0,298.9,309.9,5463.131569,2.7739549501474077,0.1774953484769417,55.39554756186978,2025-09-27 09:27:49.782208,WP PMA 80467,No failure
1530,42.3,21.0,302.3,311.5,5507.866225,30.450301760589426,1.1058661088010444,87.95387877662486,2025-09-27 09:31:19.782208,WP PMA 80467,signal delay
1334,43.2,133.0,301.4,310.4,5256.395001,2.946972096292095,0.037353815582520974,62.59841759210193,2025-09-27 09:31:58.782208,WP PMA 80467,No failure
1906,21.2,110.0,302.4,310.1,5280.492889,27.30105111905368,0.7259684380530005,99.21154813216347,2025-09-27 09:39:36.782208,WP PMA 80467,door close delay
1458,41.4,153.0,301.7,310.5,5431.395204,3.2819086479155253,0.1847874083894833,60.95158711340838,2025-09-27 09:41:11.782208,WP PMA 80466,No failure
1309,43.3,68.0,301.8,310.7,5430.068721,22.956864858730775,1.8043351812228186,97.79950059938305,2025-09-27 09:52:05.782208,WP PMA 80467,door open delay
1680,33.7,185.0,298.1,308.3,5464.462084,40.53621110002542,1.861302562403293,99.0882319471089,2025-09-27 09:55:53.782208,WP PMA 80466,signal delay
1436,45.1,32.0,303.5,312.0,5477.036049,2.852879610654219,0.02521986906190509,61.29188653111173,2025-09-27 10:08:18.782208,WP PMA 80466,No failure
1665,29.6,20.0,298.1,308.5,5469.637849,37.238730558246914,1.0025553265776534,99.00835330996256,2025-09-27 10:08:23.782208,WP PMA 80271,Random failure
1686,28.9,59.0,301.7,310.2,5281.800976,41.80940364666146,1.806523433807369,93.02853967611605,2025-09-27 10:17:25.782208,WP PMA 80467,door open delay
1422,45.6,140.0,298.0,307.7,5372.010436,4.323959909709168,0.028092569113874942,58.09397414620134,2025-09-27 10:29:29.782208,WP PMA 80466,No failure
1701,27.2,4.0,302.0,309.8,5281.074241,2.937235538508733,0.06706479988137196,55.18824917164631,2025-09-27 11:06:46.782208,WP PMA 80467,No failure
1486,37.1,186.0,300.7,310.8,5263.647601,3.261863642263691,0.051936208357340766,60.33726562888448,2025-09-27 11:10:53.782208,WP PMA 80467,No failure
1323,49.7,79.0,301.5,310.7,5509.795984,2.2713122887157544,0.0807051667967464,58.52358349035974,2025-09-27 11:14:29.782208,WP PMA 80467,No failure
1456,39.4,209.0,299.8,309.1,5327.5401,0.21160442117530895,0.19199804418879376,59.09378157472269,2025-09-27 11:16:39.782208,WP PMA 80271,No failure
1375,42.7,58.0,298.9,309.3,5474.816064,36.69009158864943,0.8981628206628844,98.64108579120862,2025-09-27 11:32:42.782208,WP PMA 80271,door close delay
1563,32.8,51.0,298.1,309.9,5446.44,23.249154431791236,1.3895731218270553,92.09673056674498,2025-09-27 11:40:46.782208,WP PMA 80467,door close delay
1423,40.2,63.0,300.9,312.1,5491.254609,26.487242862943063,0.6574029788516131,82.48730646898161,2025-09-27 11:49:45.782208,WP PMA 80271,door open delay
1450,43.4,66.0,298.8,308.7,5470.821225,2.5039149989901373,0.07338800406888309,64.31332140818664,2025-09-27 11:52:48.782208,WP PMA 80271,No failure
1473,42.3,121.0,300.5,309.8,5325.350625,4.093461001113966,0.04483952193933841,55.29848924852679,2025-09-27 11:57:59.782208,WP PMA 80467,No failure
1574,38.7,30.0,302.5,312.2,5268.001561,45.14604826414569,0.6896049610735586,92.43308617994987,2025-09-27 12:11:25.782208,WP PMA 80271,signal delay
1623,33.4,74.0,297.5,309.3,5450.130625,35.32667695115313,1.498253405644066,95.89964159155058,2025-09-27 12:14:37.782208,WP PMA 80466,door close delay
1595,35.4,15.0,300.4,311.0,5245.960041,40.671410585650555,1.7663676320787438,91.29257725331573,2025-09-27 12:14:50.782208,WP PMA 80467,door open delay
2157,17.8,17.0,302.0,310.7,5282.963856,26.262641810156918,1.6362138319307393,90.81689443895104,2025-09-27 12:19:35.782208,WP PMA 80466,signal delay
1579,33.4,50.0,296.7,307.9,5438.177536,29.652550279830812,1.5245415270414138,90.68371500473029,2025-09-27 12:22:22.782208,WP PMA 80467,signal delay
1381,50.7,206.0,301.5,310.6,5425.942921,2.774176051593374,0.052658776795256344,56.085613349820626,2025-09-27 12:42:57.782208,WP PMA 80271,No failure
1433,42.2,134.0,302.4,311.8,5503.265856,1.8105297433465004,0.05198853657977434,56.725685355769144,2025-09-27 13:08:24.782208,WP PMA 80271,No failure
1434,42.5,175.0,304.2,313.4,5487.994561,29.469631294351835,1.4768985738303422,80.94332617051371,2025-09-27 13:24:22.782208,WP PMA 80466,door open delay
1571,38.6,5.0,299.0,308.4,5388.147216,4.858364090938383,0.1899020565813388,57.50828019262869,2025-09-27 13:32:43.782208,WP PMA 80466,No failure
1410,55.4,188.0,297.9,309.9,5448.211344,1.8995720089740455,0.026420315179071598,62.631592218836815,2025-09-27 13:41:20.782208,WP PMA 80271,No failure
1403,40.6,207.0,300.9,310.7,5261.616369,1.9749961064524586,0.1273860547372336,58.59023087890541,2025-09-27 13:44:01.782208,WP PMA 80467,No failure
1665,29.6,20.0,298.1,308.5,5469.637849,37.238730558246914,1.0025553265776534,99.00835330996256,2025-09-27 13:51:36.782208,WP PMA 80466,Random failure
1289,62.0,199.0,296.8,308.1,5331.628324,0.7004961478554124,0.11846276796348341,63.16174188056149,2025-09-27 14:07:42.782208,WP PMA 80466,No failure
1364,49.3,167.0,303.8,312.7,5274.826384,2.30838011424367,0.07744473301314343,63.255562506460805,2025-09-27 14:12:19.782208,WP PMA 80467,No failure
1530,32.0,169.0,300.4,311.2,5246.249761,1.158569550036047,0.012797980899518098,64.13958326229653,2025-09-27 14:24:30.782208,WP PMA 80467,No failure
1629,32.1,55.0,300.0,311.3,5246.829225,27.554756501884274,1.2394743242853634,86.1081681006253,2025-09-27 14:32:54.782208,WP PMA 80466,door close delay
1565,39.3,94.0,298.7,309.7,5252.045841,1.7078770381304402,0.10067593272600119,61.82529592758431,2025-09-27 14:38:51.782208,WP PMA 80467,No failure
1648,30.7,90.0,301.4,310.6,5424.175201,3.3918252985112445,0.035321452336459065,61.747692156956035,2025-09-27 14:48:32.782208,WP PMA 80271,No failure
1537,37.6,175.0,298.6,309.3,5284.853809,47.63082184931335,1.103793640179266,89.40004843997045,2025-09-27 14:51:50.782208,WP PMA 80466,signal delay
1506,36.0,150.0,297.3,308.1,5276.714881,2.048812150587301,0.18521191115347319,60.63484249191081,2025-09-27 14:53:12.782208,WP PMA 80467,No failure
1436,48.2,175.0,300.2,311.8,5498.2225,1.2189706369610516,0.11364016324225745,62.42717174929263,2025-09-27 14:59:20.782208,WP PMA 80466,No failure
1372,49.0,140.0,296.8,307.9,5342.001921,2.867729547674437,0.060508107068745494,61.733608964327004,2025-09-27 15:04:42.782208,WP PMA 80271,No failure
1448,54.3,83.0,297.5,308.5,5262.631936,2.9305916786419752,0.02345499355258181,56.743875991880365,2025-09-27 15:24:08.782208,WP PMA 80466,No failure
1694,28.0,5.0,298.2,309.0,5472.004729,4.4251923354682114,0.030538808172115482,57.07380497126283,2025-09-27 15:31:31.782208,WP PMA 80466,No failure
1521,36.7,130.0,301.7,311.2,5512.468516,3.9556328279845885,0.042167130374592826,62.50677556316184,2025-09-27 15:41:25.782208,WP PMA 80466,No failure
1753,29.0,42.0,303.7,313.0,5271.776449,1.7109027725708785,0.09498372538085206,57.50902650226562,2025-09-27 15:53:45.782208,WP PMA 80271,No failure
1534,33.2,75.0,298.3,308.2,5462.096836,38.38206123061534,1.8642989668196104,93.6352359612934,2025-09-27 15:54:38.782208,WP PMA 80271,door close delay
1503,44.8,134.0,301.7,311.0,5255.380036,2.5409372968057085,0.014925086020235734,62.82528219820745,2025-09-27 15:59:41.782208,WP PMA 80271,No failure
1485,40.5,188.0,300.2,310.1,5503.117489,44.27777270700361,1.00731822680138,85.07467411154907,2025-09-27 16:18:33.782208,WP PMA 80466,door close delay
1465,43.7,139.0,300.8,312.4,5242.628836,1.2900053428734999,0.04225506722212078,60.13304747906168,2025-09-27 16:19:14.782208,WP PMA 80271,No failure
1473,39.9,184.0,298.4,308.3,5468.6025,26.055495263783655,1.7852296960269574,95.2760721632894,2025-09-27 16:20:33.782208,WP PMA 80466,door close delay
1343,61.4,14.0,303.9,313.1,5491.699236,1.7737220220829846,0.10919557411820094,64.33922759071339,2025-09-27 16:26:02.782208,WP PMA 80467,No failure
1702,27.6,143.0,298.6,309.3,5289.6529,1.8141754117361026,0.04068605699660508,58.56203270903038,2025-09-27 16:32:03.782208,WP PMA 80467,No failure
1504,39.1,2.0,301.3,311.1,5265.388969,1.8092495201434,0.06339874131223952,56.58857692899241,2025-09-27 16:47:25.782208,WP PMA 80466,No failure
1473,38.5,189.0,295.3,305.7,5337.179136,4.10832962539456,0.04543298233983238,58.270791566515484,2025-09-27 17:01:07.782208,WP PMA 80467,No failure
1584,40.4,227.0,296.8,308.0,5439.505009,0.37062634871502464,0.13289075468254716,56.30570106313987,2025-09-27 17:01:38.782208,WP PMA 80466,No failure
1583,31.9,,297.1,308.4,5264.228025,2.171746289194951,0.08868774081339831,62.53054532319549,2025-09-27 17:03:27.782208,WP PMA 80271,No failure
1348,54.8,50.0,300.7,310.2,5513.805025,0.7707258144838992,0.18930179765051694,60.705199946802686,2025-09-27 17:07:22.782208,WP PMA 80466,No failure
1428,46.3,175.0,299.0,310.3,5412.692041,4.538284021187728,0.15155164998054108,64.9511803263767,2025-09-27 17:14:34.782208,WP PMA 80466,No failure
1476,39.0,92.0,300.0,311.4,5493.626161,4.865493396159737,0.14988269097868084,56.40157358817217,2025-09-27 17:29:14.782208,WP PMA 80467,No failure
1776,28.0,43.0,297.2,308.3,5346.241924,2.6703203996687312,0.12057112109543597,62.34821188713907,2025-09-27 17:40:42.782208,WP PMA 80467,No failure
1604,34.9,11.0,298.4,308.2,5372.89,3.9465664682783967,0.10376373106188068,56.16341856825193,2025-09-27 17:51:27.782208,WP PMA 80466,No failure
1312,52.2,40.0,302.8,310.9,5279.039649,0.6276743417499757,0.01925755275987246,60.02447299128556,2025-09-27 17:53:51.782208,WP PMA 80271,No failure
1682,30.7,78.0,300.6,309.6,5405.631529,3.0359078880164807,0.12185978353236133,56.956107470681815,2025-09-27 18:09:43.782208,WP PMA 80466,No failure
1451,53.6,194.0,302.5,310.4,5466.679969,36.78689161924535,0.6298700216043418,95.66295953662588,2025-09-27 18:12:07.782208,WP PMA 80466,Random failure
1510,40.8,177.0,298.6,309.3,5284.853809,0.8035275225986819,0.134369996653935,60.90117967705499,2025-09-27 18:25:35.782208,WP PMA 80466,No failure
1466,49.0,66.0,302.2,311.7,5508.459961,46.56475728244531,1.788039593172544,96.4904334654153,2025-09-27 18:37:26.782208,WP PMA 80271,signal delay
1512,37.5,27.0,298.6,310.0,5483.994916,4.108362647777335,0.054772902253271354,58.35075248544218,2025-09-27 18:44:29.782208,WP PMA 80466,No failure
1521,39.4,61.0,300.7,310.9,5520.044209,4.036134289673821,0.029112537831480684,64.16193554926866,2025-09-27 18:46:44.782208,WP PMA 80271,No failure
1537,37.6,175.0,298.6,309.3,5284.853809,47.63082184931335,1.103793640179266,89.40004843997045,2025-09-27 18:54:20.782208,WP PMA 80466,signal delay
1387,57.6,50.0,298.6,309.6,5464.462084,31.02007056378983,1.924982620112702,85.77319677094144,2025-09-27 19:03:56.782208,WP PMA 80271,signal delay
1330,62.4,31.0,302.2,311.8,5510.983696,0.6214955964505554,0.03677834415924777,64.2288703395989,2025-09-27 19:35:21.782208,WP PMA 80466,No failure
1373,55.7,201.0,299.0,309.9,5466.236356,0.9762339803587882,0.033855625812055624,56.24763223445503,2025-09-27 19:45:21.782208,WP PMA 80466,No failure
1744,31.5,0.0,299.0,310.2,5296.346176,28.026300229149285,1.337665464463818,86.65910951714694,2025-09-27 19:49:50.782208,WP PMA 80271,Random failure
1457,35.1,193.0,300.4,310.1,5259.005361,1.4926918176415014,0.1233986596677873,57.52711952293033,2025-09-27 20:03:16.782208,WP PMA 80466,No failure
1393,45.7,99.0,298.7,309.7,5485.920489,22.951023860642238,1.950191784586998,84.35485044656178,2025-09-27 20:05:00.782208,WP PMA 80467,door close delay
1464,49.1,171.0,303.9,313.4,5271.195609,49.98468948636307,0.7407190196670943,80.1908078185052,2025-09-27 20:16:22.782208,WP PMA 80271,door open delay
1680,33.7,185.0,298.1,308.3,5464.462084,40.53621110002542,1.861302562403293,99.0882319471089,2025-09-27 20:19:01.782208,WP PMA 80467,signal delay
1906,21.2,110.0,302.4,310.1,5280.492889,27.30105111905368,0.7259684380530005,99.21154813216347,2025-09-27 20:29:43.782208,WP PMA 80271,door close delay
1509,39.4,0.0,299.2,308.4,5364.0976,1.4675906479115393,0.1284777368143748,59.86793544874481,2025-09-27 20:33:47.782208,WP PMA 80466,No failure
1416,58.7,156.0,303.8,312.8,5272.2121,33.788869839697,1.2694095011541886,98.03901176263835,2025-09-27 20:41:48.782208,WP PMA 80467,door open delay
1713,25.8,154.0,298.5,308.0,5364.390564,3.446037685716467,0.04446866777758463,59.973960616730366,2025-09-27 20:42:46.782208,WP PMA 80466,No failure
1402,51.2,186.0,297.1,308.2,5477.036049,3.727139173589194,0.15672801544304935,64.84138705375685,2025-09-27 20:44:16.782208,WP PMA 80271,No failure
1665,29.6,20.0,298.1,308.5,5469.637849,37.238730558246914,1.0025553265776534,99.00835330996256,2025-09-27 20:44:37.782208,WP PMA 80271,Random failure
1684,29.3,167.0,303.8,312.6,5478.9604,45.95904206895359,1.5958608150105298,83.515013763323,2025-09-27 21:05:47.782208,WP PMA 80466,door close delay
1366,49.7,74.0,299.2,308.5,5386.238881,45.32958564048296,1.215939721799948,82.21845222297605,2025-09-27 21:14:24.782208,WP PMA 80466,signal delay
1404,39.8,62.0,298.9,309.9,5297.073961,1.1550961227591787,0.0997821918845428,63.34371485850307,2025-09-27 21:19:15.782208,WP PMA 80466,No failure
1485,40.5,188.0,300.2,310.1,5503.117489,44.27777270700361,1.00731822680138,85.07467411154907,2025-09-27 21:36:01.782208,WP PMA 80467,door close delay
1371,54.6,112.0,303.6,312.2,5475.112036,0.30614984701135944,0.15618838354073308,63.870832922079586,2025-09-27 21:40:59.782208,WP PMA 80467,No failure
1581,47.4,51.0,298.1,308.7,5470.525369,49.33111180790905,0.5420956171257758,97.1445135404005,2025-09-27 21:43:17.782208,WP PMA 80466,door close delay
1512,44.9,86.0,301.0,310.4,5260.310784,39.36836299538538,1.6935308256837749,96.5270926355088,2025-09-27 21:45:49.782208,WP PMA 80466,door open delay
1388,48.2,203.0,297.5,308.6,5320.535364,3.1582612515533515,0.05216816509785274,59.052668377908056,2025-09-27 21:47:29.782208,WP PMA 80466,No failure
1413,43.5,83.0,302.2,311.5,5433.311521,46.06769449253791,1.9129662103062164,91.80974319114351,2025-09-27 21:49:22.782208,WP PMA 80271,door open delay
1393,47.7,28.0,299.6,309.2,5379.342336,3.4545545486398748,0.11317740584066373,60.37070205403495,2025-09-27 21:59:31.782208,WP PMA 80466,No failure
1441,48.2,,298.5,309.6,5414.163561,0.4033151701277393,0.02722964971127234,57.087835785343124,2025-09-27 22:14:27.782208,WP PMA 80271,No failure
1662,26.9,183.0,297.1,307.9,5277.150736,23.362238882353317,1.8939072927671246,84.03490101665102,2025-09-27 22:21:08.782208,WP PMA 80271,signal delay
1692,31.5,187.0,300.3,311.9,5245.090929,4.107017215883542,0.19243773475578374,55.82464204809073,2025-09-27 22:37:38.782208,WP PMA 80271,No failure
1613,32.7,170.0,300.9,311.3,5253.495361,1.3456991158698388,0.07841217576145956,64.13467824919577,2025-09-27 22:41:17.782208,WP PMA 80271,No failure
1602,32.7,19.0,301.0,311.2,5254.075225,0.8894450582858598,0.17109309662345082,58.0854589938593,2025-09-27 22:47:52.782208,WP PMA 80467,No failure
1436,54.1,90.0,301.4,310.7,5512.320025,48.21507638039077,1.0595772874397975,95.62059277481504,2025-09-27 22:53:01.782208,WP PMA 80467,signal delay
1563,39.3,56.0,297.7,309.1,5329.730025,3.6848616467621,0.03727016774675699,60.33980388636579,2025-09-27 22:53:53.782208,WP PMA 80466,No failure
1560,39.0,141.0,297.5,308.0,5287.034944,0.798825476540097,0.03939870294999695,60.27240362192596,2025-09-27 22:59:48.782208,WP PMA 80271,No failure
1608,30.3,81.0,302.1,310.7,5294.163121,3.1770261844691015,0.14331924693648354,63.00918555607562,2025-09-27 23:00:15.782208,WP PMA 80271,No failure
1488,41.9,196.0,297.8,308.5,5460.175449,45.36625728238058,0.586463643662795,88.59180885604579,2025-09-27 23:06:05.782208,WP PMA 80466,Random failure
1449,44.5,152.0,302.3,311.7,5434.343524,29.801293682800324,1.9537263165480647,89.17307701084255,2025-09-27 23:07:08.782208,WP PMA 80467,door close delay
1475,43.0,119.0,297.6,308.8,5270.76,2.2360336657244027,0.07031198499649856,64.34369283527941,2025-09-27 23:20:53.782208,WP PMA 80466,No failure
1385,49.2,105.0,301.2,310.6,5515.884361,2.4828184345419113,0.07452355723419506,58.65843445765159,2025-09-27 23:32:00.782208,WP PMA 80271,No failure
1526,38.2,47.0,302.3,311.5,5445.111681,20.770653830747378,1.30602776858319,86.60692999486108,2025-09-27 23:49:51.782208,WP PMA 80467,signal delay
1622,37.2,103.0,297.5,308.3,5457.958884,47.56231038168288,0.695912273194448,80.02490348311116,2025-09-28 00:27:49.782208,WP PMA 80467,Random failure
1619,33.4,186.0,300.1,311.1,5499.408964,3.367225326514721,0.1545159025686026,60.751764565951255,2025-09-28 00:33:47.782208,WP PMA 80467,No failure
1629,32.5,45.0,298.1,309.9,5446.587601,23.75340627019404,1.9241090702893169,87.54583502901593,2025-09-28 00:43:54.782208,WP PMA 80271,door close delay
1450,47.9,154.0,302.4,311.2,5292.999009,1.1909344121507492,0.03490345225225153,56.098636872683585,2025-09-28 00:44:49.782208,WP PMA 80467,No failure
1323,51.1,130.0,297.4,308.7,5479.700625,42.30312527421579,0.671909255936029,90.0225145439153,2025-09-28 01:02:45.782208,WP PMA 80467,signal delay
1432,42.2,87.0,299.0,310.2,5466.827844,4.565700210215384,0.09075847601123144,60.859350161619005,2025-09-28 01:11:54.782208,WP PMA 80466,No failure
1414,47.0,11.0,302.3,311.7,5266.259761,0.9866607867272051,0.070925963178112,55.325622727495784,2025-09-28 01:31:08.782208,WP PMA 80467,No failure
1429,39.9,19.0,298.9,310.5,5486.3649,2.6725317108514433,0.11180344744845226,58.58400134977981,2025-09-28 01:41:20.782208,WP PMA 80467,No failure
1454,41.9,33.0,301.0,311.9,5491.402816,1.66012747009579,0.023061481546220522,58.30507442471507,2025-09-28 01:46:49.782208,WP PMA 80466,No failure
1416,50.9,152.0,300.9,310.3,5260.020676,4.873109332566121,0.10465842166527596,61.17915842583958,2025-09-28 01:50:49.782208,WP PMA 80271,No failure
1706,28.8,111.0,299.9,311.4,5493.626161,41.441868880496905,0.5863150585353729,86.83961198318863,2025-09-28 02:04:22.782208,WP PMA 80466,door close delay
1514,37.9,9.0,298.0,308.2,5463.575056,46.10254144113112,0.6079530709041836,88.48324434748507,2025-09-28 02:15:55.782208,WP PMA 80466,signal delay
1401,45.3,67.0,298.7,310.1,5251.755961,2.9229224871611255,0.09715848731535191,61.64213382148727,2025-09-28 02:34:42.782208,WP PMA 80271,No failure
1575,35.3,47.0,299.0,309.0,5310.182641,1.7227760436283834,0.02321480871834637,55.064396098604085,2025-09-28 02:59:20.782208,WP PMA 80466,No failure
1420,45.8,192.0,302.0,311.2,5434.933284,4.83345967362788,0.09216968064441941,56.376342793746424,2025-09-28 03:10:00.782208,WP PMA 80466,No failure
1686,29.1,60.0,298.1,309.9,5446.144804,43.922000807869985,1.3483092713247107,80.57454392069313,2025-09-28 03:11:12.782208,WP PMA 80467,door close delay
1447,36.8,31.0,301.0,312.0,5491.402816,2.3777518231312795,0.11364697798325751,62.519407199803545,2025-09-28 03:24:25.782208,WP PMA 80466,No failure
1623,33.4,74.0,297.5,309.3,5450.130625,35.32667695115313,1.498253405644066,95.89964159155058,2025-09-28 03:34:52.782208,WP PMA 80467,door close delay
1534,33.7,47.0,298.1,310.0,5446.44,36.52876351172468,0.8635648460473964,87.49703042419631,2025-09-28 03:37:23.782208,WP PMA 80467,door close delay
1563,35.6,190.0,302.5,311.0,5283.109225,38.74104099685708,1.2347836818112328,99.83039726960615,2025-09-28 03:46:36.782208,WP PMA 80271,door open delay
1413,43.5,83.0,302.2,311.5,5433.311521,46.06769449253791,1.9129662103062164,91.80974319114351,2025-09-28 03:56:49.782208,WP PMA 80271,door open delay
1476,37.3,20.0,302.3,311.4,5444.668944,4.173158317145018,0.10445609122814387,60.23782269630788,2025-09-28 03:57:19.782208,WP PMA 80271,No failure
1375,41.0,39.0,298.6,309.5,5299.548804,3.5442457699829206,0.14514295149193973,55.66824673765094,2025-09-28 04:04:09.782208,WP PMA 80466,No failure
1498,49.4,5.0,298.1,308.5,5461.21,1.1693186953685855,0.09233413301819737,63.96681794982813,2025-09-28 04:06:11.782208,WP PMA 80466,No failure
1301,66.3,42.0,298.5,308.2,5379.342336,1.6520731537262154,0.08721811668332818,64.89944132594323,2025-09-28 04:07:34.782208,WP PMA 80467,No failure
1734,32.4,161.0,299.0,308.6,5390.4964,36.16471629499442,0.9531873013492951,95.43673005245326,2025-09-28 04:25:02.782208,WP PMA 80271,Random failure
1467,39.6,,298.4,309.1,5402.25,21.422795318204866,0.5162020865393773,91.32636453399321,2025-09-28 04:34:29.782208,WP PMA 80466,door open delay
1388,45.6,190.0,297.7,308.8,5279.911569,3.673407653937939,0.025617786737611906,64.45605603677247,2025-09-28 04:35:45.782208,WP PMA 80467,No failure
1523,40.9,141.0,299.3,310.8,5467.715136,32.60338432946594,1.4731501023736493,97.8371124133434,2025-09-28 04:40:09.782208,WP PMA 80467,door open delay
1286,51.1,177.0,296.3,307.2,5428.005625,23.4303106810246,1.4262639106760326,88.00815197335469,2025-09-28 04:42:26.782208,WP PMA 80271,door open delay
1478,38.6,141.0,301.8,310.5,5304.791556,37.28807496496765,1.3246250892014255,81.75641095592287,2025-09-28 04:55:19.782208,WP PMA 80466,door close delay
1492,41.5,141.0,297.1,308.3,5417.107201,1.688980110415695,0.1245908701932233,62.74002133558957,2025-09-28 05:03:19.782208,WP PMA 80466,No failure
1600,42.1,190.0,297.4,308.5,5456.185956,39.53285650511512,1.1928274910068417,93.8165756167538,2025-09-28 05:11:05.782208,WP PMA 80466,signal delay
1523,43.3,60.0,301.8,310.7,5310.182641,29.49868042780217,1.669398076973442,90.49945716483931,2025-09-28 05:14:05.782208,WP PMA 80467,signal delay
1959,22.3,157.0,303.5,311.7,5472.448576,29.43254792505012,0.8841722655722568,98.0943208432986,2025-09-28 05:21:05.782208,WP PMA 80467,signal delay
1881,21.9,102.0,300.0,310.4,5501.040561,2.2439091749797035,0.07890613027953791,57.274998270307655,2025-09-28 05:31:00.782208,WP PMA 80466,No failure
1588,33.4,204.0,297.1,308.4,5416.224025,38.83808741520501,1.6968130959118022,95.07069908070774,2025-09-28 05:39:49.782208,WP PMA 80466,door open delay
1363,52.6,190.0,298.9,310.6,5486.661184,1.5837796845840006,0.07312295183784799,55.15640626878145,2025-09-28 05:43:52.782208,WP PMA 80466,No failure
1509,37.6,45.0,302.5,310.4,5279.911569,4.445818929690545,0.054764961338638604,62.19364610802057,2025-09-28 05:58:41.782208,WP PMA 80467,No failure
1331,45.5,53.0,302.4,310.2,5280.783561,2.6338306655099863,0.0216735070152428,61.163260911530266,2025-09-28 06:17:40.782208,WP PMA 80466,No failure
1294,54.6,102.0,304.0,313.3,5484.291136,2.931485884054946,0.09983044316173793,55.7368649546007,2025-09-28 06:29:39.782208,WP PMA 80466,No failure
1852,25.9,131.0,301.1,312.3,5490.81,2.2730618429654017,0.05150908582229658,56.46722001491302,2025-09-28 06:31:31.782208,WP PMA 80466,No failure
1927,23.9,112.0,296.7,307.7,5425.353649,1.2713303015831352,0.052387078564601466,56.666338550625206,2025-09-28 06:39:48.782208,WP PMA 80271,No failure
2136,15.9,78.0,298.1,308.9,5288.780176,3.736180955114404,0.07299339365026149,63.65649768869692,2025-09-28 07:07:35.782208,WP PMA 80271,No failure
1493,51.1,87.0,301.7,310.7,5511.132169,2.320681878586115,0.09322952553047834,58.668614208397464,2025-09-28 07:09:17.782208,WP PMA 80271,No failure
1400,42.6,210.0,299.8,309.2,5400.7801,1.2212974814877995,0.19576883248790597,55.79446658140465,2025-09-28 07:37:08.782208,WP PMA 80467,No failure
1634,36.8,62.0,299.3,309.1,5350.9225,4.735220498337182,0.07283922297311558,57.196786537151624,2025-09-28 07:46:19.782208,WP PMA 80467,No failure
1592,38.2,169.0,298.8,309.0,5309.016769,4.324853690077145,0.1633364820171839,56.54624257545601,2025-09-28 07:54:04.782208,WP PMA 80271,No failure
1452,52.9,11.0,303.1,311.2,5278.167801,0.8854601621836216,0.12472185420888152,57.222338727915535,2025-09-28 07:54:08.782208,WP PMA 80466,No failure
1551,34.3,166.0,301.5,310.5,5425.353649,2.312696448494348,0.022798697897566875,62.503133013336594,2025-09-28 07:57:38.782208,WP PMA 80467,No failure
1680,33.7,185.0,298.1,308.3,5464.462084,40.53621110002542,1.861302562403293,99.0882319471089,2025-09-28 08:06:24.782208,WP PMA 80466,signal delay
1686,28.9,59.0,301.7,310.2,5281.800976,41.80940364666146,1.806523433807369,93.02853967611605,2025-09-28 08:18:35.782208,WP PMA 80271,door open delay
1449,44.5,152.0,302.3,311.7,5434.343524,29.801293682800324,1.9537263165480647,89.17307701084255,2025-09-28 08:19:29.782208,WP PMA 80467,door close delay
1425,49.6,35.0,298.9,308.6,5355.458761,4.161291708130784,0.1808653103053414,57.95601597187421,2025-09-28 08:22:14.782208,WP PMA 80467,No failure
1700,29.5,133.0,302.5,311.5,5443.340841,2.9309848531006435,0.032525175501348494,59.36249821485431,2025-09-28 08:31:25.782208,WP PMA 80466,No failure
1453,42.7,92.0,302.0,310.7,5284.417636,2.3203795985802076,0.16899436926269865,55.98233154173391,2025-09-28 08:33:21.782208,WP PMA 80271,No failure
1251,59.9,120.0,300.7,309.5,5406.219729,2.9864682628799586,0.06899295564047357,61.4097194053607,2025-09-28 08:34:08.782208,WP PMA 80271,No failure
1627,37.1,168.0,303.0,312.4,5497.036164,3.142653520462132,0.032252775793398566,59.42534296446802,2025-09-28 08:34:51.782208,WP PMA 80466,No failure
1448,49.8,80.0,299.7,311.0,5488.587225,2.4615031350847105,0.16378942445913916,61.49733971126633,2025-09-28 08:35:27.782208,WP PMA 80467,No failure
1605,37.0,84.0,296.9,307.8,5333.234841,23.86851950907212,0.9415366239424456,83.55504684964758,2025-09-28 08:44:00.782208,WP PMA 80467,door close delay
1370,55.9,143.0,300.5,309.8,5332.942729,30.02756191796996,1.83812244626275,94.53130435072775,2025-09-28 08:55:33.782208,WP PMA 80466,door close delay
1559,39.7,24.0,300.1,309.4,5401.221049,32.44510658974924,1.7117118145834187,97.35954246520838,2025-09-28 09:08:57.782208,WP PMA 80466,door open delay
1991,19.0,53.0,303.4,311.7,5277.005449,2.9067640887753172,0.08557330720093634,64.6659966469681,2025-09-28 09:09:03.782208,WP PMA 80466,No failure
1392,52.9,173.0,301.0,310.9,5254.365169,41.6977753684972,0.7231161539905369,99.45713980477058,2025-09-28 09:19:34.782208,WP PMA 80466,signal delay
1442,49.2,61.0,300.2,309.6,5414.457889,2.6535100653637,0.10040743235317869,58.934243361848075,2025-09-28 09:26:36.782208,WP PMA 80271,No failure
1509,46.6,125.0,300.3,309.9,5514.5476,20.02023079033625,0.7215698637292967,88.48214630717786,2025-09-28 09:37:29.782208,WP PMA 80271,door close delay
1388,40.3,109.0,298.1,307.7,5366.295025,0.9908152329131281,0.0864754508069311,63.069027391439306,2025-09-28 09:42:22.782208,WP PMA 80466,No failure
1620,34.1,89.0,299.2,308.4,5386.385664,45.8446025594114,0.5034314840442716,96.88632719093115,2025-09-28 09:54:36.782208,WP PMA 80466,door open delay
1514,45.0,113.0,303.8,313.0,5484.439249,2.849295997644751,0.06292069896478562,61.585229860769275,2025-09-28 09:57:30.782208,WP PMA 80467,No failure
1282,60.7,216.0,298.4,308.2,5312.223225,46.054799096900865,0.516679854665987,93.82813388686158,2025-09-28 10:03:47.782208,WP PMA 80467,door open delay
1414,50.2,51.0,295.9,306.6,5434.343524,27.145965124586027,1.2118314560594747,98.77282882670414,2025-09-28 10:14:17.782208,WP PMA 80467,door close delay
1523,38.9,112.0,299.2,308.8,5374.209481,0.9936236195497478,0.17942238052598494,58.81517512776555,2025-09-28 10:20:26.782208,WP PMA 80271,No failure
1408,47.3,79.0,301.5,310.7,5424.027904,2.247704905555964,0.18770347321010591,55.93713115690918,2025-09-28 10:29:41.782208,WP PMA 80467,No failure
1629,32.5,45.0,298.1,309.9,5446.587601,23.75340627019404,1.9241090702893169,87.54583502901593,2025-09-28 10:30:35.782208,WP PMA 80466,door close delay
1695,30.7,174.0,298.3,308.9,5282.3824,0.13116183142054283,0.03324027757021568,64.15346678863494,2025-09-28 10:36:36.782208,WP PMA 80467,No failure
1372,47.3,15.0,297.8,309.2,5329.292004,2.302616704859713,0.07060350717709422,55.5357933474633,2025-09-28 10:54:15.782208,WP PMA 80271,No failure
1394,45.4,36.0,303.8,313.1,5271.776449,4.603516518954702,0.1557602689654595,62.03863328279688,2025-09-28 10:57:58.782208,WP PMA 80467,No failure
1503,36.3,5.0,298.0,308.7,5356.7761,1.626467153861046,0.04486257684693572,58.38939405118526,2025-09-28 11:03:28.782208,WP PMA 80467,No failure
1528,46.3,203.0,296.7,308.1,5331.628324,27.188963976400803,1.6875662775840243,86.29292509365149,2025-09-28 11:21:41.782208,WP PMA 80467,signal delay
1485,40.5,188.0,300.2,310.1,5503.117489,44.27777270700361,1.00731822680138,85.07467411154907,2025-09-28 11:49:44.782208,WP PMA 80467,door close delay
1435,48.8,229.0,299.1,310.1,5296.055076,0.9241997605540656,0.15698892123209557,64.38900825603936,2025-09-28 12:08:55.782208,WP PMA 80466,No failure
1589,37.9,37.0,300.1,311.6,5498.964025,4.813117366223111,0.10598358717996391,56.2661544703753,2025-09-28 12:11:23.782208,WP PMA 80466,No failure
1393,52.6,167.0,298.8,309.1,5472.892441,1.8347900044249996,0.042223610474594164,59.625186886589475,2025-09-28 12:15:41.782208,WP PMA 80467,No failure
1534,33.2,75.0,298.3,308.2,5462.096836,38.38206123061534,1.8642989668196104,93.6352359612934,2025-09-28 12:34:25.782208,WP PMA 80271,door close delay
1457,47.8,7.0,301.6,310.7,5256.975025,0.6569361697576301,0.18684168160235284,55.64569928627319,2025-09-28 12:45:27.782208,WP PMA 80466,No failure
1446,36.6,227.0,297.1,308.1,5419.609924,43.297600346955875,1.571528479618523,90.93819912138767,2025-09-28 12:57:18.782208,WP PMA 80466,door close delay
1423,40.2,63.0,300.9,312.1,5491.254609,26.487242862943063,0.6574029788516131,82.48730646898161,2025-09-28 12:59:21.782208,WP PMA 80271,door open delay
1306,61.0,215.0,303.4,311.8,5473.336324,0.23113495034183837,0.10493610992036694,60.11789191967175,2025-09-28 13:02:18.782208,WP PMA 80271,No failure
1632,33.5,39.0,297.4,308.3,5262.0516,4.844553876809104,0.01940747929908626,55.121314681231425,2025-09-28 13:19:39.782208,WP PMA 80467,No failure
1477,34.6,195.0,300.0,310.1,5249.871936,3.506570654935991,0.053987165093875904,60.176073100687674,2025-09-28 14:38:56.782208,WP PMA 80466,No failure
1548,33.0,16.0,300.3,311.8,5245.525476,1.1691482653178265,0.10715058587771863,57.44997587477388,2025-09-28 14:46:09.782208,WP PMA 80467,No failure
1644,34.6,5.0,301.7,310.1,5281.946329,4.7095655428407435,0.09101799932735868,57.71054020511753,2025-09-28 15:04:36.782208,WP PMA 80467,No failure
1380,47.6,130.0,298.4,308.0,5392.699225,3.1058093954811103,0.023186104605969163,63.928275975922205,2025-09-28 15:35:41.782208,WP PMA 80466,No failure
1451,53.6,194.0,302.5,310.4,5466.679969,36.78689161924535,0.6298700216043418,95.66295953662588,2025-09-28 15:38:51.782208,WP PMA 80466,Random failure
1581,47.4,51.0,298.1,308.7,5470.525369,49.33111180790905,0.5420956171257758,97.1445135404005,2025-09-28 15:47:07.782208,WP PMA 80467,door close delay
1369,54.5,82.0,298.2,307.6,5393.580481,38.50290665050511,1.2820817618376699,95.37527025830784,2025-09-28 16:08:46.782208,WP PMA 80466,signal delay
1609,27.6,108.0,300.7,310.6,5252.045841,27.408002308158085,1.5516235058130665,90.91280030971026,2025-09-28 16:15:55.782208,WP PMA 80271,door close delay
1353,49.8,182.0,299.9,309.2,5413.133476,29.662009234732807,1.229492610046293,92.09581103221204,2025-09-28 16:26:02.782208,WP PMA 80467,drive delay
1479,39.2,151.0,297.0,307.9,5344.633449,37.76349785678516,1.8037052538950937,99.3437260437338,2025-09-28 16:31:35.782208,WP PMA 80271,door open delay
1605,37.0,84.0,296.9,307.8,5333.234841,23.86851950907212,0.9415366239424456,83.55504684964758,2025-09-28 16:48:36.782208,WP PMA 80271,door close delay
1352,52.8,41.0,299.1,310.2,5467.1236,3.6135534307748114,0.07996285022140855,64.53080465533395,2025-09-28 17:15:18.782208,WP PMA 80467,No failure
1392,46.4,174.0,297.4,308.7,5479.404529,49.82094774461507,1.7275260349496973,82.29807714007318,2025-09-28 17:16:58.782208,WP PMA 80467,signal delay
1680,33.7,185.0,298.1,308.3,5464.462084,40.53621110002542,1.861302562403293,99.0882319471089,2025-09-28 17:21:22.782208,WP PMA 80271,signal delay
1644,31.6,166.0,301.2,310.7,5516.775625,1.9653446916725987,0.08532233655692348,55.59291725595848,2025-09-28 17:35:23.782208,WP PMA 80467,No failure
1434,50.1,43.0,304.1,313.2,5489.179921,4.715142134013799,0.03355581786698309,64.39227100419964,2025-09-28 17:39:31.782208,WP PMA 80466,No failure
1341,49.2,208.0,297.8,309.7,5447.768481,46.183917584260286,1.0201454764390876,92.46166290911955,2025-09-28 18:03:11.782208,WP PMA 80467,signal delay
1350,47.7,168.0,297.0,307.9,5344.925881,3.5730200691929204,0.17054825459546583,58.05977871301313,2025-09-28 18:10:04.782208,WP PMA 80271,No failure
1560,38.9,180.0,299.9,309.2,5328.124036,4.212078744398147,0.17444667289131574,59.1143617590882,2025-09-28 18:13:10.782208,WP PMA 80271,No failure
1441,43.2,132.0,298.7,308.4,5469.489936,35.1055782720759,0.9394025035890767,81.07925966492373,2025-09-28 18:17:58.782208,WP PMA 80271,door close delay
1423,40.2,63.0,300.9,312.1,5491.254609,26.487242862943063,0.6574029788516131,82.48730646898161,2025-09-28 18:25:49.782208,WP PMA 80271,door open delay
1413,38.5,57.0,299.3,308.5,5363.072289,4.770883540064297,0.19584899716409743,61.5613485970151,2025-09-28 18:51:38.782208,WP PMA 80466,No failure
1586,36.6,215.0,299.1,309.9,5290.380225,1.9062378118411702,0.0893739091055185,60.63133226124778,2025-09-28 19:01:33.782208,WP PMA 80466,No failure
1416,61.8,209.0,300.7,310.4,5251.611024,2.608285911120253,0.10865604583750382,62.89526779612782,2025-09-28 19:13:09.782208,WP PMA 80467,No failure
1546,35.3,190.0,298.9,309.6,5290.089289,1.2669618466967298,0.14396355979786188,59.14088771290015,2025-09-28 19:13:48.782208,WP PMA 80466,No failure
1526,38.2,47.0,302.3,311.5,5445.111681,20.770653830747378,1.30602776858319,86.60692999486108,2025-09-28 19:30:57.782208,WP PMA 80271,signal delay
1446,49.9,133.0,295.6,306.2,5432.721849,4.447457333062044,0.18400416010424442,56.98573509965125,2025-09-28 19:37:42.782208,WP PMA 80271,No failure
1376,49.1,0.0,301.1,310.7,5516.478529,3.1344525925432056,0.10707349702116091,61.28226221736422,2025-09-28 19:38:12.782208,WP PMA 80466,No failure
1432,42.5,150.0,303.6,311.8,5277.586609,3.2579951117569097,0.08886016962907614,63.882811941170736,2025-09-28 19:45:44.782208,WP PMA 80271,No failure
1687,29.7,30.0,301.2,309.9,5319.076624,0.6948798404207599,0.12715327999468654,62.87563401978683,2025-09-28 20:03:35.782208,WP PMA 80467,No failure
1369,54.5,82.0,298.2,307.6,5393.580481,38.50290665050511,1.2820817618376699,95.37527025830784,2025-09-28 20:03:47.782208,WP PMA 80271,signal delay
1460,53.7,214.0,303.6,312.4,5275.552689,0.6357782977136278,0.047235725086190325,60.84435544318459,2025-09-28 20:07:33.782208,WP PMA 80466,No failure
1589,36.0,190.0,299.7,310.8,5467.419364,24.81802571081649,1.7230158856927384,92.27456179038798,2025-09-28 20:08:19.782208,WP PMA 80466,drive delay
1441,43.2,132.0,298.7,308.4,5469.489936,35.1055782720759,0.9394025035890767,81.07925966492373,2025-09-28 20:14:02.782208,WP PMA 80467,door close delay
1848,23.7,37.0,297.6,308.5,5455.004164,4.407101777175191,0.17997240239442253,64.07164261400995,2025-09-28 20:20:26.782208,WP PMA 80467,No failure
1254,57.1,124.0,298.7,309.6,5485.772356,2.9478900952121023,0.1521932355697307,60.82652913038052,2025-09-28 20:24:53.782208,WP PMA 80467,No failure
1744,28.5,42.0,297.6,308.6,5278.0225,3.3001976304280918,0.1075363024447455,57.10475388054867,2025-09-28 20:27:59.782208,WP PMA 80466,No failure
1559,44.2,23.0,298.4,310.0,5256.395001,4.39164732754277,0.03437944762261627,60.30013348527207,2025-09-28 20:29:26.782208,WP PMA 80467,No failure
1549,35.5,79.0,300.8,310.8,5262.196681,2.8367122390328277,0.1453795794115552,58.22157441863756,2025-09-28 20:34:59.782208,WP PMA 80466,No failure
1618,30.3,125.0,299.7,311.1,5488.290889,40.60410458568789,0.9727397823334152,91.90296894800397,2025-09-28 20:36:40.782208,WP PMA 80466,door close delay
1582,35.9,180.0,297.4,309.1,5452.493281,3.203810024209253,0.05034513014877967,61.82342736840446,2025-09-28 20:54:33.782208,WP PMA 80271,No failure
1486,38.9,106.0,300.7,310.9,5518.558369,27.887507757506174,1.9882297442715522,90.94967991009187,2025-09-28 21:01:29.782208,WP PMA 80466,door close delay
1378,59.0,95.0,301.2,312.4,5490.958201,0.6678124215621909,0.10082494374955225,64.11803766290305,2025-09-28 21:16:10.782208,WP PMA 80271,No failure
1859,24.0,178.0,297.8,307.3,5367.320644,1.1799480852306286,0.14243967088658038,57.88796461095838,2025-09-28 21:27:57.782208,WP PMA 80466,No failure
1553,32.2,161.0,299.8,310.8,5499.557281,0.5295766299736658,0.06680405394715419,63.56341092213118,2025-09-28 21:40:53.782208,WP PMA 80466,No failure
1924,20.8,29.0,298.1,308.0,5467.567249,4.138699760334296,0.1217077865983331,64.31335907774587,2025-09-28 21:45:27.782208,WP PMA 80466,No failure
1410,45.8,71.0,298.1,308.1,5382.569956,27.52074409551031,0.5276270527141842,96.37082823466986,2025-09-28 21:47:08.782208,WP PMA 80466,drive delay
1450,46.6,165.0,302.0,310.4,5284.126864,4.340542477379708,0.11967763957230988,58.828851139099726,2025-09-28 21:52:15.782208,WP PMA 80466,No failure
1665,29.6,20.0,298.1,308.5,5469.637849,37.238730558246914,1.0025553265776534,99.00835330996256,2025-09-28 21:52:35.782208,WP PMA 80467,Random failure
1440,41.5,197.0,301.3,310.4,5510.538289,4.658107324321327,0.15578451026072357,57.72259635010431,2025-09-28 21:54:22.782208,WP PMA 80271,No failure
1369,54.5,82.0,298.2,307.6,5393.580481,38.50290665050511,1.2820817618376699,95.37527025830784,2025-09-28 21:55:16.782208,WP PMA 80271,signal delay
1520,45.0,171.0,299.0,310.3,5412.839184,0.5743420257481607,0.08599607866860244,60.289942217393104,2025-09-28 21:55:17.782208,WP PMA 80466,No failure
1521,42.3,215.0,299.2,308.9,5356.483344,48.52642714523353,0.5951679291380665,96.63168155565477,2025-09-28 21:57:56.782208,WP PMA 80466,signal delay
1504,42.0,142.0,297.3,308.5,5479.552576,3.8475128915006716,0.09998718144109793,57.81859029025615,2025-09-28 22:00:47.782208,WP PMA 80466,No failure
1363,54.0,119.0,302.3,311.8,5503.117489,2.310472286537143,0.048151793824591935,55.25830573536503,2025-09-28 22:00:51.782208,WP PMA 80271,No failure
1460,48.6,204.0,298.2,307.6,5364.976516,2.059351629797984,0.094329021394797,55.1370598068446,2025-09-28 22:09:17.782208,WP PMA 80467,No failure
1319,60.3,36.0,299.1,308.2,5367.760225,0.6874065967438816,0.08532165702839369,62.32041623496487,2025-09-28 22:10:18.782208,WP PMA 80467,No failure
1513,36.1,212.0,299.4,309.2,5375.8224,4.8536746478986545,0.010100576252772749,62.91701405043005,2025-09-28 22:15:44.782208,WP PMA 80466,No failure
1620,34.1,89.0,299.2,308.4,5386.385664,45.8446025594114,0.5034314840442716,96.88632719093115,2025-09-28 22:18:55.782208,WP PMA 80467,door open delay
1413,43.0,137.0,300.2,309.7,5259.1504,2.44971372935704,0.08420896245727948,62.57848385216571,2025-09-28 22:22:13.782208,WP PMA 80271,No failure
1467,36.9,131.0,300.4,309.7,5415.340921,2.744904268224142,0.09951298864232344,56.874741306891075,2025-09-28 22:29:13.782208,WP PMA 80271,No failure
1523,43.3,60.0,301.8,310.7,5310.182641,29.49868042780217,1.669398076973442,90.49945716483931,2025-09-28 22:38:54.782208,WP PMA 80467,signal delay
1492,45.0,162.0,302.1,311.2,5446.587601,0.5400348273720059,0.019398789076922714,60.355470694986764,2025-09-28 23:11:59.782208,WP PMA 80467,No failure
1452,42.3,56.0,302.2,310.9,5282.673124,4.960024753496676,0.17302966330808245,62.52023270837799,2025-09-28 23:13:27.782208,WP PMA 80466,No failure
1514,35.5,138.0,303.7,312.6,5276.714881,2.3744614680832465,0.07765893576093917,58.42885717556627,2025-09-28 23:34:48.782208,WP PMA 80467,No failure
1456,43.7,80.0,298.1,308.1,5316.159744,3.1001696281364093,0.11612123536965244,57.15423121986673,2025-09-28 23:45:08.782208,WP PMA 80466,No failure
1466,49.0,66.0,302.2,311.7,5508.459961,46.56475728244531,1.788039593172544,96.4904334654153,2025-09-28 23:45:27.782208,WP PMA 80466,signal delay
1612,35.4,205.0,299.8,309.1,5327.686081,2.13761582652131,0.043797336008257075,59.563020359649144,2025-09-28 23:54:33.782208,WP PMA 80271,No failure
1779,26.1,169.0,299.9,309.5,5396.812369,1.350295979341549,0.11900346583873928,59.92063624562867,2025-09-28 23:55:50.782208,WP PMA 80271,No failure
1529,38.7,91.0,301.1,310.5,5516.0329,1.7637818764312752,0.1741700014203081,55.881271707178605,2025-09-29 00:01:29.782208,WP PMA 80271,No failure
1625,31.6,173.0,301.2,310.0,5320.389481,2.8428311668257686,0.05888804497262442,60.61456977519389,2025-09-29 00:05:08.782208,WP PMA 80466,No failure
1497,38.4,28.0,302.1,311.3,5435.670529,26.28941107100395,1.7209206689441916,99.77365236649493,2025-09-29 00:09:04.782208,WP PMA 80271,door close delay
1811,23.2,72.0,300.9,312.2,5241.904801,1.5112847839860906,0.12492932171570321,59.67727975511982,2025-09-29 00:18:38.782208,WP PMA 80467,No failure
1376,46.3,210.0,302.1,310.7,5450.8689,0.9648912621097258,0.13590545070335436,58.07770510002069,2025-09-29 00:23:35.782208,WP PMA 80466,No failure
1600,32.8,205.0,301.5,310.5,5257.120036,32.84282188032643,0.9163814461292255,84.44969552431002,2025-09-29 00:25:55.782208,WP PMA 80271,signal delay
1440,39.1,188.0,299.2,308.8,5364.830025,28.70156658921013,1.8130553264197087,85.95014107372285,2025-09-29 00:32:31.782208,WP PMA 80466,Random failure
1522,38.0,33.0,297.4,308.6,5418.873769,43.959348730009694,1.0402470399825932,82.86441012075419,2025-09-29 00:35:40.782208,WP PMA 80466,door close delay
1492,39.0,109.0,300.8,311.2,5253.785289,3.960860921108591,0.05413018001618285,61.72267911382654,2025-09-29 00:52:37.782208,WP PMA 80466,No failure
1509,38.3,95.0,301.4,310.7,5257.555081,1.9714811391366671,0.032699567707624465,64.9526088147214,2025-09-29 01:13:41.782208,WP PMA 80271,No failure
1734,32.4,161.0,299.0,308.6,5390.4964,36.16471629499442,0.9531873013492951,95.43673005245326,2025-09-29 02:04:09.782208,WP PMA 80466,Random failure
1557,31.6,52.0,300.8,310.9,5520.044209,23.535299894024025,1.8677102114598112,91.6199465983229,2025-09-29 02:11:14.782208,WP PMA 80271,door open delay
1525,39.3,86.0,298.4,309.1,5402.103001,4.824857570261878,0.1875371832499189,55.890782656029344,2025-09-29 02:16:04.782208,WP PMA 80271,No failure
1627,31.7,40.0,303.7,312.8,5483.4025,2.8961589806569767,0.19049932637127395,56.595008139295956,2025-09-29 02:16:33.782208,WP PMA 80466,No failure
1440,46.3,64.0,296.9,308.1,5332.942729,1.239196195393887,0.04615056373753121,60.75341148370728,2025-09-29 02:16:49.782208,WP PMA 80467,No failure
1425,47.8,179.0,300.0,311.1,5248.133136,31.892833073046287,0.9683666427343691,94.56991747011459,2025-09-29 02:35:54.782208,WP PMA 80466,signal delay
1661,34.2,109.0,296.7,307.4,5476.148001,39.530100823585144,1.8141870939694895,80.63461521403563,2025-09-29 02:38:10.782208,WP PMA 80467,door open delay
1425,45.5,11.0,298.4,309.2,5301.732969,3.5855517559397434,0.04555879656132584,56.763444493540696,2025-09-29 02:58:26.782208,WP PMA 80467,No failure
1564,50.9,119.0,304.0,313.1,5273.954884,1.20676357602063,0.15487807548769966,62.6940502657904,2025-09-29 03:01:16.782208,WP PMA 80467,No failure
1567,36.5,72.0,300.4,309.9,5414.605056,1.6554136568413187,0.14088270108536882,57.21397996427537,2025-09-29 03:14:58.782208,WP PMA 80467,No failure
1416,61.8,209.0,300.7,310.4,5504.304481,21.449680119185427,1.6055801123947226,87.14991297931678,2025-09-29 03:26:33.782208,WP PMA 80466,signal delay
1375,55.4,145.0,298.6,309.4,5289.6529,2.5141783767576786,0.014098977060222968,55.65307693895655,2025-09-29 03:51:18.782208,WP PMA 80467,No failure
1931,22.0,24.0,300.6,310.6,5520.192804,1.9690446558261907,0.15114322624558296,63.234098843207434,2025-09-29 03:56:15.782208,WP PMA 80271,No failure
1686,28.9,59.0,301.7,310.2,5281.800976,41.80940364666146,1.806523433807369,93.02853967611605,2025-09-29 04:16:54.782208,WP PMA 80466,door open delay
1349,50.4,226.0,299.2,310.0,5468.454601,2.65025030353197,0.1008082196247645,60.2863309248266,2025-09-29 04:21:57.782208,WP PMA 80466,No failure
1523,43.3,60.0,301.8,310.7,5310.182641,29.49868042780217,1.669398076973442,90.49945716483931,2025-09-29 04:32:16.782208,WP PMA 80271,signal delay
1704,29.5,0.0,300.3,310.3,5502.969124,3.857455193317946,0.17578845591654713,63.438090774984445,2025-09-29 04:35:15.782208,WP PMA 80467,No failure
1441,43.2,132.0,298.7,308.4,5469.489936,35.1055782720759,0.9394025035890767,81.07925966492373,2025-09-29 04:54:32.782208,WP PMA 80271,door close delay
1366,48.4,116.0,299.4,309.3,5393.139844,3.358548295586706,0.01541634155950788,59.405856585363,2025-09-29 05:07:31.782208,WP PMA 80466,No failure
1560,47.7,26.0,300.1,309.4,5343.317604,1.3406296764850774,0.17162262437688366,60.74400841921755,2025-09-29 05:09:17.782208,WP PMA 80466,No failure
1611,31.0,48.0,297.6,308.4,5458.993225,1.1764731141889895,0.07056759686046138,59.32035777454847,2025-09-29 05:14:57.782208,WP PMA 80271,No failure
1662,33.6,67.0,299.0,310.3,5406.513841,3.448734574475851,0.11202003790620957,63.12526722210362,2025-09-29 05:21:48.782208,WP PMA 80467,No failure
1392,52.9,173.0,301.0,310.9,5254.365169,41.6977753684972,0.7231161539905369,99.45713980477058,2025-09-29 05:25:39.782208,WP PMA 80271,signal delay
1466,49.0,66.0,302.2,311.7,5508.459961,46.56475728244531,1.788039593172544,96.4904334654153,2025-09-29 05:29:04.782208,WP PMA 80466,signal delay
1506,37.7,210.0,297.1,308.1,5345.364544,2.0566126880080313,0.13843194388290256,64.1761657517676,2025-09-29 05:36:57.782208,WP PMA 80271,No failure
1439,41.7,185.0,297.9,310.0,5325.934441,1.487946429340382,0.02052294838805057,57.509122154069765,2025-09-29 06:05:07.782208,WP PMA 80467,No failure
1526,35.3,46.0,300.2,309.4,5330.4601,21.583542943926396,0.7296964552860199,87.23862919341,2025-09-29 06:10:06.782208,WP PMA 80467,signal delay
1480,43.7,153.0,300.6,309.9,5258.135169,0.4006058771771215,0.163696560830661,60.44137145180231,2025-09-29 06:10:53.782208,WP PMA 80467,No failure
1330,54.4,171.0,300.7,309.8,5513.0625,0.6666867554335727,0.13929030272698376,56.27225569800345,2025-09-29 06:17:45.782208,WP PMA 80467,No failure
1588,41.3,0.0,299.6,309.1,5372.157025,26.46854447660091,1.4917981431887635,95.72411595126835,2025-09-29 06:26:15.782208,WP PMA 80271,Random failure
1530,42.3,21.0,302.3,311.5,5507.866225,30.450301760589426,1.1058661088010444,87.95387877662486,2025-09-29 06:51:29.782208,WP PMA 80467,signal delay
1479,39.2,151.0,297.0,307.9,5344.633449,37.76349785678516,1.8037052538950937,99.3437260437338,2025-09-29 07:07:18.782208,WP PMA 80467,door open delay
1661,38.2,82.0,298.1,309.0,5482.513936,35.00952125655859,1.783869388811883,99.12664194372854,2025-09-29 07:08:38.782208,WP PMA 80467,door open delay
1597,35.8,160.0,302.2,311.9,5266.550041,1.6089775408204379,0.0817938596395482,63.89810531064938,2025-09-29 07:16:49.782208,WP PMA 80271,No failure
1386,42.1,170.0,300.8,310.7,5504.452864,1.7502534933236154,0.021140935015993415,62.48091064913886,2025-09-29 07:20:53.782208,WP PMA 80466,No failure
1418,41.9,208.0,301.3,311.0,5265.388969,0.5303744283827709,0.16506074765166293,64.10560124455307,2025-09-29 07:22:50.782208,WP PMA 80467,No failure
1948,19.7,66.0,302.0,310.8,5284.563025,42.5210758051029,1.9285960490927083,90.59359876216341,2025-09-29 07:42:33.782208,WP PMA 80271,door open delay
1472,46.0,199.0,298.9,309.6,5290.234756,0.19904954204006303,0.030904886611261673,56.48587632179525,2025-09-29 07:57:14.782208,WP PMA 80467,No failure
1393,45.7,99.0,298.7,309.7,5485.920489,22.951023860642238,1.950191784586998,84.35485044656178,2025-09-29 08:09:24.782208,WP PMA 80466,door close delay
1438,49.0,61.0,300.9,311.0,5518.706944,3.8335226328364533,0.18612647378358685,57.222203430265694,2025-09-29 08:16:50.782208,WP PMA 80467,No failure
1344,49.3,93.0,303.5,311.9,5276.860164,4.225020558141419,0.13664328653294075,60.71526823515623,2025-09-29 08:21:30.782208,WP PMA 80466,No failure
1364,65.3,208.0,300.7,310.2,5516.924176,1.3864097208776012,0.01899986933927634,60.82781115776367,2025-09-29 08:53:24.782208,WP PMA 80466,No failure
1375,46.4,48.0,298.7,308.5,5373.476416,26.69484987609539,0.88461271440945,80.9906377364198,2025-09-29 08:53:43.782208,WP PMA 80467,door close delay
1735,26.4,41.0,297.6,309.0,5329.584016,1.3948133538890268,0.03574216423171578,55.540819126732366,2025-09-29 09:02:20.782208,WP PMA 80466,No failure
1571,36.8,78.0,298.9,310.1,5466.975721,4.520649169951873,0.18293662223511195,58.42287572627268,2025-09-29 09:27:52.782208,WP PMA 80466,No failure
1599,32.9,58.0,297.3,308.4,5475.260025,1.1551162924602252,0.056943691397423495,59.28334223171713,2025-09-29 09:29:44.782208,WP PMA 80467,No failure
1488,46.3,198.0,299.0,310.0,5295.618441,4.1183624043041345,0.15268622298453446,55.81805595269552,2025-09-29 09:38:35.782208,WP PMA 80271,No failure
1720,29.9,210.0,297.7,308.5,5317.763929,3.3354688766254035,0.016339355969829855,58.819516451595746,2025-09-29 09:40:01.782208,WP PMA 80466,No failure
1804,25.1,118.0,298.1,308.9,5284.126864,39.21335321839662,1.9275975390562305,80.33006919824466,2025-09-29 09:40:56.782208,WP PMA 80466,door open delay
1413,40.7,117.0,300.0,309.3,5341.563396,1.951737181920346,0.10806395345430198,58.85102266468452,2025-09-29 09:47:04.782208,WP PMA 80466,No failure
1571,33.6,126.0,300.4,309.6,5513.359504,2.8935638171406928,0.1633160724475077,57.32127540265527,2025-09-29 09:55:33.782208,WP PMA 80467,No failure
1530,32.0,169.0,300.4,311.2,5496.887881,2.009547447120561,0.04505797196779644,59.336735366749245,2025-09-29 10:09:45.782208,WP PMA 80271,No failure
1310,48.8,103.0,301.1,310.6,5254.655121,36.17824182273196,1.4911480180915766,94.86845780453619,2025-09-29 10:27:35.782208,WP PMA 80271,door close delay
1379,54.8,99.0,301.9,310.9,5309.453956,2.40624635553694,0.044952061078158224,57.709696135037724,2025-09-29 10:31:40.782208,WP PMA 80466,No failure
1523,34.7,181.0,301.7,310.5,5431.69,21.90800351979119,1.6851328885107058,85.86132528801342,2025-09-29 10:33:57.782208,WP PMA 80467,door open delay
1550,34.9,111.0,301.0,312.3,5241.76,40.43445593905051,1.6685544741278708,90.85306688363391,2025-09-29 10:46:33.782208,WP PMA 80467,door open delay
1514,37.7,60.0,295.8,306.5,5335.572025,1.3590046559333824,0.1298394665899696,61.02641173723423,2025-09-29 11:02:52.782208,WP PMA 80466,No failure
1622,37.2,103.0,297.5,308.3,5457.958884,47.56231038168288,0.695912273194448,80.02490348311116,2025-09-29 11:16:13.782208,WP PMA 80466,Random failure
1363,53.1,183.0,300.7,309.8,5258.135169,3.576823892139566,0.1635878752133794,56.98158150149116,2025-09-29 11:27:13.782208,WP PMA 80271,No failure
1665,29.6,20.0,298.1,308.5,5469.637849,37.238730558246914,1.0025553265776534,99.00835330996256,2025-09-29 11:27:33.782208,WP PMA 80271,Random failure
1409,56.0,19.0,304.3,313.6,5272.792996,3.942895433954907,0.056719573657216964,57.926758908287724,2025-09-29 11:32:26.782208,WP PMA 80466,No failure
1395,46.2,122.0,298.0,308.5,5316.743056,4.80009390325923,0.1091659115972782,60.91551523215856,2025-09-29 11:38:58.782208,WP PMA 80271,No failure
1789,25.5,114.0,300.9,311.2,5252.770576,29.099466842190104,1.738325870197019,93.84443719569134,2025-09-29 11:41:08.782208,WP PMA 80466,signal delay
1528,42.4,163.0,300.5,311.6,5495.701689,2.2193482505630024,0.022967524940961354,61.344059497664546,2025-09-29 11:47:33.782208,WP PMA 80467,No failure
1881,21.9,102.0,300.0,310.4,5249.292304,1.2821112002777981,0.06329933816496491,64.35762714603037,2025-09-29 11:48:31.782208,WP PMA 80466,No failure
1684,29.3,167.0,303.8,312.6,5478.9604,45.95904206895359,1.5958608150105298,83.515013763323,2025-09-29 12:22:21.782208,WP PMA 80466,door close delay
1431,39.3,22.0,300.7,310.7,5263.357401,45.30621408858687,1.6214025308819116,97.16558546598277,2025-09-29 12:25:59.782208,WP PMA 80467,door open delay
1472,39.7,187.0,301.9,310.5,5283.981481,4.1276179735721525,0.042678897505371585,62.17545092089892,2025-09-29 12:29:09.782208,WP PMA 80466,No failure
1282,60.7,216.0,298.4,308.2,5312.223225,46.054799096900865,0.516679854665987,93.82813388686158,2025-09-29 12:37:22.782208,WP PMA 80271,door open delay
1746,28.1,167.0,302.3,312.0,5509.795984,1.7869797874183924,0.03859001984017691,58.937421781614674,2025-09-29 12:56:25.782208,WP PMA 80466,No failure
1534,33.2,75.0,298.3,308.2,5462.096836,38.38206123061534,1.8642989668196104,93.6352359612934,2025-09-29 13:14:04.782208,WP PMA 80466,door close delay
1629,32.1,55.0,300.0,311.3,5246.829225,27.554756501884274,1.2394743242853634,86.1081681006253,2025-09-29 13:30:17.782208,WP PMA 80467,door close delay
1406,48.8,159.0,302.0,311.1,5446.587601,2.900171784047499,0.011682516777226657,60.71004650476217,2025-09-29 13:52:15.782208,WP PMA 80467,No failure
1483,45.6,187.0,300.0,311.4,5243.497744,4.089044475135448,0.017533726285231064,62.63863945594877,2025-09-29 13:58:04.782208,WP PMA 80271,No failure
1559,39.7,24.0,300.1,309.4,5401.221049,32.44510658974924,1.7117118145834187,97.35954246520838,2025-09-29 14:00:14.782208,WP PMA 80467,door open delay
1671,31.6,137.0,301.7,310.8,5316.888889,29.42162169453939,1.7513437119216573,96.732082886829,2025-09-29 14:02:40.782208,WP PMA 80271,door open delay
1387,57.6,50.0,298.6,309.6,5464.462084,31.02007056378983,1.924982620112702,85.77319677094144,2025-09-29 14:06:01.782208,WP PMA 80466,signal delay
1566,41.9,50.0,297.9,308.9,5269.888836,2.578325161322085,0.11603948701865213,57.29104592291607,2025-09-29 14:08:53.782208,WP PMA 80467,No failure
1583,32.5,25.0,299.0,308.7,5391.671184,1.6110076009699643,0.14499865786075614,64.08470682175009,2025-09-29 14:13:51.782208,WP PMA 80271,No failure
1464,49.1,171.0,303.9,313.4,5271.195609,49.98468948636307,0.7407190196670943,80.1908078185052,2025-09-29 14:20:30.782208,WP PMA 80467,door open delay
1480,38.1,160.0,298.5,309.5,5471.117089,1.9239529102138204,0.1174887155877825,60.15797126954868,2025-09-29 14:20:30.782208,WP PMA 80466,No failure
1418,47.7,73.0,300.1,311.4,5243.932225,1.7691859902245415,0.017430233449877545,61.40435555784141,2025-09-29 14:28:05.782208,WP PMA 80466,No failure
1362,53.8,164.0,298.3,308.5,5314.41,4.442805268936966,0.11939952415756548,57.03042170951316,2025-09-29 14:30:36.782208,WP PMA 80467,No failure
1513,37.9,0.0,303.2,311.5,5473.632256,2.240731448122145,0.1436919499611492,64.5191844760985,2025-09-29 14:30:51.782208,WP PMA 80467,No failure
1522,38.0,33.0,297.4,308.6,5418.873769,43.959348730009694,1.0402470399825932,82.86441012075419,2025-09-29 14:55:13.782208,WP PMA 80466,door close delay
1441,48.8,200.0,300.5,309.8,5410.190916,1.1161803266857306,0.1257705731145619,64.51625906982264,2025-09-29 15:03:56.782208,WP PMA 80467,No failure
1590,36.3,93.0,300.7,312.3,5242.918464,3.209147488604839,0.02148645004520557,64.91327035028866,2025-09-29 15:21:59.782208,WP PMA 80271,No failure
1608,32.6,57.0,298.1,307.8,5363.072289,2.3934260660104476,0.1540784493231639,57.378528557143866,2025-09-29 15:32:32.782208,WP PMA 80271,No failure
2267,15.7,181.0,297.1,308.2,5271.486025,4.125095940338714,0.05236343953645385,56.107266571347864,2025-09-29 15:44:50.782208,WP PMA 80271,No failure
1426,48.6,124.0,295.6,306.2,5336.448601,3.698030957080272,0.11256473892843481,61.276045853110666,2025-09-29 15:44:51.782208,WP PMA 80271,No failure
1620,36.2,139.0,302.6,311.0,5456.185956,3.1478513348049617,0.04097815792831712,59.441347239920646,2025-09-29 15:56:43.782208,WP PMA 80271,No failure
1457,44.7,195.0,299.2,308.5,5368.639441,1.7990995377605932,0.13976897322474358,58.42899482053298,2025-09-29 15:59:02.782208,WP PMA 80271,No failure
1483,37.0,35.0,301.9,310.9,5429.626596,3.0540368101104067,0.1544783991603534,64.16148364897654,2025-09-29 16:01:16.782208,WP PMA 80467,No failure
1606,33.6,67.0,298.3,308.5,5466.827844,44.7178826205094,1.1768198578144409,82.56248054352427,2025-09-29 16:15:22.782208,WP PMA 80467,drive delay
1563,32.8,51.0,298.1,309.9,5446.44,23.249154431791236,1.3895731218270553,92.09673056674498,2025-09-29 16:17:01.782208,WP PMA 80467,door close delay
1523,37.7,80.0,298.1,307.7,5363.511696,2.8783327709880275,0.02067318332427865,58.994984568580314,2025-09-29 16:23:25.782208,WP PMA 80466,No failure
1964,21.4,15.0,300.6,311.6,5244.946084,0.19011923232478725,0.10714282377809313,60.74293399549298,2025-09-29 16:43:45.782208,WP PMA 80467,No failure
1466,49.0,66.0,302.2,311.7,5508.459961,46.56475728244531,1.788039593172544,96.4904334654153,2025-09-29 16:47:27.782208,WP PMA 80467,signal delay
1594,32.4,204.0,301.7,310.8,5303.626276,37.38423566578929,1.3463625335459448,86.49307795768311,2025-09-29 16:47:45.782208,WP PMA 80467,Random failure
1462,41.4,75.0,300.8,311.3,5506.233616,3.05003329578517,0.032245637977290936,63.96358581216067,2025-09-29 16:53:53.782208,WP PMA 80467,No failure
1416,61.8,209.0,300.7,310.4,5504.304481,21.449680119185427,1.6055801123947226,87.14991297931678,2025-09-29 16:53:58.782208,WP PMA 80466,signal delay
1410,45.8,71.0,298.1,308.1,5382.569956,27.52074409551031,0.5276270527141842,96.37082823466986,2025-09-29 17:04:01.782208,WP PMA 80467,drive delay
1375,42.7,58.0,298.9,309.3,5474.816064,36.69009158864943,0.8981628206628844,98.64108579120862,2025-09-29 17:04:28.782208,WP PMA 80466,door close delay
1478,38.6,141.0,301.8,310.5,5304.791556,37.28807496496765,1.3246250892014255,81.75641095592287,2025-09-29 17:08:20.782208,WP PMA 80271,door close delay
1903,21.2,23.0,302.9,312.5,5501.782276,1.4849072167111872,0.14937747728779507,58.51516618699814,2025-09-29 17:18:03.782208,WP PMA 80467,No failure
1789,25.5,114.0,300.9,311.2,5252.770576,29.099466842190104,1.738325870197019,93.84443719569134,2025-09-29 17:21:52.782208,WP PMA 80467,signal delay
1588,33.4,204.0,297.1,308.4,5416.224025,38.83808741520501,1.6968130959118022,95.07069908070774,2025-09-29 17:22:09.782208,WP PMA 80466,door open delay
1680,33.7,185.0,298.1,308.3,5464.462084,40.53621110002542,1.861302562403293,99.0882319471089,2025-09-29 17:24:09.782208,WP PMA 80271,signal delay
1434,41.8,93.0,298.1,308.8,5469.194116,1.1536875211153936,0.12317417991712785,58.685797797266986,2025-09-29 17:31:50.782208,WP PMA 80271,No failure
1502,43.2,139.0,297.6,308.3,5260.455841,45.25046550085902,0.681504933084405,84.61137984892757,2025-09-29 17:34:39.782208,WP PMA 80466,door close delay
1551,33.7,214.0,300.1,309.1,5416.518409,1.6990846353181144,0.03970522667012137,60.19123827719584,2025-09-29 18:17:22.782208,WP PMA 80467,No failure
1564,33.8,183.0,298.9,310.0,5353.263556,0.6521124216670617,0.14006001784765812,64.53109485610958,2025-09-29 18:34:33.782208,WP PMA 80271,No failure
1738,24.0,195.0,297.5,308.9,5329.0,40.63022144617679,0.952472150300518,95.93287998331198,2025-09-29 18:51:26.782208,WP PMA 80271,door close delay
1370,50.3,20.0,301.9,310.7,5282.963856,1.3853683944982038,0.1536037770387804,62.50444899500084,2025-09-29 19:28:45.782208,WP PMA 80466,No failure
1364,55.6,163.0,297.2,308.5,5347.558129,36.461385699506096,1.9983719108979061,90.26570522546112,2025-09-29 19:35:20.782208,WP PMA 80466,door open delay
1588,41.3,0.0,299.6,309.1,5372.157025,26.46854447660091,1.4917981431887635,95.72411595126835,2025-09-29 19:43:43.782208,WP PMA 80271,Random failure
1512,44.9,86.0,301.0,310.4,5260.310784,39.36836299538538,1.6935308256837749,96.5270926355088,2025-09-29 19:44:09.782208,WP PMA 80467,door open delay
1405,49.4,77.0,300.3,309.5,5342.294281,3.4748151132778324,0.14869624060760225,57.292683282756514,2025-09-29 19:50:36.782208,WP PMA 80467,No failure
1366,49.7,74.0,299.2,308.5,5386.238881,45.32958564048296,1.215939721799948,82.21845222297605,2025-09-29 20:00:17.782208,WP PMA 80467,signal delay
1493,36.0,161.0,297.9,307.6,5384.917924,0.3073926463775962,0.1850854428251961,61.709402529550815,2025-09-29 20:04:47.782208,WP PMA 80271,No failure
1475,47.9,79.0,302.4,311.0,5282.673124,37.29116374458573,1.6642971181662811,88.8607658808726,2025-09-29 20:06:29.782208,WP PMA 80467,Random failure
1401,54.6,94.0,300.6,311.0,5519.747025,0.19653127832573075,0.11836927778273325,60.778947621050705,2025-09-29 20:20:37.782208,WP PMA 80271,No failure
1534,33.2,75.0,298.3,308.2,5462.096836,38.38206123061534,1.8642989668196104,93.6352359612934,2025-09-29 20:20:53.782208,WP PMA 80271,door close delay
1623,33.4,74.0,297.5,309.3,5450.130625,35.32667695115313,1.498253405644066,95.89964159155058,2025-09-29 20:26:43.782208,WP PMA 80466,door close delay
1456,50.8,15.0,301.2,309.9,5419.9044,0.19915147648577602,0.0728661610323792,59.535718463773506,2025-09-29 20:31:42.782208,WP PMA 80271,No failure
1268,56.3,161.0,300.9,310.7,5508.163089,1.0671284695395742,0.19704742028891345,62.68129848302597,2025-09-29 20:37:05.782208,WP PMA 80467,No failure
1341,49.2,208.0,297.8,309.7,5447.768481,46.183917584260286,1.0201454764390876,92.46166290911955,2025-09-29 20:45:05.782208,WP PMA 80271,signal delay
1563,32.8,51.0,298.1,309.9,5446.44,23.249154431791236,1.3895731218270553,92.09673056674498,2025-09-29 20:54:09.782208,WP PMA 80466,door close delay
1410,45.8,71.0,298.1,308.1,5382.569956,27.52074409551031,0.5276270527141842,96.37082823466986,2025-09-29 20:54:14.782208,WP PMA 80466,drive delay
1569,33.9,93.0,297.3,308.7,5479.848676,4.659644766856117,0.08285417129608175,56.48090878657917,2025-09-29 20:56:59.782208,WP PMA 80271,No failure
1606,33.5,121.0,300.5,310.7,5263.937809,4.595514154776757,0.15493137847086808,57.69672022807196,2025-09-29 20:57:41.782208,WP PMA 80271,No failure
1521,37.2,131.0,299.6,311.1,5467.715136,46.673454718591316,1.420389399153339,95.87920103880379,2025-09-29 21:08:08.782208,WP PMA 80466,door close delay
1310,48.8,103.0,301.1,310.6,5254.655121,36.17824182273196,1.4911480180915766,94.86845780453619,2025-09-29 21:15:07.782208,WP PMA 80467,door close delay
1576,31.1,,300.5,311.9,5244.511561,1.3227634806375401,0.016755108087958638,63.63247515986627,2025-09-29 21:16:37.782208,WP PMA 80466,No failure
1522,38.0,33.0,297.4,308.6,5418.873769,43.959348730009694,1.0402470399825932,82.86441012075419,2025-09-29 21:24:53.782208,WP PMA 80467,door close delay
1948,19.7,66.0,302.0,310.8,5284.563025,42.5210758051029,1.9285960490927083,90.59359876216341,2025-09-29 21:30:30.782208,WP PMA 80467,door open delay
1440,42.5,87.0,299.4,308.9,5358.825616,2.1908163103064227,0.09274895871404847,60.97107177276622,2025-09-29 21:39:44.782208,WP PMA 80466,No failure
1522,46.4,2.0,298.9,308.6,5394.608704,3.917431369759764,0.12083969559986299,58.84978528647824,2025-09-29 21:54:58.782208,WP PMA 80271,No failure
1464,49.1,171.0,303.9,313.4,5271.195609,49.98468948636307,0.7407190196670943,80.1908078185052,2025-09-29 22:00:13.782208,WP PMA 80466,door open delay
1389,53.3,132.0,296.2,306.8,5339.2249,1.352570169620513,0.06293005720543776,61.7983490536197,2025-09-29 22:12:48.782208,WP PMA 80466,No failure
1393,55.9,79.0,298.0,309.0,5281.074241,38.304028882010535,1.803235441130456,87.01367158265482,2025-09-29 22:14:00.782208,WP PMA 80271,door open delay
1467,39.6,,298.4,309.1,5402.25,21.422795318204866,0.5162020865393773,91.32636453399321,2025-09-29 22:20:00.782208,WP PMA 80466,door open delay
1366,49.7,74.0,299.2,308.5,5386.238881,45.32958564048296,1.215939721799948,82.21845222297605,2025-09-29 22:40:55.782208,WP PMA 80271,signal delay
1661,38.2,82.0,298.1,309.0,5482.513936,35.00952125655859,1.783869388811883,99.12664194372854,2025-09-29 22:59:14.782208,WP PMA 80467,door open delay
1571,38.3,59.0,299.3,309.1,5350.9225,3.712402705339327,0.12073522201683567,56.11436484288872,2025-09-29 23:15:21.782208,WP PMA 80271,No failure
1530,42.3,21.0,302.3,311.5,5507.866225,30.450301760589426,1.1058661088010444,87.95387877662486,2025-09-29 23:25:12.782208,WP PMA 80466,signal delay
2012,21.1,115.0,304.0,313.0,5490.069025,2.7506022999387603,0.05283553843828129,56.081442283270405,2025-09-29 23:41:12.782208,WP PMA 80467,No failure
2074,18.9,9.0,300.5,311.0,5246.1049,0.778321883801885,0.05265093776865261,64.30214935313225,2025-09-29 23:42:39.782208,WP PMA 80467,No failure
1367,53.3,201.0,299.9,310.4,5248.857601,4.7374859075011155,0.18087427077896703,58.09442329698332,2025-09-29 23:46:00.782208,WP PMA 80467,No failure
1559,39.7,24.0,300.1,309.4,5401.221049,32.44510658974924,1.7117118145834187,97.35954246520838,2025-09-29 23:46:31.782208,WP PMA 80466,door open delay
1600,32.8,205.0,301.5,310.5,5257.120036,32.84282188032643,0.9163814461292255,84.44969552431002,2025-09-29 23:54:45.782208,WP PMA 80271,signal delay
1696,29.6,65.0,304.1,313.4,5272.502544,2.5743957969864857,0.15907998410087296,55.0550209588667,2025-09-30 00:14:34.782208,WP PMA 80271,No failure
1534,33.2,75.0,298.3,308.2,5462.096836,38.38206123061534,1.8642989668196104,93.6352359612934,2025-09-30 00:26:17.782208,WP PMA 80467,door close delay
1478,38.6,141.0,301.8,310.5,5304.791556,37.28807496496765,1.3246250892014255,81.75641095592287,2025-09-30 00:31:22.782208,WP PMA 80271,door close delay
1393,50.3,193.0,297.9,308.1,5314.847409,0.5749922158664974,0.12228002520381333,59.44723677074537,2025-09-30 00:33:23.782208,WP PMA 80271,No failure
1815,23.5,49.0,300.4,311.6,5493.922641,1.2290030392954936,0.08719034918737605,58.93098493200196,2025-09-30 00:42:10.782208,WP PMA 80467,No failure
1578,33.5,158.0,302.3,311.0,5440.5376,2.138136883530314,0.029673093631314505,60.82655824691003,2025-09-30 00:50:23.782208,WP PMA 80271,No failure
1372,54.2,49.0,301.3,310.8,5508.756841,1.5151564865690863,0.16104641105028547,61.34433362052401,2025-09-30 00:55:22.782208,WP PMA 80271,No failure
1321,46.9,75.0,300.1,309.6,5514.844644,4.9028871502149425,0.12616264858720674,56.88453086565852,2025-09-30 00:55:30.782208,WP PMA 80466,No failure
1764,27.7,23.0,298.1,307.6,5362.6329,4.031262127089206,0.16441620174376395,64.3714229938547,2025-09-30 01:21:17.782208,WP PMA 80271,No failure
1448,44.5,55.0,303.7,312.8,5495.553424,2.415449467628256,0.12626390269767954,60.916960313920555,2025-09-30 01:39:24.782208,WP PMA 80271,No failure
1392,46.4,174.0,297.4,308.7,5479.404529,49.82094774461507,1.7275260349496973,82.29807714007318,2025-09-30 01:39:27.782208,WP PMA 80466,signal delay
1529,36.8,237.0,302.8,312.4,5497.925904,4.387977082770585,0.19557189145426676,60.769275061592836,2025-09-30 01:40:03.782208,WP PMA 80467,No failure
1438,45.5,188.0,304.1,313.3,5488.290889,1.9547479425440126,0.10447748222787832,57.86136251384481,2025-09-30 01:41:25.782208,WP PMA 80271,No failure
1612,33.0,34.0,300.1,309.0,5322.869764,4.604839139026438,0.057232793957332606,55.48870864825533,2025-09-30 01:49:28.782208,WP PMA 80271,No failure
1512,43.2,47.0,299.4,310.0,5248.567809,2.9192485449774517,0.12872803723465134,57.50111410845425,2025-09-30 01:57:28.782208,WP PMA 80467,No failure
1505,39.2,209.0,297.4,309.0,5323.307521,1.468196913162316,0.17189148395320444,60.33758122195318,2025-09-30 01:58:05.782208,WP PMA 80467,No failure
2130,18.1,185.0,303.7,313.1,5494.367376,1.4146361043303044,0.028071681285066874,60.96387615213479,2025-09-30 01:58:09.782208,WP PMA 80271,No failure
1330,55.4,114.0,298.3,307.8,5363.951121,1.0942672965796403,0.15278125083303426,61.041884435520245,2025-09-30 02:03:59.782208,WP PMA 80466,No failure
1417,39.2,65.0,298.1,308.9,5402.544004,42.18444491739179,0.8419734264000982,90.26619371204663,2025-09-30 02:37:22.782208,WP PMA 80466,door close delay
1621,31.0,108.0,301.1,310.7,5254.655121,1.0281711611941415,0.1172172699438123,59.452625441820736,2025-09-30 03:28:11.782208,WP PMA 80467,No failure
1959,22.3,157.0,303.5,311.7,5472.448576,29.43254792505012,0.8841722655722568,98.0943208432986,2025-09-30 03:29:56.782208,WP PMA 80466,signal delay
1605,37.0,84.0,296.9,307.8,5333.234841,23.86851950907212,0.9415366239424456,83.55504684964758,2025-09-30 03:35:13.782208,WP PMA 80467,door close delay
1600,32.8,205.0,301.5,310.5,5257.120036,32.84282188032643,0.9163814461292255,84.44969552431002,2025-09-30 03:46:45.782208,WP PMA 80467,signal delay
1492,40.8,150.0,301.9,311.5,5512.765504,1.6633151522736256,0.025261171493300108,63.45255079247676,2025-09-30 03:46:56.782208,WP PMA 80467,No failure
1711,28.7,83.0,302.1,311.0,5290.089289,3.8958132776316816,0.10432282142353726,57.284037691617186,2025-09-30 03:50:37.782208,WP PMA 80466,No failure
1554,42.0,58.0,302.6,312.3,5269.743649,2.163674336520675,0.019990899351302178,59.38151699256394,2025-09-30 03:51:11.782208,WP PMA 80466,No failure
1451,49.0,115.0,300.0,311.5,5243.787396,0.7370730689753779,0.19942793577333276,64.53594363182566,2025-09-30 04:08:58.782208,WP PMA 80466,No failure
1425,47.8,179.0,300.0,311.1,5248.133136,31.892833073046287,0.9683666427343691,94.56991747011459,2025-09-30 04:09:48.782208,WP PMA 80467,signal delay
1464,49.1,171.0,303.9,313.4,5271.195609,49.98468948636307,0.7407190196670943,80.1908078185052,2025-09-30 04:10:17.782208,WP PMA 80466,door open delay
1471,47.2,201.0,300.1,311.5,5493.033225,2.1266374015567986,0.16779616587569057,64.09870226282895,2025-09-30 04:15:07.782208,WP PMA 80467,No failure
1530,42.3,21.0,302.3,311.5,5507.866225,30.450301760589426,1.1058661088010444,87.95387877662486,2025-09-30 04:21:13.782208,WP PMA 80467,signal delay
1919,20.2,131.0,303.8,312.7,5481.477369,3.8856963926526356,0.1777883132141018,59.691916994393104,2025-09-30 04:23:49.782208,WP PMA 80467,No failure
1560,37.7,107.0,300.3,311.6,5247.408721,3.3749547643089506,0.060808719263017764,57.48582531938311,2025-09-30 04:30:17.782208,WP PMA 80271,No failure
1379,52.1,21.0,297.2,308.3,5419.168225,0.5310923636995125,0.08635644505392484,57.007627299603946,2025-09-30 04:32:43.782208,WP PMA 80466,No failure
1435,44.2,16.0,301.9,311.2,5303.189329,4.519815826356055,0.05532515700689399,57.715963830247695,2025-09-30 04:55:35.782208,WP PMA 80467,No failure
1618,30.3,125.0,299.7,311.1,5488.290889,40.60410458568789,0.9727397823334152,91.90296894800397,2025-09-30 05:00:02.782208,WP PMA 80467,door close delay
1660,38.0,99.0,302.6,311.0,5455.595044,4.768367578901555,0.1411174121774189,55.23835433581751,2025-09-30 05:05:16.782208,WP PMA 80467,No failure
1457,44.2,175.0,298.4,309.7,5258.280196,2.7383367560387235,0.011261022016855773,58.9557273002765,2025-09-30 05:08:27.782208,WP PMA 80466,No failure
1671,31.6,137.0,301.7,310.8,5316.888889,29.42162169453939,1.7513437119216573,96.732082886829,2025-09-30 05:14:16.782208,WP PMA 80467,door open delay
1605,37.0,84.0,296.9,307.8,5333.234841,23.86851950907212,0.9415366239424456,83.55504684964758,2025-09-30 05:36:53.782208,WP PMA 80466,door close delay
1585,37.6,2.0,297.5,308.6,5266.840329,3.1294700333683387,0.1313434122703004,55.87787777593407,2025-09-30 05:43:22.782208,WP PMA 80466,No failure
1389,54.1,109.0,303.4,312.9,5271.486025,2.278801122809175,0.19989458184178813,55.1223814513441,2025-09-30 06:07:50.782208,WP PMA 80466,No failure
1639,42.1,159.0,299.9,309.9,5502.078976,3.7163659499814723,0.11860521397034633,60.56056481772791,2025-09-30 06:10:48.782208,WP PMA 80467,No failure
1486,38.9,106.0,300.7,310.9,5518.558369,27.887507757506174,1.9882297442715522,90.94967991009187,2025-09-30 06:15:45.782208,WP PMA 80467,door close delay
1475,42.4,93.0,299.0,310.3,5406.072676,0.5614449346439573,0.16056935153085058,58.475023808981355,2025-09-30 06:22:39.782208,WP PMA 80271,No failure
1733,24.8,85.0,300.7,309.6,5405.631529,3.324715770968579,0.16980124047740575,59.3967759658782,2025-09-30 06:29:21.782208,WP PMA 80466,No failure
2015,20.1,161.0,297.8,309.3,5444.373796,2.6060463477123337,0.12501353294341555,56.84063852345766,2025-09-30 06:29:28.782208,WP PMA 80271,No failure
1534,33.7,47.0,298.1,310.0,5446.44,36.52876351172468,0.8635648460473964,87.49703042419631,2025-09-30 06:30:18.782208,WP PMA 80467,door close delay
1322,59.5,71.0,303.5,313.0,5271.631236,4.94906583736037,0.05380024237622225,57.59984488661439,2025-09-30 06:32:35.782208,WP PMA 80466,No failure
1509,46.6,125.0,300.3,309.9,5259.295441,0.6371009990754614,0.05817944601731046,56.17040340486714,2025-09-30 06:35:31.782208,WP PMA 80467,No failure
1425,45.4,184.0,303.4,311.6,5472.892441,1.6617213665862853,0.05441444101324605,60.36497798437918,2025-09-30 06:38:50.782208,WP PMA 80467,No failure
1367,47.3,47.0,298.5,308.7,5462.244649,2.4189371282962178,0.05282345325163872,58.91711803640089,2025-09-30 07:12:30.782208,WP PMA 80467,No failure
1445,42.0,181.0,302.6,312.1,5269.162921,0.9810909262750735,0.05037396180341399,61.872102832919644,2025-09-30 07:14:07.782208,WP PMA 80271,No failure
1553,40.9,49.0,298.1,310.0,5446.44,39.88486834584302,0.8926006580844067,94.3083083829584,2025-09-30 07:20:02.782208,WP PMA 80271,door close delay
1433,42.2,134.0,302.4,311.8,5268.437056,3.2707215111767804,0.16134425234926023,58.02177551785265,2025-09-30 07:27:35.782208,WP PMA 80467,No failure
1566,34.4,18.0,300.0,309.2,5413.869241,3.5495901638531606,0.1582447538640621,56.95694180976625,2025-09-30 07:40:27.782208,WP PMA 80466,No failure
1369,54.5,82.0,298.2,307.6,5393.580481,38.50290665050511,1.2820817618376699,95.37527025830784,2025-09-30 07:44:18.782208,WP PMA 80467,signal delay
1696,30.9,107.0,302.1,310.5,5283.545344,3.494933335323808,0.07964100124813135,60.410283232734145,2025-09-30 07:45:11.782208,WP PMA 80271,No failure
1502,38.3,,299.1,308.8,5392.699225,4.565827300857039,0.0843834219162189,56.475656703456536,2025-09-30 08:07:50.782208,WP PMA 80466,No failure
1509,39.9,25.0,302.0,311.3,5303.043684,27.239929425481904,1.4595475697774438,80.04445211653625,2025-09-30 08:08:15.782208,WP PMA 80467,door open delay
1892,21.8,177.0,301.9,310.5,5450.425929,43.654580946114876,0.9529393734897191,97.87179433207908,2025-09-30 08:20:26.782208,WP PMA 80271,door close delay
1734,32.4,161.0,299.0,308.6,5390.4964,36.16471629499442,0.9531873013492951,95.43673005245326,2025-09-30 08:45:24.782208,WP PMA 80271,Random failure
1523,43.3,60.0,301.8,310.7,5310.182641,29.49868042780217,1.669398076973442,90.49945716483931,2025-09-30 08:49:34.782208,WP PMA 80466,signal delay
1403,45.7,54.0,300.5,311.9,5489.920836,1.4507216477863991,0.03506096771446595,63.54108914571631,2025-09-30 08:55:37.782208,WP PMA 80466,No failure
1393,43.9,81.0,300.7,309.5,5408.572849,4.7912556884417095,0.098618654412554,62.70459659354761,2025-09-30 09:00:26.782208,WP PMA 80467,No failure
1503,44.7,54.0,298.1,307.8,5363.072289,2.313050033560121,0.1284014405036943,60.35243746659012,2025-09-30 09:37:40.782208,WP PMA 80467,No failure
1315,48.9,127.0,298.5,309.5,5355.458761,41.06519945448606,1.6344147895833567,95.67090294936038,2025-09-30 09:38:31.782208,WP PMA 80467,door close delay
1460,46.9,198.0,302.1,311.2,5299.84,2.8143626862759077,0.16858816090139364,59.139317694643175,2025-09-30 09:46:29.782208,WP PMA 80466,No failure
1509,46.6,125.0,300.3,309.9,5514.5476,20.02023079033625,0.7215698637292967,88.48214630717786,2025-09-30 09:53:18.782208,WP PMA 80271,door close delay
1629,32.5,45.0,298.1,309.9,5446.587601,23.75340627019404,1.9241090702893169,87.54583502901593,2025-09-30 09:59:43.782208,WP PMA 80467,door close delay
1348,57.4,66.0,297.4,308.1,5476.444009,1.623778136824079,0.08639364084870232,55.24849750504645,2025-09-30 10:01:15.782208,WP PMA 80271,No failure
1397,46.9,82.0,302.6,311.9,5268.582225,46.33389815864494,0.5851979464331976,90.61406537998971,2025-09-30 10:03:58.782208,WP PMA 80271,Random failure
1521,37.2,131.0,299.6,311.1,5467.715136,46.673454718591316,1.420389399153339,95.87920103880379,2025-09-30 10:13:15.782208,WP PMA 80466,door close delay
1323,51.1,130.0,297.4,308.7,5479.700625,42.30312527421579,0.671909255936029,90.0225145439153,2025-09-30 10:14:30.782208,WP PMA 80467,signal delay
1309,56.2,119.0,298.9,309.9,5465.349184,3.5369884873215276,0.19501748884746184,61.97477021192143,2025-09-30 10:15:26.782208,WP PMA 80467,No failure
1754,26.9,209.0,302.9,312.3,5270.179216,31.064126655309654,0.7271846408765829,96.36983679144254,2025-09-30 10:18:03.782208,WP PMA 80467,signal delay
1390,57.0,92.0,299.4,308.8,5366.734564,3.9502713949739703,0.10591448378939464,57.7439274006754,2025-09-30 10:18:05.782208,WP PMA 80467,No failure
1366,49.7,74.0,299.2,308.5,5386.238881,45.32958564048296,1.215939721799948,82.21845222297605,2025-09-30 10:19:14.782208,WP PMA 80466,signal delay
1370,55.9,143.0,300.5,309.8,5332.942729,30.02756191796996,1.83812244626275,94.53130435072775,2025-09-30 10:21:22.782208,WP PMA 80466,door close delay
1334,48.0,42.0,298.6,310.0,5410.926481,44.6921753251622,1.7757381645190178,97.48377633205858,2025-09-30 10:21:44.782208,WP PMA 80271,door open delay
1900,24.4,113.0,302.4,310.3,5465.349184,3.3395565924657595,0.18858762965833228,59.70537177186061,2025-09-30 10:25:10.782208,WP PMA 80466,No failure
1464,49.1,171.0,303.9,313.4,5271.195609,49.98468948636307,0.7407190196670943,80.1908078185052,2025-09-30 10:27:34.782208,WP PMA 80271,door open delay
1599,32.9,58.0,297.3,308.4,5275.552689,3.4728683939725737,0.07835174662014478,58.734694991357884,2025-09-30 10:47:59.782208,WP PMA 80466,No failure
1430,53.5,189.0,303.9,312.9,5485.327969,1.1509061385218033,0.044979499338824266,61.09699019319568,2025-09-30 10:48:45.782208,WP PMA 80271,No failure
1452,44.4,33.0,300.7,311.2,5253.205441,4.680930636810358,0.055869423296811695,63.78672027394152,2025-09-30 11:13:13.782208,WP PMA 80271,No failure
1772,25.2,89.0,299.3,308.8,5389.321744,3.519517640962855,0.12687337554256828,58.51077503870811,2025-09-30 11:20:03.782208,WP PMA 80467,No failure
1648,29.6,157.0,302.0,310.3,5284.272249,45.846751847405464,1.916727041356644,80.06354773317213,2025-09-30 11:31:26.782208,WP PMA 80271,drive delay
1804,25.1,118.0,298.1,308.9,5284.126864,39.21335321839662,1.9275975390562305,80.33006919824466,2025-09-30 11:32:18.782208,WP PMA 80466,door open delay
1417,41.2,155.0,298.5,309.4,5471.117089,4.924898344482966,0.09889037765718743,64.1265855244162,2025-09-30 11:37:10.782208,WP PMA 80467,No failure
1402,47.7,24.0,299.2,308.4,5385.504996,0.9301433452890292,0.1952798454039447,63.93521146557848,2025-09-30 11:43:44.782208,WP PMA 80271,No failure
1686,28.9,59.0,301.7,310.2,5281.800976,41.80940364666146,1.806523433807369,93.02853967611605,2025-09-30 11:48:30.782208,WP PMA 80467,door open delay
1308,50.2,32.0,300.0,309.4,5343.171409,2.6629892657541205,0.08148726695574253,63.66967151407743,2025-09-30 11:48:50.782208,WP PMA 80466,No failure
1486,38.9,106.0,300.7,310.9,5518.558369,27.887507757506174,1.9882297442715522,90.94967991009187,2025-09-30 12:15:20.782208,WP PMA 80271,door close delay
1485,40.5,188.0,300.2,310.1,5503.117489,44.27777270700361,1.00731822680138,85.07467411154907,2025-09-30 12:21:58.782208,WP PMA 80466,door close delay
1522,38.0,33.0,297.4,308.6,5418.873769,43.959348730009694,1.0402470399825932,82.86441012075419,2025-09-30 12:28:40.782208,WP PMA 80466,door close delay
1416,46.7,90.0,300.2,310.5,5501.1889,2.4703357458345803,0.10187985241963399,64.4609202792933,2025-09-30 12:54:23.782208,WP PMA 80466,No failure
1526,38.2,47.0,302.3,311.5,5445.111681,20.770653830747378,1.30602776858319,86.60692999486108,2025-09-30 12:58:10.782208,WP PMA 80271,signal delay
1554,39.4,115.0,300.1,310.4,5501.040561,1.7720671273905366,0.11927751457949796,56.397680745619375,2025-09-30 13:20:58.782208,WP PMA 80466,No failure
1485,40.5,188.0,300.2,310.1,5503.117489,44.27777270700361,1.00731822680138,85.07467411154907,2025-09-30 13:23:41.782208,WP PMA 80271,door close delay
1568,36.7,182.0,298.6,309.5,5301.150481,2.3044845539087513,0.02576100025199341,63.381665692286276,2025-09-30 13:24:52.782208,WP PMA 80271,No failure
1523,40.9,141.0,299.3,310.8,5467.715136,32.60338432946594,1.4731501023736493,97.8371124133434,2025-09-30 13:31:08.782208,WP PMA 80271,door open delay
2003,20.2,138.0,300.9,311.0,5519.598436,3.969699026299652,0.022210800045542628,61.7806686613033,2025-09-30 13:42:29.782208,WP PMA 80466,No failure
1488,41.9,196.0,297.8,308.5,5460.175449,45.36625728238058,0.586463643662795,88.59180885604579,2025-09-30 13:47:24.782208,WP PMA 80467,Random failure
1431,42.3,129.0,301.6,311.0,5509.499076,3.2854436642811815,0.08318347544617688,58.364466271083735,2025-09-30 13:53:24.782208,WP PMA 80271,No failure
1622,37.2,103.0,297.5,308.3,5457.958884,47.56231038168288,0.695912273194448,80.02490348311116,2025-09-30 13:53:40.782208,WP PMA 80466,Random failure
1396,48.5,5.0,299.2,308.4,5368.346361,3.9046400285638883,0.07456406549086331,58.075485737386245,2025-09-30 13:55:32.782208,WP PMA 80466,No failure
1365,53.9,171.0,299.3,310.4,5295.327361,4.330787717091129,0.04478191879742805,63.32638561449319,2025-09-30 14:08:30.782208,WP PMA 80467,No failure
1459,47.3,141.0,298.8,309.7,5485.772356,2.423475711293195,0.1739729144970965,62.8682425258634,2025-09-30 14:10:21.782208,WP PMA 80466,No failure
1706,28.8,111.0,299.9,311.4,5493.626161,41.441868880496905,0.5863150585353729,86.83961198318863,2025-09-30 14:14:43.782208,WP PMA 80466,door close delay
1364,55.6,163.0,297.2,308.5,5347.558129,36.461385699506096,1.9983719108979061,90.26570522546112,2025-09-30 14:28:13.782208,WP PMA 80467,door open delay
1366,49.7,74.0,299.2,308.5,5386.238881,45.32958564048296,1.215939721799948,82.21845222297605,2025-09-30 14:28:51.782208,WP PMA 80271,signal delay
1676,33.5,70.0,298.7,310.1,5410.485136,2.7977587213614323,0.03724945038743715,61.676938575991585,2025-09-30 14:40:58.782208,WP PMA 80466,No failure
1630,29.8,206.0,299.6,310.9,5247.843364,1.9738950701256217,0.11266500131095014,63.313911691568876,2025-09-30 14:52:44.782208,WP PMA 80466,No failure
1948,19.7,66.0,302.0,310.8,5284.563025,42.5210758051029,1.9285960490927083,90.59359876216341,2025-09-30 15:05:27.782208,WP PMA 80271,door open delay
1606,33.6,67.0,298.3,308.5,5466.827844,44.7178826205094,1.1768198578144409,82.56248054352427,2025-09-30 15:10:21.782208,WP PMA 80466,drive delay
1570,30.9,226.0,299.1,310.1,5295.909529,4.736949698597721,0.12427776028774948,57.877892070027336,2025-09-30 15:11:58.782208,WP PMA 80467,No failure
1549,40.6,66.0,302.3,311.2,5442.455529,1.6457428772490568,0.11757634308306522,59.63694500203689,2025-09-30 15:17:08.782208,WP PMA 80466,No failure
1438,51.0,106.0,302.6,311.0,5282.527761,23.436251011580417,1.008899545945385,91.43758397735473,2025-09-30 15:23:23.782208,WP PMA 80271,signal delay
2157,17.8,17.0,302.0,310.7,5282.963856,26.262641810156918,1.6362138319307393,90.81689443895104,2025-09-30 15:26:53.782208,WP PMA 80467,signal delay
1416,61.8,209.0,300.7,310.4,5504.304481,21.449680119185427,1.6055801123947226,87.14991297931678,2025-09-30 15:27:08.782208,WP PMA 80467,signal delay
1591,42.0,182.0,300.5,311.8,5244.366724,1.9549330615227285,0.10474152174472323,57.89365768270833,2025-09-30 15:52:49.782208,WP PMA 80467,No failure
1497,38.4,28.0,302.1,311.3,5435.670529,26.28941107100395,1.7209206689441916,99.77365236649493,2025-09-30 16:09:03.782208,WP PMA 80467,door close delay
1528,46.3,203.0,296.7,308.1,5331.628324,27.188963976400803,1.6875662775840243,86.29292509365149,2025-09-30 16:12:40.782208,WP PMA 80271,signal delay
1619,31.1,242.0,299.1,310.3,5296.200625,0.6627117293815478,0.13177209329785616,56.66299555756286,2025-09-30 16:18:36.782208,WP PMA 80467,No failure
1428,44.5,51.0,295.6,306.2,5338.201969,4.16030675652932,0.024956710858659227,57.990729209748004,2025-09-30 16:28:25.782208,WP PMA 80467,No failure
1732,29.7,141.0,299.3,309.0,5377.728889,3.3636181052181406,0.12024047413416916,63.4930458541611,2025-09-30 16:44:26.782208,WP PMA 80467,No failure
1523,43.3,60.0,301.8,310.7,5310.182641,29.49868042780217,1.669398076973442,90.49945716483931,2025-09-30 16:48:57.782208,WP PMA 80466,signal delay
1623,33.4,74.0,297.5,309.3,5450.130625,35.32667695115313,1.498253405644066,95.89964159155058,2025-09-30 16:58:43.782208,WP PMA 80466,door close delay
1489,40.6,89.0,298.2,309.0,5259.875625,26.47058142682505,1.4778885915777045,89.33932847526452,2025-09-30 16:59:54.782208,WP PMA 80466,door open delay
1391,50.6,195.0,301.7,310.0,5457.072384,0.6049666020305418,0.030598025181356583,58.95246811861486,2025-09-30 17:08:57.782208,WP PMA 80466,No failure
1489,40.6,89.0,298.2,309.0,5259.875625,26.47058142682505,1.4778885915777045,89.33932847526452,2025-09-30 17:15:24.782208,WP PMA 80467,door open delay
1448,42.9,74.0,299.5,308.9,5379.929104,2.358120080886241,0.08392453569498479,56.89895855813411,2025-09-30 17:22:34.782208,WP PMA 80466,No failure
1414,42.5,69.0,295.6,306.2,5338.494225,3.087053006821724,0.04773590219495066,61.01098641234544,2025-09-30 17:32:28.782208,WP PMA 80467,No failure
1485,44.7,78.0,299.3,308.5,5386.238881,49.70602106127978,1.9413985931935809,83.94842601473823,2025-09-30 17:38:01.782208,WP PMA 80271,signal delay
1386,42.1,170.0,300.8,310.7,5251.755961,1.1867168549646299,0.08560397473210664,58.39119538340958,2025-09-30 17:45:50.782208,WP PMA 80467,No failure
1467,39.6,,298.4,309.1,5402.25,21.422795318204866,0.5162020865393773,91.32636453399321,2025-09-30 17:47:01.782208,WP PMA 80467,door open delay
1889,23.8,170.0,301.1,311.1,5519.449849,4.627400035751165,0.1970282627315421,56.650823770812345,2025-09-30 17:56:47.782208,WP PMA 80466,No failure
1404,43.3,33.0,298.6,309.5,5482.810116,0.2658025408135362,0.09123365708522449,59.705103463316945,2025-09-30 17:57:29.782208,WP PMA 80271,No failure
1892,21.8,177.0,301.9,310.5,5450.425929,43.654580946114876,0.9529393734897191,97.87179433207908,2025-09-30 18:22:46.782208,WP PMA 80271,door close delay
1578,36.3,141.0,302.9,312.3,5267.566084,2.9525659142654104,0.16475198008263792,61.99951612935819,2025-09-30 18:31:38.782208,WP PMA 80466,No failure
1867,23.4,225.0,299.6,309.2,5378.902281,2.5819527156419544,0.09811152380528215,61.80751704023434,2025-09-30 18:56:09.782208,WP PMA 80467,No failure
1425,45.4,184.0,303.4,311.6,5277.441316,0.4112386713721763,0.12980275075646236,61.55113611018514,2025-09-30 18:57:30.782208,WP PMA 80466,No failure
1712,30.9,204.0,297.2,308.1,5277.441316,1.9595013070097933,0.1846794837342282,63.25603243839218,2025-09-30 19:11:04.782208,WP PMA 80466,No failure
1686,29.3,35.0,298.1,308.0,5383.303641,3.657790950670078,0.1025218884789465,57.12839947389642,2025-09-30 19:40:03.782208,WP PMA 80271,No failure
1809,25.5,40.0,301.6,310.5,5310.619876,4.877938267348066,0.17077620973831573,61.31695337928153,2025-09-30 19:42:18.782208,WP PMA 80271,No failure
1398,38.1,88.0,297.2,308.7,5479.848676,0.6960454358789806,0.11742408477939328,56.71859868380183,2025-09-30 19:44:56.782208,WP PMA 80467,No failure
1372,51.0,142.0,300.9,312.4,5491.995664,4.833924146433105,0.1383856676521843,57.234912062991576,2025-09-30 20:00:16.782208,WP PMA 80467,No failure
1819,23.4,78.0,298.0,308.1,5462.392464,4.387570974582633,0.13273093328049548,55.56625787563446,2025-09-30 20:27:32.782208,WP PMA 80271,No failure
1416,58.7,156.0,303.8,312.8,5272.2121,33.788869839697,1.2694095011541886,98.03901176263835,2025-09-30 20:30:23.782208,WP PMA 80467,door open delay
1509,46.6,125.0,300.3,309.9,5514.5476,20.02023079033625,0.7215698637292967,88.48214630717786,2025-09-30 20:47:30.782208,WP PMA 80271,door close delay
1424,43.7,151.0,304.2,313.6,5487.698241,0.22449736234618542,0.08851494130889632,58.40335319858569,2025-09-30 20:48:27.782208,WP PMA 80466,No failure
1434,46.2,148.0,298.3,308.5,5314.118404,3.570573149929717,0.03525575356373289,55.67048369667111,2025-09-30 20:52:53.782208,WP PMA 80466,No failure
1348,53.7,68.0,297.4,308.1,5476.444009,33.10520166867137,0.9345701870889231,84.5290198629316,2025-09-30 20:57:29.782208,WP PMA 80467,signal delay
1472,40.0,93.0,300.9,311.2,5518.558369,3.6666716066996408,0.1123841782805207,60.38039437919929,2025-09-30 20:59:12.782208,WP PMA 80466,No failure
1479,39.2,151.0,297.0,307.9,5344.633449,37.76349785678516,1.8037052538950937,99.3437260437338,2025-09-30 21:01:19.782208,WP PMA 80271,door open delay
1295,51.3,51.0,303.4,311.7,5474.224144,3.751009558723094,0.11519130068493266,62.02623684905457,2025-09-30 21:05:43.782208,WP PMA 80271,No failure
1376,53.4,98.0,303.4,312.8,5271.486025,1.4230394326998184,0.18373361977467384,60.7169116567647,2025-09-30 21:06:54.782208,WP PMA 80467,No failure
1408,45.3,28.0,304.1,313.0,5485.920489,4.342992176764175,0.08292416169172635,62.6377759268826,2025-09-30 21:16:17.782208,WP PMA 80466,No failure
1393,55.9,79.0,298.0,309.0,5281.074241,38.304028882010535,1.803235441130456,87.01367158265482,2025-09-30 21:23:18.782208,WP PMA 80466,door open delay
1392,52.9,173.0,301.0,310.9,5254.365169,41.6977753684972,0.7231161539905369,99.45713980477058,2025-09-30 21:25:10.782208,WP PMA 80271,signal delay
1705,26.0,200.0,297.2,308.0,5274.681129,2.102415461173589,0.09702698333570858,64.39876895688802,2025-09-30 21:52:19.782208,WP PMA 80466,No failure
1414,48.3,162.0,296.2,307.0,5339.663329,1.6975161422085592,0.14457739597035132,57.0792486314097,2025-09-30 21:55:54.782208,WP PMA 80467,No failure
1559,36.6,188.0,298.6,308.4,5306.394025,0.2703424791767569,0.17188688864992144,63.43498031175139,2025-09-30 22:20:22.782208,WP PMA 80466,No failure
1504,37.5,42.0,302.1,310.8,5438.915001,4.0652560148575585,0.09716346455681807,64.54315012956516,2025-09-30 22:20:44.782208,WP PMA 80466,No failure
1385,43.2,119.0,298.4,309.4,5483.4025,1.2194170365899861,0.10971674297961208,62.90620726814296,2025-09-30 22:20:57.782208,WP PMA 80271,No failure
1611,35.7,23.0,298.6,309.6,5299.403209,0.8860196846584554,0.048365686998712576,59.80980882149396,2025-09-30 22:37:48.782208,WP PMA 80467,No failure
1793,23.9,28.0,297.5,308.4,5275.262161,3.8928985705328163,0.1463234058212301,61.30667675560284,2025-09-30 22:49:08.782208,WP PMA 80466,No failure
1444,43.2,27.0,300.9,310.5,5260.6009,4.7388785984441,0.02326960185782523,62.352179755199025,2025-09-30 22:54:21.782208,WP PMA 80467,No failure
1362,60.3,206.0,300.3,310.3,5502.969124,1.8863444814290036,0.12008050523440918,63.72228022927756,2025-09-30 23:20:02.782208,WP PMA 80271,No failure
1309,43.3,68.0,301.8,310.7,5430.068721,22.956864858730775,1.8043351812228186,97.79950059938305,2025-09-30 23:31:13.782208,WP PMA 80271,door open delay
1521,42.3,215.0,299.2,308.9,5356.483344,48.52642714523353,0.5951679291380665,96.63168155565477,2025-09-30 23:35:17.782208,WP PMA 80271,signal delay
1595,32.2,29.0,297.3,308.3,5272.357321,0.23004392729543133,0.011287515179151799,58.708777166646975,2025-09-30 23:40:04.782208,WP PMA 80467,No failure
1959,22.3,157.0,303.5,311.7,5472.448576,29.43254792505012,0.8841722655722568,98.0943208432986,2025-09-30 23:46:25.782208,WP PMA 80467,signal delay
1366,49.7,74.0,299.2,308.5,5386.238881,45.32958564048296,1.215939721799948,82.21845222297605,2025-09-30 23:56:32.782208,WP PMA 80466,signal delay
1684,29.3,167.0,303.8,312.6,5478.9604,45.95904206895359,1.5958608150105298,83.515013763323,2025-09-30 23:57:41.782208,WP PMA 80467,door close delay
2093,18.7,190.0,301.3,310.4,5256.25,2.2278975958374474,0.13280770479334458,58.22549401724801,2025-10-01 00:27:28.782208,WP PMA 80466,No failure
1364,44.4,20.0,299.9,309.6,5347.704384,1.1761064135633341,0.06430540892427786,59.31258797972308,2025-10-01 00:49:05.782208,WP PMA 80271,No failure
1554,37.3,103.0,298.4,310.0,5327.832064,4.383934477825504,0.15993607519545125,58.84347625821071,2025-10-01 00:58:00.782208,WP PMA 80467,No failure
1589,36.0,190.0,299.7,310.8,5467.419364,24.81802571081649,1.7230158856927384,92.27456179038798,2025-10-01 00:59:09.782208,WP PMA 80467,drive delay
1959,22.3,157.0,303.5,311.7,5472.448576,29.43254792505012,0.8841722655722568,98.0943208432986,2025-10-01 00:59:40.782208,WP PMA 80466,signal delay
1644,30.9,114.0,299.6,310.8,5246.684356,1.509864099385074,0.04625788978432762,63.97853270468191,2025-10-01 01:08:16.782208,WP PMA 80271,No failure
1401,48.8,177.0,302.4,310.1,5280.202225,0.10083054179490569,0.04232688783944524,60.92199262938003,2025-10-01 01:08:51.782208,WP PMA 80466,No failure
1488,41.9,196.0,297.8,308.5,5460.175449,45.36625728238058,0.586463643662795,88.59180885604579,2025-10-01 01:09:18.782208,WP PMA 80271,Random failure
1618,30.3,125.0,299.7,311.1,5488.290889,40.60410458568789,0.9727397823334152,91.90296894800397,2025-10-01 01:15:25.782208,WP PMA 80466,door close delay
1583,35.7,116.0,298.8,310.2,5352.3856,37.92661578444592,0.6317103864251624,92.65824473217468,2025-10-01 01:26:45.782208,WP PMA 80271,door open delay
1309,43.3,68.0,301.8,310.7,5430.068721,22.956864858730775,1.8043351812228186,97.79950059938305,2025-10-01 01:30:16.782208,WP PMA 80271,door open delay
1466,49.0,66.0,302.2,311.7,5508.459961,46.56475728244531,1.788039593172544,96.4904334654153,2025-10-01 01:34:08.782208,WP PMA 80271,signal delay
1424,43.5,136.0,301.0,312.3,5490.81,4.937641806718995,0.17201152617863305,58.5886831471421,2025-10-01 01:41:25.782208,WP PMA 80466,No failure
1507,45.5,74.0,300.6,311.7,5245.815184,1.274022266844765,0.05240402548621199,57.78842868355868,2025-10-01 01:48:01.782208,WP PMA 80271,No failure
1433,50.3,183.0,302.3,311.8,5266.4049,0.8983889101613525,0.07441519110110431,63.17275465083264,2025-10-01 01:53:03.782208,WP PMA 80467,No failure
1520,42.8,148.0,302.6,311.0,5282.3824,2.8837776361405827,0.12446250387046731,57.96171160302883,2025-10-01 01:53:37.782208,WP PMA 80271,No failure
1650,29.4,102.0,300.7,310.9,5264.082916,0.3019043484281651,0.09957752150125204,63.057473488487034,2025-10-01 01:58:10.782208,WP PMA 80271,No failure
1416,61.8,209.0,300.7,310.4,5504.304481,21.449680119185427,1.6055801123947226,87.14991297931678,2025-10-01 01:59:07.782208,WP PMA 80271,signal delay
1509,46.6,125.0,300.3,309.9,5514.5476,20.02023079033625,0.7215698637292967,88.48214630717786,2025-10-01 02:04:52.782208,WP PMA 80466,door close delay
1590,29.8,17.0,304.3,313.5,5272.792996,1.8698603710973156,0.12284431967345066,62.27850403638313,2025-10-01 02:25:04.782208,WP PMA 80466,No failure
1410,45.8,71.0,298.1,308.1,5382.569956,27.52074409551031,0.5276270527141842,96.37082823466986,2025-10-01 02:28:49.782208,WP PMA 80466,drive delay
1534,33.2,75.0,298.3,308.2,5462.096836,38.38206123061534,1.8642989668196104,93.6352359612934,2025-10-01 02:29:16.782208,WP PMA 80466,door close delay
1669,32.4,5.0,299.3,310.9,5248.278025,3.191476617990252,0.02706771289957212,60.03886154164536,2025-10-01 02:50:51.782208,WP PMA 80271,No failure
1804,25.8,174.0,301.0,311.0,5519.301264,3.1175974975509657,0.09610391518140281,61.75817445092342,2025-10-01 02:51:24.782208,WP PMA 80271,No failure
1629,32.5,45.0,298.1,309.9,5446.587601,23.75340627019404,1.9241090702893169,87.54583502901593,2025-10-01 03:01:38.782208,WP PMA 80271,door close delay
1661,38.2,82.0,298.1,309.0,5482.513936,35.00952125655859,1.783869388811883,99.12664194372854,2025-10-01 03:12:44.782208,WP PMA 80271,door open delay
1440,39.1,188.0,299.2,308.8,5364.830025,28.70156658921013,1.8130553264197087,85.95014107372285,2025-10-01 03:15:13.782208,WP PMA 80466,Random failure
1523,42.0,164.0,296.1,307.0,5339.663329,3.2333263545059556,0.132234400056737,58.6626638040846,2025-10-01 03:26:23.782208,WP PMA 80271,No failure
1391,44.5,159.0,297.7,309.2,5328.416016,4.9480653548772935,0.06595493849596551,57.13176125670842,2025-10-01 03:37:17.782208,WP PMA 80466,No failure
1557,31.6,52.0,300.8,310.9,5520.044209,23.535299894024025,1.8677102114598112,91.6199465983229,2025-10-01 03:46:04.782208,WP PMA 80271,door open delay
1459,39.7,69.0,297.5,308.5,5481.181225,4.744182542421158,0.11360704102516551,63.72921127827263,2025-10-01 04:04:44.782208,WP PMA 80271,No failure
1533,31.8,91.0,299.6,310.9,5246.394624,3.6637548644393134,0.15888892214400926,63.89163615055438,2025-10-01 04:06:56.782208,WP PMA 80467,No failure
1451,53.6,194.0,302.5,310.4,5466.679969,36.78689161924535,0.6298700216043418,95.66295953662588,2025-10-01 04:13:39.782208,WP PMA 80466,Random failure
1397,46.9,82.0,302.6,311.9,5268.582225,46.33389815864494,0.5851979464331976,90.61406537998971,2025-10-01 04:18:13.782208,WP PMA 80271,Random failure
1686,29.1,60.0,298.1,309.9,5446.144804,43.922000807869985,1.3483092713247107,80.57454392069313,2025-10-01 04:18:16.782208,WP PMA 80466,door close delay
1553,34.9,18.0,298.5,308.8,5304.2089,2.094823376792085,0.18310776144383026,57.23187858061411,2025-10-01 04:27:09.782208,WP PMA 80466,No failure
1892,22.8,96.0,299.0,308.7,5374.209481,4.879612871590259,0.05672956321910666,55.421716731216456,2025-10-01 04:38:54.782208,WP PMA 80466,No failure
1529,44.0,136.0,298.8,309.7,5485.772356,2.096815717616442,0.12066973522160052,56.08996483206783,2025-10-01 04:43:18.782208,WP PMA 80467,No failure
1600,32.8,205.0,301.5,310.5,5257.120036,32.84282188032643,0.9163814461292255,84.44969552431002,2025-10-01 04:48:39.782208,WP PMA 80466,signal delay
1422,50.7,219.0,300.8,312.0,5490.365409,2.3941251437615088,0.021437564431928166,57.509066335305874,2025-10-01 04:52:56.782208,WP PMA 80466,No failure
1596,31.8,40.0,299.4,309.3,5375.382489,4.365677593689658,0.15018338104014045,59.248281883202644,2025-10-01 05:03:53.782208,WP PMA 80467,No failure
1558,37.2,73.0,298.3,309.3,5482.513936,3.6778252873555655,0.13067614977446648,60.07981601557945,2025-10-01 05:04:25.782208,WP PMA 80466,No failure
1505,41.2,33.0,301.8,310.8,5284.708416,2.080873887803369,0.18806703952530793,62.02651673684934,2025-10-01 05:10:29.782208,WP PMA 80467,No failure
1789,25.5,114.0,300.9,311.2,5252.770576,29.099466842190104,1.738325870197019,93.84443719569134,2025-10-01 05:14:31.782208,WP PMA 80466,signal delay
1465,41.5,127.0,299.3,309.2,5374.649344,3.989832965611109,0.17615811298741704,63.067736630756315,2025-10-01 05:15:52.782208,WP PMA 80466,No failure
1600,32.8,205.0,301.5,310.5,5257.120036,32.84282188032643,0.9163814461292255,84.44969552431002,2025-10-01 05:22:40.782208,WP PMA 80467,signal delay
1360,48.8,91.0,300.8,310.6,5261.181156,1.649976733954792,0.19524574703458644,55.68007880532606,2025-10-01 05:30:52.782208,WP PMA 80466,No failure
1627,33.2,74.0,302.2,311.2,5442.603076,3.3460924965933567,0.17587257891740296,58.66630386233947,2025-10-01 05:40:22.782208,WP PMA 80466,No failure
1704,30.7,150.0,298.8,310.1,5484.439249,3.9034857906079026,0.056470016510025665,63.52292219075456,2025-10-01 05:44:22.782208,WP PMA 80467,No failure
1423,40.2,63.0,300.9,312.1,5491.254609,26.487242862943063,0.6574029788516131,82.48730646898161,2025-10-01 05:49:47.782208,WP PMA 80271,door open delay
1506,35.6,63.0,300.2,309.3,5411.514969,1.5194835197074579,0.19071107955720384,59.829321047838924,2025-10-01 06:07:35.782208,WP PMA 80271,No failure
1417,39.2,65.0,298.1,308.9,5402.544004,42.18444491739179,0.8419734264000982,90.26619371204663,2025-10-01 06:10:23.782208,WP PMA 80466,door close delay
1608,35.1,114.0,300.4,311.3,5495.998225,1.5908272079533197,0.058786906481176564,57.0263766865016,2025-10-01 06:16:52.782208,WP PMA 80466,No failure
1620,34.1,89.0,299.2,308.4,5386.385664,45.8446025594114,0.5034314840442716,96.88632719093115,2025-10-01 06:17:50.782208,WP PMA 80271,door open delay
1424,50.8,128.0,303.4,311.5,5472.004729,4.2529531598133605,0.132774121341603,58.92118431960158,2025-10-01 06:20:14.782208,WP PMA 80467,No failure
1449,44.5,152.0,302.3,311.7,5434.343524,29.801293682800324,1.9537263165480647,89.17307701084255,2025-10-01 06:26:16.782208,WP PMA 80466,door close delay
2090,19.0,143.0,298.0,308.2,5400.927081,2.441331305998536,0.10135391163583227,55.12027981625238,2025-10-01 06:49:10.782208,WP PMA 80466,No failure
1484,41.5,65.0,302.7,312.0,5502.375684,2.2648212023704777,0.0807930504071012,60.74037217386013,2025-10-01 06:59:32.782208,WP PMA 80466,No failure
1356,44.4,136.0,300.4,309.8,5251.031296,2.7016176702203634,0.016215815401356973,55.49196568014289,2025-10-01 07:09:53.782208,WP PMA 80271,No failure
1420,47.4,167.0,301.0,311.1,5518.112656,2.6121774602289265,0.0378021347142488,60.55279388748555,2025-10-01 07:20:16.782208,WP PMA 80466,No failure
1526,35.3,46.0,300.2,309.4,5330.4601,21.583542943926396,0.7296964552860199,87.23862919341,2025-10-01 08:02:28.782208,WP PMA 80466,signal delay
1352,53.0,171.0,297.5,308.7,5266.4049,3.625041305860062,0.1527027043194356,57.31093042094466,2025-10-01 08:08:21.782208,WP PMA 80466,No failure
1538,44.3,,301.5,310.5,5511.280644,0.2826191894890593,0.1545047001717267,58.01847679282562,2025-10-01 08:53:58.782208,WP PMA 80271,No failure
1605,37.0,84.0,296.9,307.8,5333.234841,23.86851950907212,0.9415366239424456,83.55504684964758,2025-10-01 09:08:26.782208,WP PMA 80467,door close delay
1364,55.6,163.0,297.2,308.5,5347.558129,36.461385699506096,1.9983719108979061,90.26570522546112,2025-10-01 09:24:17.782208,WP PMA 80466,door open delay
1595,35.4,15.0,300.4,311.0,5245.960041,40.671410585650555,1.7663676320787438,91.29257725331573,2025-10-01 09:30:08.782208,WP PMA 80271,door open delay
1397,46.9,82.0,302.6,311.9,5268.582225,46.33389815864494,0.5851979464331976,90.61406537998971,2025-10-01 09:38:57.782208,WP PMA 80466,Random failure
1440,39.1,188.0,299.2,308.8,5364.830025,28.70156658921013,1.8130553264197087,85.95014107372285,2025-10-01 09:44:03.782208,WP PMA 80271,Random failure
1471,43.9,45.0,297.4,308.5,5478.9604,0.26899214362013313,0.04512712438997521,60.006541523819756,2025-10-01 09:48:43.782208,WP PMA 80466,No failure
1296,58.2,204.0,300.7,310.8,5519.895616,27.436796098274527,0.7212085399904014,97.85767216446325,2025-10-01 09:58:03.782208,WP PMA 80271,door open delay
1534,33.2,75.0,298.3,308.2,5462.096836,38.38206123061534,1.8642989668196104,93.6352359612934,2025-10-01 10:04:22.782208,WP PMA 80466,door close delay
1427,54.3,89.0,298.3,309.5,5349.167044,4.823008308668524,0.10246408757373553,57.408001455568694,2025-10-01 10:13:53.782208,WP PMA 80466,No failure
1446,36.6,227.0,297.1,308.1,5419.609924,43.297600346955875,1.571528479618523,90.93819912138767,2025-10-01 10:21:35.782208,WP PMA 80467,door close delay
1500,40.2,30.0,302.3,311.4,5444.816521,1.8025117183071826,0.16126331818622675,56.44802719491596,2025-10-01 10:31:02.782208,WP PMA 80466,No failure
1809,25.7,192.0,301.0,310.9,5507.866225,0.48418400786406235,0.1569711472131433,64.09875790915835,2025-10-01 10:33:09.782208,WP PMA 80466,No failure
1431,39.3,22.0,300.7,310.7,5263.357401,45.30621408858687,1.6214025308819116,97.16558546598277,2025-10-01 10:36:40.782208,WP PMA 80466,door open delay
1454,47.6,37.0,302.5,312.1,5504.749636,2.281373795104354,0.06381147767061855,63.95144621568548,2025-10-01 10:40:17.782208,WP PMA 80271,No failure
1421,41.4,102.0,302.3,310.8,5293.726564,3.5623863894100185,0.07058805233223782,59.17085526501819,2025-10-01 10:46:58.782208,WP PMA 80467,No failure
1480,41.4,135.0,303.6,312.9,5271.340816,2.2563817750680943,0.1707159089382703,62.781109153798916,2025-10-01 10:53:03.782208,WP PMA 80466,No failure
1438,51.7,64.0,298.9,308.7,5354.873329,2.9027258583433513,0.10976898721502674,63.223278072626684,2025-10-01 10:59:26.782208,WP PMA 80467,No failure
1501,44.8,226.0,300.6,311.8,5490.217216,1.7849602083480685,0.09880187152067782,61.27702048177918,2025-10-01 11:18:41.782208,WP PMA 80271,No failure
1512,39.2,184.0,303.7,312.4,5479.108441,3.6612850376192565,0.13834993274083013,56.29522910784348,2025-10-01 11:19:31.782208,WP PMA 80271,No failure
1623,33.4,74.0,297.5,309.3,5450.130625,35.32667695115313,1.498253405644066,95.89964159155058,2025-10-01 11:28:30.782208,WP PMA 80466,door close delay
1418,45.1,148.0,298.5,309.4,5284.563025,1.1884598391826435,0.04476066653230877,62.27009622492244,2025-10-01 11:37:49.782208,WP PMA 80467,No failure
1341,49.2,208.0,297.8,309.7,5447.768481,46.183917584260286,1.0201454764390876,92.46166290911955,2025-10-01 11:41:36.782208,WP PMA 80467,signal delay
1541,33.7,165.0,297.6,309.7,5325.642529,42.66027321379279,0.5957421488515693,81.39217013180169,2025-10-01 11:44:30.782208,WP PMA 80466,door close delay
1419,50.2,51.0,301.6,310.9,5509.944441,2.3082292342834476,0.0486188718122975,55.11745572339269,2025-10-01 11:45:02.782208,WP PMA 80466,No failure
1458,43.4,28.0,299.7,310.2,5248.712704,1.2792477871086434,0.15626943810668845,55.247303837459675,2025-10-01 11:53:08.782208,WP PMA 80467,No failure
1470,37.6,204.0,301.8,310.8,5428.889761,3.5954287834854686,0.032215430969043196,60.47241351782685,2025-10-01 12:04:59.782208,WP PMA 80467,No failure
1520,39.6,51.0,298.0,308.0,5315.8681,2.7561310215882258,0.15414256533370693,56.081782217482775,2025-10-01 12:22:09.782208,WP PMA 80467,No failure
1375,46.4,48.0,298.7,308.5,5373.476416,26.69484987609539,0.88461271440945,80.9906377364198,2025-10-01 12:38:56.782208,WP PMA 80466,door close delay
1449,44.5,152.0,302.3,311.7,5434.343524,29.801293682800324,1.9537263165480647,89.17307701084255,2025-10-01 12:45:24.782208,WP PMA 80467,door close delay
1334,48.0,42.0,298.6,310.0,5410.926481,44.6921753251622,1.7757381645190178,97.48377633205858,2025-10-01 12:55:20.782208,WP PMA 80466,door open delay
1605,40.0,179.0,301.9,311.1,5428.595041,1.022473758391757,0.08125674811417229,62.03848250190957,2025-10-01 13:15:35.782208,WP PMA 80466,No failure
1328,59.9,24.0,302.9,312.6,5269.888836,0.48273950180556047,0.11079830609222538,61.45650775244162,2025-10-01 13:21:28.782208,WP PMA 80467,No failure
1375,46.4,48.0,298.7,308.5,5373.476416,26.69484987609539,0.88461271440945,80.9906377364198,2025-10-01 13:25:41.782208,WP PMA 80466,door close delay
1397,54.1,47.0,298.6,309.6,5464.462084,3.594223250420024,0.13358653885201044,64.1547731774984,2025-10-01 13:27:39.782208,WP PMA 80467,No failure
1455,46.1,76.0,299.6,310.1,5248.567809,4.684265861910591,0.12956520806008917,58.35123180757892,2025-10-01 13:34:05.782208,WP PMA 80271,No failure
1500,44.2,115.0,298.9,309.9,5297.801796,1.75075440051166,0.13027260573467703,62.694515485749534,2025-10-01 14:07:30.782208,WP PMA 80466,No failure
1665,29.6,20.0,298.1,308.5,5469.637849,37.238730558246914,1.0025553265776534,99.00835330996256,2025-10-01 14:07:33.782208,WP PMA 80466,Random failure
1620,34.8,112.0,298.7,310.1,5352.3856,2.59469952465677,0.017176302088740714,55.76551184600851,2025-10-01 14:16:18.782208,WP PMA 80271,No failure
1515,39.8,141.0,299.2,308.5,5383.890625,0.6176849309595798,0.10996088032649377,57.517094963013705,2025-10-01 14:39:25.782208,WP PMA 80467,No failure
1609,31.0,190.0,302.3,311.0,5437.882564,2.7227828074621394,0.042737833101321926,59.02719614510856,2025-10-01 14:43:57.782208,WP PMA 80271,No failure
1401,59.0,38.0,299.4,309.3,5376.555625,4.853717306423666,0.038455535209015415,55.82693141851197,2025-10-01 14:57:37.782208,WP PMA 80467,No failure
1480,39.8,19.0,297.6,308.6,5481.477369,4.515022836027917,0.19961806134669752,61.730346153002486,2025-10-01 14:59:07.782208,WP PMA 80467,No failure
1446,36.6,227.0,297.1,308.1,5419.609924,43.297600346955875,1.571528479618523,90.93819912138767,2025-10-01 14:59:38.782208,WP PMA 80467,door close delay
1368,46.0,171.0,300.3,309.1,5403.426064,4.7233113884619655,0.06249162594380864,59.065771093374465,2025-10-01 15:03:06.782208,WP PMA 80467,No failure
1500,40.3,207.0,298.5,308.9,5285.29,2.951047081644379,0.06629418172717558,59.41472631021631,2025-10-01 15:04:59.782208,WP PMA 80466,No failure
1364,55.6,163.0,297.2,308.5,5347.558129,36.461385699506096,1.9983719108979061,90.26570522546112,2025-10-01 15:11:43.782208,WP PMA 80466,door open delay
1622,37.2,103.0,297.5,308.3,5457.958884,47.56231038168288,0.695912273194448,80.02490348311116,2025-10-01 15:13:55.782208,WP PMA 80271,Random failure
1563,32.8,51.0,298.1,309.9,5446.44,23.249154431791236,1.3895731218270553,92.09673056674498,2025-10-01 15:19:11.782208,WP PMA 80271,door close delay
1915,22.3,116.0,303.6,312.3,5275.843225,30.152304086590867,1.3571095834850015,96.856841139973,2025-10-01 15:22:11.782208,WP PMA 80271,door close delay
1431,39.3,22.0,300.7,310.7,5263.357401,45.30621408858687,1.6214025308819116,97.16558546598277,2025-10-01 15:39:16.782208,WP PMA 80466,door open delay
1376,56.2,113.0,298.1,307.7,5366.441536,1.5427948460832044,0.12334409236350241,63.221869731521046,2025-10-01 15:41:37.782208,WP PMA 80271,No failure
1541,33.7,165.0,297.6,309.7,5325.642529,42.66027321379279,0.5957421488515693,81.39217013180169,2025-10-01 15:45:53.782208,WP PMA 80466,door close delay
1379,55.6,2.0,300.5,309.5,5331.336256,2.464840108976035,0.12477011687974571,63.19038734705123,2025-10-01 15:53:12.782208,WP PMA 80466,No failure
1413,43.5,83.0,302.2,311.5,5433.311521,46.06769449253791,1.9129662103062164,91.80974319114351,2025-10-01 16:11:23.782208,WP PMA 80466,door open delay
1537,37.6,175.0,298.6,309.3,5284.853809,47.63082184931335,1.103793640179266,89.40004843997045,2025-10-01 16:14:33.782208,WP PMA 80467,signal delay
1486,38.9,106.0,300.7,310.9,5518.558369,27.887507757506174,1.9882297442715522,90.94967991009187,2025-10-01 16:18:48.782208,WP PMA 80271,door close delay
1541,37.2,118.0,299.3,309.2,5353.8489,1.6287983963719832,0.15398830419020001,55.76751569086311,2025-10-01 16:23:29.782208,WP PMA 80271,No failure
1562,34.4,162.0,301.6,310.6,5425.353649,3.4399583296319993,0.135945199846103,59.60837614353555,2025-10-01 16:23:52.782208,WP PMA 80467,No failure
1353,49.8,182.0,299.9,309.2,5413.133476,29.662009234732807,1.229492610046293,92.09581103221204,2025-10-01 16:34:51.782208,WP PMA 80467,drive delay
1442,49.0,165.0,299.3,308.8,5378.168896,2.9979015138057137,0.03431566750213594,64.32056649172816,2025-10-01 16:36:44.782208,WP PMA 80466,No failure
1412,44.1,246.0,299.0,310.2,5296.200625,3.3091215860915715,0.10290475549226313,58.44761095410098,2025-10-01 16:37:41.782208,WP PMA 80467,No failure
1629,32.1,55.0,300.0,311.3,5246.829225,27.554756501884274,1.2394743242853634,86.1081681006253,2025-10-01 16:40:44.782208,WP PMA 80271,door close delay
1548,36.4,150.0,303.1,312.6,5496.7396,2.158180542869689,0.025638450187796175,59.03195111570397,2025-10-01 16:47:24.782208,WP PMA 80271,No failure
1537,37.6,175.0,298.6,309.3,5284.853809,47.63082184931335,1.103793640179266,89.40004843997045,2025-10-01 17:00:05.782208,WP PMA 80271,signal delay
1416,46.0,128.0,304.0,313.2,5272.2121,44.99963458848886,1.0455234908797713,94.8928400794894,2025-10-01 17:25:58.782208,WP PMA 80467,door close delay
1567,36.1,124.0,302.0,310.5,5284.272249,1.9084476984039032,0.12975989262769735,60.82932506856412,2025-10-01 17:31:09.782208,WP PMA 80466,No failure
1686,29.1,60.0,298.1,309.9,5446.144804,43.922000807869985,1.3483092713247107,80.57454392069313,2025-10-01 17:40:57.782208,WP PMA 80466,door close delay
1686,29.6,108.0,299.1,308.9,5378.168896,1.2496390170122964,0.11198623583399664,56.77494745003737,2025-10-01 17:41:58.782208,WP PMA 80467,No failure
1743,28.1,170.0,302.2,310.4,5282.237041,1.316095311675128,0.05003859992217188,64.40602938020176,2025-10-01 17:58:08.782208,WP PMA 80466,No failure
1959,22.3,157.0,303.5,311.7,5472.448576,29.43254792505012,0.8841722655722568,98.0943208432986,2025-10-01 18:09:46.782208,WP PMA 80467,signal delay
1915,22.3,116.0,303.6,312.3,5275.843225,30.152304086590867,1.3571095834850015,96.856841139973,2025-10-01 18:12:34.782208,WP PMA 80466,door close delay
1377,57.8,8.0,298.2,309.0,5282.818489,0.195926847456855,0.02474060579364648,60.905667563866515,2025-10-01 18:14:20.782208,WP PMA 80466,No failure
1734,32.4,161.0,299.0,308.6,5390.4964,36.16471629499442,0.9531873013492951,95.43673005245326,2025-10-01 18:38:19.782208,WP PMA 80271,Random failure
1665,31.1,178.0,298.7,309.6,5485.476096,3.63600586971917,0.03595773282746086,56.29169015159785,2025-10-01 18:38:27.782208,WP PMA 80467,No failure
1438,51.0,106.0,302.6,311.0,5282.527761,23.436251011580417,1.008899545945385,91.43758397735473,2025-10-01 18:39:24.782208,WP PMA 80466,signal delay
1532,39.4,2.0,302.0,309.8,5281.074241,4.351930838793422,0.09335511080305632,55.07218948426549,2025-10-01 19:02:36.782208,WP PMA 80467,No failure
1563,35.6,190.0,302.5,311.0,5283.109225,38.74104099685708,1.2347836818112328,99.83039726960615,2025-10-01 19:11:49.782208,WP PMA 80466,door open delay
1512,39.0,143.0,301.5,310.6,5512.023049,4.176663386150258,0.15980457046466756,57.59368934006405,2025-10-01 19:29:09.782208,WP PMA 80466,No failure
1706,31.8,8.0,298.3,308.9,5470.821225,4.748903574576295,0.1870636338822827,55.16003912149631,2025-10-01 19:29:55.782208,WP PMA 80467,No failure
1649,33.2,9.0,302.2,311.2,5435.375625,1.506955106146121,0.035440033230687104,60.72290546214066,2025-10-01 19:38:59.782208,WP PMA 80467,No failure
1376,55.7,214.0,298.0,308.6,5356.629721,4.78008719743073,0.17875635388790778,62.83478024208933,2025-10-01 19:59:26.782208,WP PMA 80467,No failure
1403,51.3,122.0,298.0,309.6,5445.111681,0.442522778997008,0.12321530004721036,55.94865357536696,2025-10-01 20:03:26.782208,WP PMA 80467,No failure
1449,46.5,121.0,299.3,309.0,5377.582224,1.9106911345918691,0.02915781037541295,57.93651119357154,2025-10-01 20:07:29.782208,WP PMA 80466,No failure
1419,50.9,39.0,303.4,311.9,5477.184064,3.8268315889726696,0.12211358922003826,64.92084758913325,2025-10-01 20:21:06.782208,WP PMA 80271,No failure
1696,27.5,73.0,300.7,310.2,5513.656516,4.446704055553823,0.1072442770521301,64.59402799771755,2025-10-01 20:23:39.782208,WP PMA 80271,No failure
1578,35.6,55.0,298.1,307.9,5370.837796,1.3175403717356629,0.012819026539225778,59.143099138627704,2025-10-01 20:27:17.782208,WP PMA 80466,No failure
2157,17.8,17.0,302.0,310.7,5282.963856,26.262641810156918,1.6362138319307393,90.81689443895104,2025-10-01 20:30:05.782208,WP PMA 80271,signal delay
1260,65.9,29.0,301.9,310.6,5454.561025,1.2390561071061736,0.031514997677233425,57.87771578511973,2025-10-01 20:30:08.782208,WP PMA 80271,No failure
1540,39.9,203.0,300.3,309.9,5514.102049,1.7536077273715953,0.10764782464083585,55.99134752418826,2025-10-01 20:38:55.782208,WP PMA 80271,No failure
1457,44.1,40.0,303.7,313.0,5492.143881,2.7759718235551682,0.1513483152599773,63.70091184901822,2025-10-01 20:45:46.782208,WP PMA 80467,No failure
1500,44.2,188.0,300.9,312.0,5490.513604,0.5393783126689884,0.13764501574241852,57.62937180167481,2025-10-01 20:55:40.782208,WP PMA 80271,No failure
1551,34.8,207.0,302.0,309.7,5281.219584,1.8090209131363542,0.1056159520837621,64.21502443621893,2025-10-01 21:11:28.782208,WP PMA 80467,No failure
1417,39.2,65.0,298.1,308.9,5402.544004,42.18444491739179,0.8419734264000982,90.26619371204663,2025-10-01 21:49:13.782208,WP PMA 80466,door close delay
1254,45.8,31.0,297.6,308.6,5267.130625,0.9987613729238751,0.17056109968982602,56.76059688934349,2025-10-01 21:53:53.782208,WP PMA 80271,No failure
2874,4.2,118.0,297.4,308.7,5322.286116,3.188845909127725,0.054760343765970686,64.62902347347567,2025-10-01 21:54:12.782208,WP PMA 80467,No failure
1477,45.0,40.0,295.6,306.2,5430.510864,0.5917757105588668,0.0825952400901623,57.3846735954024,2025-10-01 21:56:29.782208,WP PMA 80466,No failure
1401,59.0,38.0,299.4,309.3,5375.382489,4.727049410398726,0.12327110061950942,55.06015237838033,2025-10-01 22:12:20.782208,WP PMA 80466,No failure
1449,41.7,132.0,303.4,311.6,5472.152676,0.6283015712362706,0.13062977550006094,58.649422502637556,2025-10-01 22:30:56.782208,WP PMA 80467,No failure
1445,47.3,40.0,300.3,311.5,5244.077056,2.1234865374785508,0.07591100500335415,55.02914038010992,2025-10-01 22:57:13.782208,WP PMA 80467,No failure
1523,43.3,60.0,301.8,310.7,5310.182641,29.49868042780217,1.669398076973442,90.49945716483931,2025-10-01 22:57:32.782208,WP PMA 80466,signal delay
1308,50.2,32.0,300.0,309.4,5401.515025,0.767103290950266,0.17912256524756237,61.66820793475817,2025-10-01 23:11:16.782208,WP PMA 80466,No failure
1568,33.7,175.0,297.4,309.0,5452.493281,30.817869178878684,1.1978453154513014,94.86165932455624,2025-10-01 23:13:47.782208,WP PMA 80271,door close delay
1393,45.7,99.0,298.7,309.7,5485.920489,22.951023860642238,1.950191784586998,84.35485044656178,2025-10-01 23:18:41.782208,WP PMA 80271,door close delay
1388,50.5,176.0,301.7,310.5,5304.2089,2.09585336820835,0.053493669385627024,58.85616924324779,2025-10-01 23:37:48.782208,WP PMA 80271,No failure
1390,43.3,221.0,297.6,309.2,5451.607225,28.963313423812117,1.223664621780105,96.11862697857715,2025-10-01 23:49:47.782208,WP PMA 80466,door close delay
1628,37.4,144.0,297.4,308.8,5330.898169,1.3588028201175173,0.1556144646954994,64.73324899967349,2025-10-01 23:50:36.782208,WP PMA 80271,No failure
1286,60.5,0.0,296.7,307.8,5439.210001,4.758917503456652,0.0627552051679477,61.6767670375438,2025-10-02 00:10:14.782208,WP PMA 80466,No failure
1550,34.9,111.0,301.0,312.3,5241.76,40.43445593905051,1.6685544741278708,90.85306688363391,2025-10-02 00:22:19.782208,WP PMA 80467,door open delay
1449,44.5,152.0,302.3,311.7,5434.343524,29.801293682800324,1.9537263165480647,89.17307701084255,2025-10-02 00:36:47.782208,WP PMA 80271,door close delay
1296,58.2,204.0,300.7,310.8,5519.895616,27.436796098274527,0.7212085399904014,97.85767216446325,2025-10-02 00:50:28.782208,WP PMA 80466,door open delay
1404,44.6,87.0,300.3,309.6,5402.25,1.167042481063295,0.04773142447135035,64.22169474323374,2025-10-02 00:52:13.782208,WP PMA 80271,No failure
1248,61.4,77.0,301.0,310.5,5516.0329,3.9233386187847894,0.02203648012432103,62.32688075190963,2025-10-02 01:11:55.782208,WP PMA 80271,No failure
1629,30.4,74.0,302.9,312.5,5269.598464,3.6743314347114095,0.05492217533207448,64.73944403845766,2025-10-02 01:43:07.782208,WP PMA 80467,No failure
1355,51.4,76.0,297.0,308.1,5418.284881,21.531168293332144,1.2389006808121412,85.78997715095218,2025-10-02 01:45:25.782208,WP PMA 80271,Random failure
1563,32.8,51.0,298.1,309.9,5446.44,23.249154431791236,1.3895731218270553,92.09673056674498,2025-10-02 01:55:52.782208,WP PMA 80467,door close delay
1492,45.0,162.0,302.1,311.2,5285.29,1.69573152728484,0.16962380497404345,63.34941889196445,2025-10-02 02:13:28.782208,WP PMA 80271,No failure
1315,60.1,128.0,297.0,307.7,5273.6644,3.8886963359722597,0.15866087052513356,55.35775030172502,2025-10-02 02:28:33.782208,WP PMA 80271,No failure
1662,26.9,183.0,297.1,307.9,5277.150736,23.362238882353317,1.8939072927671246,84.03490101665102,2025-10-02 02:38:56.782208,WP PMA 80271,signal delay
1514,38.7,48.0,300.2,310.3,5501.337241,1.1032633692829412,0.10720400048673435,60.61320347161858,2025-10-02 02:42:57.782208,WP PMA 80466,No failure
1383,48.7,147.0,295.6,306.1,5432.574436,42.06220479764772,0.8198605991308731,86.20096073009861,2025-10-02 02:43:58.782208,WP PMA 80467,door close delay
1606,33.6,67.0,298.3,308.5,5466.827844,44.7178826205094,1.1768198578144409,82.56248054352427,2025-10-02 02:47:44.782208,WP PMA 80467,drive delay
1452,39.4,78.0,300.6,309.4,5334.111225,2.9166962285487696,0.1557279086504083,57.919916481724385,2025-10-02 02:49:43.782208,WP PMA 80467,No failure
1410,51.2,98.0,299.9,309.6,5395.930849,0.7924608629669989,0.03488889296264543,55.326468699205584,2025-10-02 03:06:41.782208,WP PMA 80466,No failure
1639,32.7,63.0,304.2,313.4,5272.502544,3.4180248329654455,0.04801971568942726,61.357540072558294,2025-10-02 03:26:01.782208,WP PMA 80466,No failure
1570,37.3,37.0,299.2,310.4,5467.1236,3.3584479087901946,0.1481197601533056,63.399026747951034,2025-10-02 03:26:53.782208,WP PMA 80467,No failure
1691,33.4,62.0,301.8,310.8,5310.182641,4.258456183821244,0.025499812739992966,57.782772590162644,2025-10-02 03:38:44.782208,WP PMA 80467,No failure
1456,43.7,80.0,298.1,308.1,5462.392464,4.317498055984401,0.09836306281231742,63.938247477842125,2025-10-02 03:39:59.782208,WP PMA 80467,No failure
1431,39.3,22.0,300.7,310.7,5263.357401,45.30621408858687,1.6214025308819116,97.16558546598277,2025-10-02 03:40:02.782208,WP PMA 80271,door open delay
1265,59.8,119.0,302.5,311.9,5509.202176,2.568122432152382,0.19129565492339617,62.90944099733878,2025-10-02 03:44:02.782208,WP PMA 80466,No failure
1502,43.2,139.0,297.6,308.3,5260.455841,45.25046550085902,0.681504933084405,84.61137984892757,2025-10-02 04:07:08.782208,WP PMA 80271,door close delay
1490,35.0,29.0,298.8,308.5,5355.605124,1.8270757663856454,0.09473843254712593,55.809581788318106,2025-10-02 04:27:38.782208,WP PMA 80467,No failure
1579,33.4,50.0,296.7,307.9,5438.177536,29.652550279830812,1.5245415270414138,90.68371500473029,2025-10-02 04:31:45.782208,WP PMA 80271,signal delay
1279,55.9,152.0,298.6,309.8,5483.254401,3.16518196722473,0.19885999567896478,55.193699209672445,2025-10-02 04:41:40.782208,WP PMA 80271,No failure
1677,29.2,49.0,302.5,311.5,5442.160441,0.9620406207134411,0.1716803644625896,62.1698348384438,2025-10-02 04:44:28.782208,WP PMA 80467,No failure
1579,33.4,50.0,296.7,307.9,5438.177536,29.652550279830812,1.5245415270414138,90.68371500473029,2025-10-02 04:52:25.782208,WP PMA 80466,signal delay
1534,34.3,31.0,302.6,312.3,5498.667409,4.520034330068109,0.12492722007575542,61.85146629446673,2025-10-02 05:08:39.782208,WP PMA 80467,No failure
1413,46.5,147.0,302.2,311.7,5509.647529,0.32988658605729443,0.08766162067898677,60.823278790573724,2025-10-02 05:12:57.782208,WP PMA 80271,No failure
1436,54.1,90.0,301.4,310.7,5512.320025,48.21507638039077,1.0595772874397975,95.62059277481504,2025-10-02 05:14:42.782208,WP PMA 80466,signal delay
1551,34.7,121.0,298.5,309.3,5464.1664,2.550195093265398,0.05602402793860183,57.985307070961035,2025-10-02 05:22:52.782208,WP PMA 80271,No failure
1555,35.8,190.0,297.8,307.3,5367.467169,2.973026547993238,0.04408202935928676,59.57850304638943,2025-10-02 05:28:18.782208,WP PMA 80467,No failure
1574,31.4,27.0,301.9,310.9,5429.479225,3.2780496454776538,0.1110729000026442,62.73828950841065,2025-10-02 05:32:50.782208,WP PMA 80466,No failure
1411,49.5,110.0,302.5,310.3,5465.349184,2.3198139324799065,0.08359401809897156,60.80613186493226,2025-10-02 05:43:50.782208,WP PMA 80466,No failure
1492,47.7,7.0,302.4,312.1,5268.146724,4.0817857745887105,0.12967736358871268,59.02680874232194,2025-10-02 05:47:59.782208,WP PMA 80467,No failure
1286,51.1,177.0,296.3,307.2,5428.005625,23.4303106810246,1.4262639106760326,88.00815197335469,2025-10-02 05:58:18.782208,WP PMA 80466,door open delay
1543,33.3,71.0,303.5,312.3,5480.588961,0.8191776328582753,0.06370876759564865,59.786365789075056,2025-10-02 06:00:24.782208,WP PMA 80271,No failure
1762,29.3,91.0,299.4,308.9,5374.502721,0.6263240158068931,0.03709124864541812,64.79701419790048,2025-10-02 06:02:31.782208,WP PMA 80466,No failure
1426,42.7,64.0,300.1,310.1,5502.524041,3.87264301492159,0.07446481953319503,61.79136081518949,2025-10-02 06:09:04.782208,WP PMA 80466,No failure
1606,37.4,103.0,303.7,312.3,5275.988496,4.574686375282625,0.1285957184221888,57.470585916160154,2025-10-02 06:28:46.782208,WP PMA 80467,No failure
1485,40.5,188.0,300.2,310.1,5503.117489,44.27777270700361,1.00731822680138,85.07467411154907,2025-10-02 06:50:29.782208,WP PMA 80466,door close delay
1417,39.2,65.0,298.1,308.9,5402.544004,42.18444491739179,0.8419734264000982,90.26619371204663,2025-10-02 06:52:44.782208,WP PMA 80271,door close delay
1825,24.6,142.0,297.2,307.9,5273.809641,2.7247637753702922,0.1679619729442729,61.06805644251999,2025-10-02 07:11:44.782208,WP PMA 80467,No failure
1572,33.0,127.0,298.5,309.6,5254.945081,3.727778469624404,0.058778097670949415,60.33544170920989,2025-10-02 07:16:50.782208,WP PMA 80466,No failure
1680,33.7,185.0,298.1,308.3,5464.462084,40.53621110002542,1.861302562403293,99.0882319471089,2025-10-02 07:18:27.782208,WP PMA 80467,signal delay
1410,48.3,118.0,300.1,309.7,5514.696121,1.6525368959296878,0.029584547695357698,60.05568248509737,2025-10-02 07:21:29.782208,WP PMA 80467,No failure
1557,31.6,52.0,300.8,310.9,5520.044209,23.535299894024025,1.8677102114598112,91.6199465983229,2025-10-02 07:21:47.782208,WP PMA 80467,door open delay
1630,35.6,183.0,302.3,311.1,5296.200625,2.8584077279843294,0.15832019952752344,56.73835609802377,2025-10-02 07:25:50.782208,WP PMA 80271,No failure
1563,32.8,51.0,298.1,309.9,5446.44,23.249154431791236,1.3895731218270553,92.09673056674498,2025-10-02 07:34:18.782208,WP PMA 80467,door close delay
1509,39.9,25.0,302.0,311.3,5303.043684,27.239929425481904,1.4595475697774438,80.04445211653625,2025-10-02 07:34:58.782208,WP PMA 80467,door open delay
1706,28.8,111.0,299.9,311.4,5493.626161,41.441868880496905,0.5863150585353729,86.83961198318863,2025-10-02 07:55:15.782208,WP PMA 80271,door close delay
1640,30.8,191.0,300.2,311.7,5498.074201,1.7959170533940745,0.11262422720667062,64.28436102104783,2025-10-02 07:58:34.782208,WP PMA 80466,No failure
1563,35.6,190.0,302.5,311.0,5283.109225,38.74104099685708,1.2347836818112328,99.83039726960615,2025-10-02 08:18:01.782208,WP PMA 80467,door open delay
1523,40.9,141.0,299.3,310.8,5467.715136,32.60338432946594,1.4731501023736493,97.8371124133434,2025-10-02 08:30:29.782208,WP PMA 80271,door open delay
1643,34.1,44.0,301.6,310.9,5509.944441,2.500114194112938,0.16441752925128825,64.45939170411489,2025-10-02 08:37:51.782208,WP PMA 80271,No failure
1380,48.7,17.0,304.2,313.2,5273.6644,0.9529712935470096,0.13326661705002202,61.66111788989033,2025-10-02 08:41:48.782208,WP PMA 80466,No failure
1675,30.2,11.0,300.0,309.5,5401.074064,3.902128353886476,0.0353167264942837,64.20727392080163,2025-10-02 08:50:21.782208,WP PMA 80466,No failure
1574,38.7,30.0,302.5,312.2,5268.001561,45.14604826414569,0.6896049610735586,92.43308617994987,2025-10-02 09:00:12.782208,WP PMA 80467,signal delay
1924,20.6,37.0,297.6,309.5,5324.037156,3.814810690048303,0.051300795867612006,64.11966710981581,2025-10-02 09:03:40.782208,WP PMA 80466,No failure
1680,33.7,185.0,298.1,308.3,5464.462084,40.53621110002542,1.861302562403293,99.0882319471089,2025-10-02 09:13:08.782208,WP PMA 80271,signal delay
1588,33.4,204.0,297.1,308.4,5416.224025,38.83808741520501,1.6968130959118022,95.07069908070774,2025-10-02 09:28:30.782208,WP PMA 80466,door open delay
1567,32.9,132.0,303.1,312.6,5500.150569,1.570968009453382,0.14807919547291476,55.07634771812543,2025-10-02 09:29:57.782208,WP PMA 80271,No failure
1600,32.8,205.0,301.5,310.5,5257.120036,32.84282188032643,0.9163814461292255,84.44969552431002,2025-10-02 09:33:20.782208,WP PMA 80271,signal delay
1438,51.0,106.0,302.6,311.0,5282.527761,23.436251011580417,1.008899545945385,91.43758397735473,2025-10-02 09:41:22.782208,WP PMA 80271,signal delay
1423,40.2,63.0,300.9,312.1,5491.254609,26.487242862943063,0.6574029788516131,82.48730646898161,2025-10-02 09:41:23.782208,WP PMA 80466,door open delay
1432,44.5,195.0,302.4,311.1,5283.109225,0.4812558144311264,0.0698739628555126,58.743595886813864,2025-10-02 09:58:50.782208,WP PMA 80466,No failure
1534,33.7,47.0,298.1,310.0,5446.44,36.52876351172468,0.8635648460473964,87.49703042419631,2025-10-02 10:09:56.782208,WP PMA 80467,door close delay
1541,33.7,165.0,297.6,309.7,5325.642529,42.66027321379279,0.5957421488515693,81.39217013180169,2025-10-02 10:10:45.782208,WP PMA 80466,door close delay
1568,35.8,140.0,298.3,309.4,5405.043361,1.7152562654672303,0.19965947518699523,63.92367234126924,2025-10-02 10:39:53.782208,WP PMA 80271,No failure
1386,50.0,132.0,302.2,310.6,5283.399969,1.431574348288333,0.09130686216586734,57.34828838372763,2025-10-02 10:41:18.782208,WP PMA 80271,No failure
1590,36.3,43.0,301.4,310.7,5423.586025,3.3220440249904275,0.12586093961606337,55.891356341442005,2025-10-02 11:46:31.782208,WP PMA 80271,No failure
1377,41.6,34.0,303.4,311.9,5276.133769,0.8400948807830474,0.05896127466601595,61.03808133341167,2025-10-02 11:49:40.782208,WP PMA 80466,No failure
1488,41.9,196.0,297.8,308.5,5460.175449,45.36625728238058,0.586463643662795,88.59180885604579,2025-10-02 12:05:19.782208,WP PMA 80271,Random failure
1633,30.9,89.0,302.6,311.9,5268.582225,3.1347437913182166,0.011698503076671977,58.051596350478235,2025-10-02 12:08:34.782208,WP PMA 80466,No failure
1419,47.4,142.0,298.1,307.7,5372.157025,1.291723481857045,0.09082385475943555,60.80773644197271,2025-10-02 12:19:42.782208,WP PMA 80271,No failure
1572,33.4,20.0,299.6,309.2,5379.342336,4.27002540453801,0.1243321010998417,58.919161787659405,2025-10-02 12:20:16.782208,WP PMA 80466,No failure
1505,39.6,107.0,300.3,311.3,5246.539489,2.964703056347963,0.11440705990783898,64.01919607329353,2025-10-02 12:30:33.782208,WP PMA 80271,No failure
1486,38.9,106.0,300.7,310.9,5518.558369,27.887507757506174,1.9882297442715522,90.94967991009187,2025-10-02 12:42:37.782208,WP PMA 80466,door close delay
1665,29.6,20.0,298.1,308.5,5469.637849,37.238730558246914,1.0025553265776534,99.00835330996256,2025-10-02 12:48:24.782208,WP PMA 80466,Random failure
1392,46.4,174.0,297.4,308.7,5479.404529,49.82094774461507,1.7275260349496973,82.29807714007318,2025-10-02 12:54:07.782208,WP PMA 80466,signal delay
1647,34.2,14.0,302.6,310.3,5464.018561,2.7685646702261133,0.14528873672126075,59.32038580934559,2025-10-02 13:36:49.782208,WP PMA 80466,No failure
1680,32.4,76.0,301.8,310.7,5430.2161,3.114730640269209,0.16662014036616224,57.720523812033015,2025-10-02 13:54:06.782208,WP PMA 80466,No failure
1513,40.0,51.0,300.4,311.7,5244.077056,25.14323664801961,0.5049198162018053,96.51196761417759,2025-10-02 14:03:37.782208,WP PMA 80467,door close delay
1959,22.3,157.0,303.5,311.7,5472.448576,29.43254792505012,0.8841722655722568,98.0943208432986,2025-10-02 14:09:34.782208,WP PMA 80466,signal delay
1337,58.1,184.0,297.2,307.9,5274.390625,1.337429844504154,0.19020310053591186,56.83145418243483,2025-10-02 14:10:34.782208,WP PMA 80466,No failure
1501,38.0,157.0,300.1,309.6,5514.399081,3.6138573185888405,0.17847428740181312,61.00193057812574,2025-10-02 14:21:21.782208,WP PMA 80271,No failure
1358,50.6,133.0,302.4,311.8,5301.150481,4.039077159864948,0.19630589567669046,63.71390228500894,2025-10-02 14:22:48.782208,WP PMA 80271,No failure
1584,41.0,191.0,298.4,308.2,5311.931689,2.608033651769618,0.02487657005099627,58.35654263712608,2025-10-02 14:26:06.782208,WP PMA 80467,No failure
1512,44.9,86.0,301.0,310.4,5260.310784,39.36836299538538,1.6935308256837749,96.5270926355088,2025-10-02 14:26:33.782208,WP PMA 80466,door open delay
1678,34.4,148.0,297.5,309.4,5448.801856,2.074293703799845,0.1629320500478487,64.17106551353969,2025-10-02 14:30:08.782208,WP PMA 80467,No failure
1469,45.5,214.0,298.0,308.2,5315.139025,0.3391585953654312,0.1904324884955032,63.23030797658553,2025-10-02 14:33:08.782208,WP PMA 80271,No failure
1521,42.3,215.0,299.2,308.9,5356.483344,48.52642714523353,0.5951679291380665,96.63168155565477,2025-10-02 14:33:25.782208,WP PMA 80271,signal delay
1394,47.4,21.0,300.2,309.8,5513.953536,3.0465125221877085,0.08322698085811171,57.250102248087984,2025-10-02 14:36:59.782208,WP PMA 80467,No failure
1513,40.0,51.0,300.4,311.7,5244.077056,25.14323664801961,0.5049198162018053,96.51196761417759,2025-10-02 14:42:44.782208,WP PMA 80271,door close delay
1371,50.2,109.0,300.3,311.4,5246.539489,4.581010578017661,0.18961514877463737,59.67698402743696,2025-10-02 14:50:44.782208,WP PMA 80467,No failure
1351,48.6,110.0,302.2,311.1,5436.702756,3.384541040047551,0.18498741585912837,58.965576455816105,2025-10-02 14:51:34.782208,WP PMA 80467,No failure
1393,40.4,127.0,297.6,308.6,5473.632256,4.905610500383373,0.06548986017680093,61.95368968197168,2025-10-02 14:54:42.782208,WP PMA 80466,No failure
1479,42.8,92.0,303.4,312.3,5275.1169,2.6918669751044075,0.188953512119435,63.14000252374538,2025-10-02 15:19:20.782208,WP PMA 80467,No failure
1455,46.8,162.0,298.7,309.6,5289.798361,4.995223981522833,0.1875289113691224,59.262737044606915,2025-10-02 15:25:11.782208,WP PMA 80467,No failure
1523,43.3,60.0,301.8,310.7,5310.182641,29.49868042780217,1.669398076973442,90.49945716483931,2025-10-02 15:25:11.782208,WP PMA 80466,signal delay
1302,60.4,34.0,298.2,308.8,5471.856784,0.904183568507736,0.013562300386479396,57.428038198983494,2025-10-02 15:35:35.782208,WP PMA 80271,No failure
1892,21.8,177.0,301.9,310.5,5450.425929,43.654580946114876,0.9529393734897191,97.87179433207908,2025-10-02 15:52:37.782208,WP PMA 80466,door close delay
1654,32.0,180.0,300.6,310.7,5519.598436,4.373864937800473,0.017588692492326932,58.94321156634266,2025-10-02 16:06:30.782208,WP PMA 80466,No failure
1534,33.2,75.0,298.3,308.2,5462.096836,38.38206123061534,1.8642989668196104,93.6352359612934,2025-10-02 16:08:45.782208,WP PMA 80467,door close delay
1629,32.5,45.0,298.1,309.9,5446.587601,23.75340627019404,1.9241090702893169,87.54583502901593,2025-10-02 16:15:34.782208,WP PMA 80467,door close delay
1436,54.1,90.0,301.4,310.7,5512.320025,48.21507638039077,1.0595772874397975,95.62059277481504,2025-10-02 16:25:32.782208,WP PMA 80466,signal delay
1572,32.8,142.0,299.7,309.2,5345.218321,4.164981962630087,0.11786560464166439,59.63291227314805,2025-10-02 16:28:26.782208,WP PMA 80467,No failure
1325,62.4,92.0,302.6,310.2,5461.949025,4.571087790533849,0.0692140596371431,63.58386083492413,2025-10-02 16:33:12.782208,WP PMA 80271,No failure
1364,52.5,125.0,300.9,312.4,5492.143881,0.871043572156238,0.039292750838154006,56.7620312575365,2025-10-02 16:40:10.782208,WP PMA 80466,No failure
1488,41.9,196.0,297.8,308.5,5460.175449,45.36625728238058,0.586463643662795,88.59180885604579,2025-10-02 17:05:23.782208,WP PMA 80466,Random failure
1621,28.3,211.0,300.8,311.9,5491.699236,3.2295839106953865,0.09655041234433218,62.22072848152137,2025-10-02 17:06:39.782208,WP PMA 80271,No failure
1394,46.4,82.0,302.9,312.6,5499.408964,1.636719341367905,0.19826445354503647,62.91503814180784,2025-10-02 17:08:39.782208,WP PMA 80467,No failure
1838,24.9,66.0,300.7,309.5,5334.257296,3.7441741238991413,0.015161503893522058,64.71557631285826,2025-10-02 17:20:57.782208,WP PMA 80467,No failure
1445,46.6,155.0,300.5,310.8,5519.301264,1.6804798871576656,0.024269594483988133,62.55862454160448,2025-10-02 17:30:50.782208,WP PMA 80271,No failure
1309,43.3,68.0,301.8,310.7,5430.068721,22.956864858730775,1.8043351812228186,97.79950059938305,2025-10-02 17:33:15.782208,WP PMA 80467,door open delay
1409,53.1,126.0,302.5,311.4,5297.365089,3.8740281391364433,0.18039631592710254,61.81877150021516,2025-10-02 17:36:16.782208,WP PMA 80467,No failure
1657,28.7,108.0,301.4,310.7,5255.525025,2.798643003176542,0.10027524634173672,59.157809782328016,2025-10-02 17:40:40.782208,WP PMA 80466,No failure
1295,57.1,146.0,302.3,311.1,5440.242564,4.312846968580486,0.04814855000319239,59.28726052832238,2025-10-02 17:42:57.782208,WP PMA 80466,No failure
1743,24.8,99.0,299.6,310.2,5248.422916,2.8164365851171502,0.12336455465743744,57.49698005562507,2025-10-02 18:01:06.782208,WP PMA 80467,No failure
1428,48.8,109.0,300.6,309.9,5251.031296,1.6358127577899635,0.14706640976096472,56.48788563462097,2025-10-02 18:03:37.782208,WP PMA 80271,No failure
1526,38.2,47.0,302.3,311.5,5445.111681,20.770653830747378,1.30602776858319,86.60692999486108,2025-10-02 18:14:35.782208,WP PMA 80466,signal delay
1511,35.8,54.0,300.8,310.5,5503.859344,3.738867272371742,0.12911876212801496,57.96869261764701,2025-10-02 18:36:42.782208,WP PMA 80466,No failure
1479,45.6,59.0,302.3,311.4,5445.259264,0.5849282762707355,0.09493440638101648,63.362103930177554,2025-10-02 18:45:37.782208,WP PMA 80466,No failure
2157,17.8,17.0,302.0,310.7,5282.963856,26.262641810156918,1.6362138319307393,90.81689443895104,2025-10-02 18:57:16.782208,WP PMA 80271,signal delay
1568,33.7,175.0,297.4,309.0,5452.493281,30.817869178878684,1.1978453154513014,94.86165932455624,2025-10-02 18:57:16.782208,WP PMA 80466,door close delay
1418,46.3,,298.8,309.1,5473.632256,4.8201959155324605,0.18843111130267248,56.63789508666273,2025-10-02 18:59:20.782208,WP PMA 80466,No failure
1486,38.9,106.0,300.7,310.9,5518.558369,27.887507757506174,1.9882297442715522,90.94967991009187,2025-10-02 19:10:07.782208,WP PMA 80271,door close delay
1488,41.9,196.0,297.8,308.5,5460.175449,45.36625728238058,0.586463643662795,88.59180885604579,2025-10-02 19:11:51.782208,WP PMA 80271,Random failure
1446,36.6,227.0,297.1,308.1,5419.609924,43.297600346955875,1.571528479618523,90.93819912138767,2025-10-02 19:24:41.782208,WP PMA 80467,door close delay
1682,30.7,78.0,300.6,309.6,5337.7636,1.207457893842546,0.12121331065665392,58.357482671160575,2025-10-02 19:35:06.782208,WP PMA 80467,No failure
1467,48.1,43.0,301.9,311.0,5306.685409,0.8435737662640233,0.1858032574996234,64.43641187199466,2025-10-02 19:40:34.782208,WP PMA 80467,No failure
1684,29.3,167.0,303.8,312.6,5478.9604,45.95904206895359,1.5958608150105298,83.515013763323,2025-10-02 19:56:41.782208,WP PMA 80467,door close delay
1410,45.8,71.0,298.1,308.1,5382.569956,27.52074409551031,0.5276270527141842,96.37082823466986,2025-10-02 20:06:58.782208,WP PMA 80271,drive delay
1467,39.6,,298.4,309.1,5402.25,21.422795318204866,0.5162020865393773,91.32636453399321,2025-10-02 20:14:20.782208,WP PMA 80466,door open delay
1665,29.6,20.0,298.1,308.5,5469.637849,37.238730558246914,1.0025553265776534,99.00835330996256,2025-10-02 20:36:35.782208,WP PMA 80466,Random failure
1357,54.5,49.0,301.2,310.3,5420.346129,2.5210306044979007,0.1179960333334,58.72653218175872,2025-10-02 20:37:51.782208,WP PMA 80271,No failure
1492,41.4,195.0,301.4,310.3,5425.7956,1.4069558088752327,0.13963842840834353,63.44216028058898,2025-10-02 20:54:05.782208,WP PMA 80466,No failure
1619,35.2,240.0,299.1,310.3,5466.088489,1.4693827764089804,0.12826880128651175,64.48458934045134,2025-10-02 20:57:39.782208,WP PMA 80466,No failure
1591,37.5,109.0,299.8,309.2,5370.251524,3.9893143274347467,0.16407578253961594,58.23889210623919,2025-10-02 21:13:07.782208,WP PMA 80466,No failure
1928,21.8,209.0,300.8,311.8,5491.699236,1.4211284470993568,0.02172547025618399,55.345087252332874,2025-10-02 21:13:45.782208,WP PMA 80466,No failure
1522,46.3,146.0,297.4,308.7,5271.050404,3.8369702285554204,0.18666744235023525,58.435480123394576,2025-10-02 21:19:35.782208,WP PMA 80271,No failure
1383,51.4,160.0,302.9,312.4,5269.3081,3.3952914848078737,0.048282153132014755,60.11743867861529,2025-10-02 21:22:12.782208,WP PMA 80271,No failure
1754,26.9,209.0,302.9,312.3,5270.179216,31.064126655309654,0.7271846408765829,96.36983679144254,2025-10-02 21:23:55.782208,WP PMA 80271,signal delay
1416,61.8,209.0,300.7,310.4,5504.304481,21.449680119185427,1.6055801123947226,87.14991297931678,2025-10-02 21:26:53.782208,WP PMA 80466,signal delay
1858,25.4,2.0,302.7,312.3,5498.2225,1.7705599296431094,0.01977255355812982,62.0981214215773,2025-10-02 21:29:42.782208,WP PMA 80271,No failure
1550,37.4,148.0,300.5,309.8,5332.942729,0.6119291549303764,0.19556591777175705,57.328618344829955,2025-10-02 21:38:22.782208,WP PMA 80271,No failure
1397,46.9,82.0,302.6,311.9,5268.582225,46.33389815864494,0.5851979464331976,90.61406537998971,2025-10-02 21:44:49.782208,WP PMA 80466,Random failure
1861,21.8,84.0,301.7,310.7,5256.685009,1.119952325335846,0.13517894634784505,56.56459656155949,2025-10-02 21:45:09.782208,WP PMA 80466,No failure
1276,65.9,50.0,298.0,309.4,5348.728225,0.8780815569979696,0.062382125927564716,58.79111933712756,2025-10-02 21:52:50.782208,WP PMA 80467,No failure
1393,55.9,79.0,298.0,309.0,5281.074241,38.304028882010535,1.803235441130456,87.01367158265482,2025-10-02 21:57:24.782208,WP PMA 80271,door open delay
1514,34.7,130.0,303.3,311.6,5472.004729,3.37292058810064,0.08349982993907747,61.92211334550195,2025-10-02 22:00:46.782208,WP PMA 80271,No failure
1483,38.8,23.0,297.4,308.3,5275.262161,4.571812786297547,0.15841730374749755,61.39716083400434,2025-10-02 22:20:56.782208,WP PMA 80271,No failure
1638,31.9,131.0,297.4,308.7,5270.905201,4.183703603595338,0.15641835311903063,63.22001872373027,2025-10-02 22:26:39.782208,WP PMA 80467,No failure
1577,33.2,100.0,300.7,312.3,5492.2921,4.589821615961692,0.01584243473915127,56.44645804943885,2025-10-02 22:35:17.782208,WP PMA 80467,No failure
1566,38.1,89.0,298.6,309.5,5254.510144,3.0236866978048598,0.0541951132789968,58.32744550172694,2025-10-02 22:35:27.782208,WP PMA 80271,No failure
1622,37.2,103.0,297.5,308.3,5457.958884,47.56231038168288,0.695912273194448,80.02490348311116,2025-10-02 22:35:40.782208,WP PMA 80466,Random failure
1740,31.1,113.0,300.4,309.7,5258.425225,4.313060225579349,0.17363322573900675,61.42780808627608,2025-10-02 22:41:05.782208,WP PMA 80467,No failure
1478,38.6,141.0,301.8,310.5,5304.791556,37.28807496496765,1.3246250892014255,81.75641095592287,2025-10-02 22:43:06.782208,WP PMA 80466,door close delay
1563,35.0,8.0,302.7,310.5,5463.870724,0.41370408220208876,0.05149194109287476,55.14868931294309,2025-10-02 22:44:30.782208,WP PMA 80466,No failure
1892,21.8,177.0,301.9,310.5,5450.425929,43.654580946114876,0.9529393734897191,97.87179433207908,2025-10-02 23:00:32.782208,WP PMA 80271,door close delay
1334,72.0,151.0,297.5,308.1,5260.6009,0.5297064437771071,0.15011296364460514,59.8516468487551,2025-10-02 23:15:08.782208,WP PMA 80467,No failure
1705,29.5,95.0,299.2,310.5,5468.010916,2.5453413214497287,0.11668561271038433,57.981026831908245,2025-10-02 23:33:10.782208,WP PMA 80467,No failure
1559,37.6,209.0,302.5,311.4,5441.127696,1.7622503097755478,0.06932858012355869,61.208713729715925,2025-10-02 23:34:54.782208,WP PMA 80271,No failure
1466,49.0,66.0,302.2,311.7,5508.459961,46.56475728244531,1.788039593172544,96.4904334654153,2025-10-02 23:34:55.782208,WP PMA 80467,signal delay
1482,42.1,15.0,298.5,309.9,5483.994916,3.064901275182273,0.01077799039224755,56.50413248955577,2025-10-02 23:40:57.782208,WP PMA 80467,No failure
1385,52.1,128.0,300.0,310.4,5500.892224,2.5126527536676915,0.11126589510962195,63.116289207853335,2025-10-02 23:48:02.782208,WP PMA 80466,No failure
1629,32.5,45.0,298.1,309.9,5446.587601,23.75340627019404,1.9241090702893169,87.54583502901593,2025-10-02 23:54:16.782208,WP PMA 80466,door close delay
1724,30.0,76.0,300.7,310.8,5518.706944,0.7344818008446148,0.041292463947095175,64.1814701064512,2025-10-02 23:58:29.782208,WP PMA 80271,No failure
1786,26.1,123.0,301.4,310.7,5512.171536,0.3824271844124004,0.135551633889435,58.542041756427956,2025-10-03 00:15:04.782208,WP PMA 80271,No failure
1534,33.7,47.0,298.1,310.0,5446.44,36.52876351172468,0.8635648460473964,87.49703042419631,2025-10-03 00:23:18.782208,WP PMA 80271,door close delay
1662,26.9,183.0,297.1,307.9,5277.150736,23.362238882353317,1.8939072927671246,84.03490101665102,2025-10-03 01:06:44.782208,WP PMA 80466,signal delay
1509,33.4,172.0,300.8,311.1,5505.64,0.3770759162270195,0.02554066738631309,56.4191160606151,2025-10-03 01:43:45.782208,WP PMA 80467,No failure
1681,35.5,44.0,298.6,310.0,5351.654025,1.5638801281799313,0.193167248032758,60.53206431054213,2025-10-03 02:04:18.782208,WP PMA 80271,No failure
1706,28.8,111.0,299.9,311.4,5493.626161,41.441868880496905,0.5863150585353729,86.83961198318863,2025-10-03 02:07:11.782208,WP PMA 80271,door close delay
1387,57.6,50.0,298.6,309.6,5464.462084,31.02007056378983,1.924982620112702,85.77319677094144,2025-10-03 02:09:15.782208,WP PMA 80466,signal delay
1654,32.1,25.0,298.1,308.2,5315.576464,2.3109217057125413,0.13075102982336592,60.82022424211389,2025-10-03 02:20:34.782208,WP PMA 80271,No failure
1535,47.5,163.0,299.0,308.4,5365.416001,1.1420767503291942,0.09652727534611044,60.29996642487828,2025-10-03 02:27:39.782208,WP PMA 80466,No failure
1557,31.6,52.0,300.8,310.9,5520.044209,23.535299894024025,1.8677102114598112,91.6199465983229,2025-10-03 02:29:52.782208,WP PMA 80466,door open delay
1527,43.0,56.0,298.1,308.7,5288.634729,3.292808578318643,0.1553693218042191,64.14926702445538,2025-10-03 02:42:40.782208,WP PMA 80467,No failure
1491,40.2,231.0,297.6,309.4,5447.473249,2.1206224590944025,0.08291874467887969,63.01164001602792,2025-10-03 02:44:36.782208,WP PMA 80466,No failure
1489,38.3,35.0,302.2,311.5,5298.966436,1.448580660868055,0.16796957276611518,60.30369684566949,2025-10-03 02:47:44.782208,WP PMA 80467,No failure
1488,42.6,107.0,301.0,312.3,5241.76,1.631805421355065,0.15995382458548915,62.7942927296242,2025-10-03 02:47:48.782208,WP PMA 80467,No failure
1526,38.2,47.0,302.3,311.5,5445.111681,20.770653830747378,1.30602776858319,86.60692999486108,2025-10-03 03:03:31.782208,WP PMA 80271,signal delay
1530,42.3,21.0,302.3,311.5,5507.866225,30.450301760589426,1.1058661088010444,87.95387877662486,2025-10-03 03:11:12.782208,WP PMA 80466,signal delay
1484,39.2,8.0,298.8,308.4,5461.357801,38.09016038139223,0.9003470073560125,93.988876876617,2025-10-03 03:22:55.782208,WP PMA 80271,signal delay
1629,31.7,62.0,300.0,311.2,5246.684356,0.6435049758889759,0.14470958741053871,63.74280318080079,2025-10-03 03:27:25.782208,WP PMA 80271,No failure
1492,43.0,100.0,301.5,310.6,5421.229641,3.837442878806789,0.1227698084816044,60.614107034946365,2025-10-03 03:35:14.782208,WP PMA 80467,No failure
1368,52.0,140.0,296.8,307.6,5333.965156,4.057966386487312,0.13902596894653796,64.03757369677491,2025-10-03 03:36:53.782208,WP PMA 80467,No failure
1384,48.2,188.0,299.7,310.9,5467.419364,2.7741096270505374,0.17094014432667423,58.751736573307085,2025-10-03 04:12:52.782208,WP PMA 80466,No failure
1332,53.9,7.0,296.9,308.0,5332.212484,32.981098147326,0.9389940584593492,90.26690819060457,2025-10-03 04:18:51.782208,WP PMA 80466,signal delay
1603,32.6,121.0,301.1,310.5,5515.735824,0.5422651924771323,0.13186456543451022,59.91575847098525,2025-10-03 04:19:16.782208,WP PMA 80466,No failure
1355,51.4,76.0,297.0,308.1,5418.284881,21.531168293332144,1.2389006808121412,85.78997715095218,2025-10-03 04:20:25.782208,WP PMA 80466,Random failure
1519,40.7,208.0,301.5,310.6,5422.8496,2.190614362217617,0.048844107910442434,61.79864858119282,2025-10-03 04:32:05.782208,WP PMA 80271,No failure
1558,37.6,44.0,298.7,310.1,5251.466089,3.975896312319416,0.10565750684560468,56.05267479784998,2025-10-03 04:50:37.782208,WP PMA 80271,No failure
1532,42.6,54.0,298.0,308.6,5470.525369,2.7297541656606676,0.17755291819652322,59.85377282141234,2025-10-03 05:00:28.782208,WP PMA 80466,No failure
1600,32.8,205.0,301.5,310.5,5257.120036,32.84282188032643,0.9163814461292255,84.44969552431002,2025-10-03 05:21:19.782208,WP PMA 80466,signal delay
1557,31.6,52.0,300.8,310.9,5520.044209,23.535299894024025,1.8677102114598112,91.6199465983229,2025-10-03 05:32:57.782208,WP PMA 80467,door open delay
1501,44.8,226.0,300.6,311.8,5242.484025,2.6870237409000652,0.05473212872771582,57.58581458747566,2025-10-03 05:36:30.782208,WP PMA 80467,No failure
2189,15.6,186.0,297.7,308.1,5287.616656,0.14207773541334218,0.12869939493791732,61.83531706077639,2025-10-03 05:45:50.782208,WP PMA 80467,No failure
1429,39.4,98.0,301.0,310.5,5515.884361,1.726345130063268,0.15453572681729447,55.43836863402453,2025-10-03 06:01:51.782208,WP PMA 80466,No failure
1523,43.3,60.0,301.8,310.7,5310.182641,29.49868042780217,1.669398076973442,90.49945716483931,2025-10-03 06:08:49.782208,WP PMA 80466,signal delay
1661,34.2,109.0,296.7,307.4,5476.148001,39.530100823585144,1.8141870939694895,80.63461521403563,2025-10-03 06:25:15.782208,WP PMA 80271,door open delay
1661,34.2,109.0,296.7,307.4,5476.148001,39.530100823585144,1.8141870939694895,80.63461521403563,2025-10-03 06:35:07.782208,WP PMA 80271,door open delay
1457,50.5,114.0,301.2,310.6,5260.165729,0.40014488597507814,0.1536341135695784,59.54484863527109,2025-10-03 06:39:56.782208,WP PMA 80467,No failure
1512,44.9,86.0,301.0,310.4,5260.310784,39.36836299538538,1.6935308256837749,96.5270926355088,2025-10-03 06:43:11.782208,WP PMA 80467,door open delay
1324,56.9,173.0,297.4,309.0,5322.869764,2.8818728195416004,0.04891119122585704,59.37886221290778,2025-10-03 06:48:21.782208,WP PMA 80466,No failure
1364,55.6,163.0,297.2,308.5,5347.558129,36.461385699506096,1.9983719108979061,90.26570522546112,2025-10-03 07:06:38.782208,WP PMA 80271,door open delay
1310,48.8,103.0,301.1,310.6,5254.655121,36.17824182273196,1.4911480180915766,94.86845780453619,2025-10-03 07:15:39.782208,WP PMA 80271,door close delay
1357,55.0,12.0,302.9,312.5,5501.633929,2.0874156803483217,0.07127217873302519,62.0640634463996,2025-10-03 07:16:25.782208,WP PMA 80467,No failure
1408,38.8,20.0,298.2,308.9,5403.132036,4.071694770445177,0.049636259700544784,58.28524235909634,2025-10-03 07:18:10.782208,WP PMA 80467,No failure
1381,49.4,207.0,302.2,311.2,5444.373796,1.2355756263758286,0.18338765821019307,59.68529691226812,2025-10-03 07:20:03.782208,WP PMA 80271,No failure
1541,33.7,165.0,297.6,309.7,5325.642529,42.66027321379279,0.5957421488515693,81.39217013180169,2025-10-03 08:11:56.782208,WP PMA 80466,door close delay
1312,50.7,0.0,297.5,309.6,5326.518289,1.4341509986536511,0.17156220256310117,64.13012550671765,2025-10-03 08:15:18.782208,WP PMA 80271,No failure
1514,42.7,75.0,302.6,310.4,5461.801216,1.4503991100777416,0.02862325311062388,55.0357156861307,2025-10-03 08:26:05.782208,WP PMA 80467,No failure
1789,25.5,114.0,300.9,311.2,5252.770576,29.099466842190104,1.738325870197019,93.84443719569134,2025-10-03 08:43:09.782208,WP PMA 80466,signal delay
1416,46.0,128.0,304.0,313.2,5272.2121,44.99963458848886,1.0455234908797713,94.8928400794894,2025-10-03 08:44:06.782208,WP PMA 80466,door close delay
1509,46.6,125.0,300.3,309.9,5514.5476,20.02023079033625,0.7215698637292967,88.48214630717786,2025-10-03 08:45:31.782208,WP PMA 80466,door close delay
1391,45.8,38.0,299.2,310.5,5487.550084,4.7335503566546215,0.11629693019178851,62.10348237460117,2025-10-03 08:47:56.782208,WP PMA 80466,No failure
1466,49.0,66.0,302.2,311.7,5508.459961,46.56475728244531,1.788039593172544,96.4904334654153,2025-10-03 08:57:21.782208,WP PMA 80271,signal delay
1451,45.3,183.0,301.4,310.5,5511.874564,32.175175006445365,1.5074271932726768,89.3904760538535,2025-10-03 09:00:17.782208,WP PMA 80466,Random failure
1467,39.6,,298.4,309.1,5402.25,21.422795318204866,0.5162020865393773,91.32636453399321,2025-10-03 09:00:44.782208,WP PMA 80467,door open delay
1574,38.7,30.0,302.5,312.2,5268.001561,45.14604826414569,0.6896049610735586,92.43308617994987,2025-10-03 09:01:19.782208,WP PMA 80467,signal delay
1447,41.4,193.0,300.9,312.0,5242.194409,3.408134140622805,0.18296374832928172,64.64866532543485,2025-10-03 09:02:37.782208,WP PMA 80271,No failure
1470,45.9,132.0,296.8,307.5,5436.702756,4.083211458536956,0.19570590730148216,64.9584563884349,2025-10-03 09:18:51.782208,WP PMA 80271,No failure
1594,31.1,143.0,301.0,309.8,5320.827136,4.365695459174332,0.03847191422366195,63.416386344607616,2025-10-03 09:43:18.782208,WP PMA 80466,No failure
1686,29.1,60.0,298.1,309.9,5446.144804,43.922000807869985,1.3483092713247107,80.57454392069313,2025-10-03 09:51:15.782208,WP PMA 80271,door close delay
1353,49.8,182.0,299.9,309.2,5413.133476,29.662009234732807,1.229492610046293,92.09581103221204,2025-10-03 10:00:45.782208,WP PMA 80467,drive delay
1557,33.8,84.0,300.6,309.5,5417.843236,3.5259048305917555,0.08095338429738161,58.057903539258824,2025-10-03 10:06:50.782208,WP PMA 80466,No failure
1558,42.4,14.0,298.1,308.6,5475.556009,4.6998496618791705,0.17396780542063164,64.24979854164795,2025-10-03 10:16:38.782208,WP PMA 80466,No failure
1353,49.8,182.0,299.9,309.2,5413.133476,29.662009234732807,1.229492610046293,92.09581103221204,2025-10-03 10:31:20.782208,WP PMA 80466,drive delay
1630,34.6,94.0,302.2,311.1,5289.943824,0.6023796896750151,0.13590122344184566,61.09376000347464,2025-10-03 10:35:17.782208,WP PMA 80466,No failure
1744,31.5,0.0,299.0,310.2,5296.346176,28.026300229149285,1.337665464463818,86.65910951714694,2025-10-03 10:55:06.782208,WP PMA 80271,Random failure
1433,44.7,108.0,298.9,308.7,5470.0816,1.0233182102611407,0.16360849264892155,58.88765388592119,2025-10-03 10:59:00.782208,WP PMA 80271,No failure
1442,47.0,53.0,300.5,311.4,5496.443044,4.265326634783145,0.0369503538552124,55.41609453453085,2025-10-03 11:18:01.782208,WP PMA 80466,No failure
1723,28.8,33.0,297.4,308.3,5475.408016,2.368295333412568,0.013486900207718816,62.834243971795,2025-10-03 11:35:01.782208,WP PMA 80466,No failure
1494,42.2,35.0,300.8,310.3,5251.321156,0.9042342585151729,0.1363045923415718,58.99359384787383,2025-10-03 11:52:46.782208,WP PMA 80271,No failure
1611,35.4,72.0,296.8,307.9,5333.088784,4.000480800012523,0.1825755252954139,57.87230504841375,2025-10-03 11:55:10.782208,WP PMA 80271,No failure
1370,44.4,85.0,302.0,310.5,5452.197921,2.043267416712894,0.13431502642094215,56.46904239046183,2025-10-03 12:16:37.782208,WP PMA 80466,No failure
1534,33.7,47.0,298.1,310.0,5446.44,36.52876351172468,0.8635648460473964,87.49703042419631,2025-10-03 12:25:48.782208,WP PMA 80271,door close delay
1881,25.5,98.0,300.5,309.3,5408.719936,4.9061058967434095,0.03006785533027439,56.29519074989287,2025-10-03 12:46:56.782208,WP PMA 80466,No failure
1665,29.6,20.0,298.1,308.5,5469.637849,37.238730558246914,1.0025553265776534,99.00835330996256,2025-10-03 12:48:09.782208,WP PMA 80271,Random failure
1620,34.1,89.0,299.2,308.4,5386.385664,45.8446025594114,0.5034314840442716,96.88632719093115,2025-10-03 12:57:09.782208,WP PMA 80467,door open delay
1379,52.1,21.0,297.2,308.3,5345.949456,1.0461855202209054,0.07061630263422751,55.77017378741692,2025-10-03 13:02:18.782208,WP PMA 80466,No failure
1429,51.0,76.0,301.9,310.7,5284.563025,4.648626110238372,0.1939009619975694,61.113312341520775,2025-10-03 13:07:44.782208,WP PMA 80467,No failure
1622,37.2,103.0,297.5,308.3,5457.958884,47.56231038168288,0.695912273194448,80.02490348311116,2025-10-03 13:17:13.782208,WP PMA 80467,Random failure
1665,29.6,20.0,298.1,308.5,5469.637849,37.238730558246914,1.0025553265776534,99.00835330996256,2025-10-03 13:31:30.782208,WP PMA 80467,Random failure
1480,39.8,19.0,297.6,308.6,5261.906521,3.513777692973534,0.15174715124352997,55.502420058930426,2025-10-03 13:31:55.782208,WP PMA 80466,No failure
1416,61.8,209.0,300.7,310.4,5504.304481,21.449680119185427,1.6055801123947226,87.14991297931678,2025-10-03 13:32:07.782208,WP PMA 80271,signal delay
1321,60.8,73.0,301.6,310.6,5256.685009,2.6459773321682976,0.16630035072442806,59.58953354250239,2025-10-03 13:39:12.782208,WP PMA 80467,No failure
1477,35.2,53.0,296.2,307.3,5340.832561,0.5370365624698341,0.03484704421884215,56.46477951972006,2025-10-03 13:44:06.782208,WP PMA 80466,No failure
1433,37.9,36.0,300.2,311.4,5245.670329,3.4625512095162216,0.17131097042394655,63.49596905570398,2025-10-03 13:46:58.782208,WP PMA 80467,No failure
1620,34.1,89.0,299.2,308.4,5386.385664,45.8446025594114,0.5034314840442716,96.88632719093115,2025-10-03 13:56:36.782208,WP PMA 80467,door open delay
1378,53.5,65.0,298.1,308.8,5288.634729,2.553785225043483,0.12838500489163082,58.975744104954806,2025-10-03 14:18:06.782208,WP PMA 80466,No failure
1425,47.8,179.0,300.0,311.1,5248.133136,31.892833073046287,0.9683666427343691,94.56991747011459,2025-10-03 14:22:45.782208,WP PMA 80466,signal delay
1487,46.0,184.0,302.3,310.1,5463.279396,1.5725029423652939,0.025547702284765855,64.2305354246281,2025-10-03 14:24:30.782208,WP PMA 80467,No failure
1489,40.6,89.0,298.2,309.0,5259.875625,26.47058142682505,1.4778885915777045,89.33932847526452,2025-10-03 14:33:44.782208,WP PMA 80466,door open delay
1542,41.8,166.0,299.4,308.6,5369.225625,0.7444568818038316,0.14382446568024318,56.0142585194184,2025-10-03 14:46:21.782208,WP PMA 80271,No failure
1459,44.5,89.0,298.2,307.7,5363.658169,1.6769933415779363,0.034250257565630195,64.03766551083353,2025-10-03 14:48:04.782208,WP PMA 80466,No failure
1522,38.0,33.0,297.4,308.6,5418.873769,43.959348730009694,1.0402470399825932,82.86441012075419,2025-10-03 14:56:48.782208,WP PMA 80467,door close delay
1522,38.0,33.0,297.4,308.6,5418.873769,43.959348730009694,1.0402470399825932,82.86441012075419,2025-10-03 14:57:09.782208,WP PMA 80467,door close delay
2304,15.1,89.0,298.4,309.0,5357.654416,0.11239245506091221,0.18830322520532033,58.11601597398238,2025-10-03 15:24:07.782208,WP PMA 80466,No failure
1483,39.9,174.0,300.3,310.1,5503.265856,4.022615866968486,0.1178457679084303,60.344441688297415,2025-10-03 15:28:01.782208,WP PMA 80467,No failure
1577,37.9,227.0,300.8,310.6,5261.616369,1.7497576759661493,0.07133983724885005,55.85239284163191,2025-10-03 15:28:48.782208,WP PMA 80271,No failure
1477,36.6,177.0,297.1,307.8,5274.245376,0.3791223417592784,0.16330000129456648,56.78067547705153,2025-10-03 15:31:05.782208,WP PMA 80467,No failure
1479,34.5,197.0,300.7,309.5,5407.249156,2.0838994175677485,0.07542453739415905,56.51497715956416,2025-10-03 15:31:27.782208,WP PMA 80467,No failure
1337,45.8,62.0,300.6,310.1,5258.570256,3.4502973053323287,0.1868295538796746,56.8974232095527,2025-10-03 15:48:30.782208,WP PMA 80467,No failure
1329,52.0,160.0,301.4,310.7,5422.113225,0.17007549191221094,0.11897631176381043,64.44504451241066,2025-10-03 15:49:43.782208,WP PMA 80467,No failure
1354,51.8,157.0,300.5,310.8,5263.792704,2.645970208859433,0.1877521372298706,60.94640188783367,2025-10-03 15:55:21.782208,WP PMA 80466,No failure
1695,26.7,28.0,300.5,310.5,5249.582116,31.321847723618333,0.611570596074849,91.54170591118405,2025-10-03 15:58:10.782208,WP PMA 80466,drive delay
1484,39.2,8.0,298.8,308.4,5461.357801,38.09016038139223,0.9003470073560125,93.988876876617,2025-10-03 16:02:41.782208,WP PMA 80467,signal delay
1362,52.5,213.0,297.0,308.1,5345.364544,3.209335888958077,0.19146555075142574,56.198754437017406,2025-10-03 16:06:53.782208,WP PMA 80467,No failure
1304,53.5,153.0,297.1,308.4,5347.411876,0.5589999794469421,0.023702505626667595,64.31468830782953,2025-10-03 16:08:00.782208,WP PMA 80467,No failure
1522,38.0,33.0,297.4,308.6,5418.873769,43.959348730009694,1.0402470399825932,82.86441012075419,2025-10-03 16:23:47.782208,WP PMA 80467,door close delay
1505,45.7,144.0,298.6,309.8,5349.898449,4.333094586974561,0.09768657775932156,59.01288177606763,2025-10-03 17:18:16.782208,WP PMA 80466,No failure
1639,30.0,161.0,301.7,311.2,5255.380036,3.5426433818414114,0.055701687669944426,57.965665806807586,2025-10-03 17:29:57.782208,WP PMA 80467,No failure
1369,50.7,12.0,300.7,310.3,5251.466089,2.8711898726726224,0.06646597563527536,55.847649246766814,2025-10-03 17:30:35.782208,WP PMA 80467,No failure
1911,21.6,126.0,298.8,309.8,5465.201329,3.0514649509570595,0.1780769575603225,56.971813538683556,2025-10-03 17:33:33.782208,WP PMA 80467,No failure
1494,39.6,181.0,297.2,308.5,5263.792704,0.18897833995551624,0.17528975184444537,57.85892537533442,2025-10-03 17:34:11.782208,WP PMA 80466,No failure
1458,39.8,87.0,298.0,309.2,5270.324409,0.7514988742858816,0.029314488226874165,63.08246455878218,2025-10-03 17:36:24.782208,WP PMA 80271,No failure
1502,43.2,139.0,297.6,308.3,5260.455841,45.25046550085902,0.681504933084405,84.61137984892757,2025-10-03 18:01:25.782208,WP PMA 80466,door close delay
1518,35.8,195.0,297.7,307.2,5387.853604,3.4872135524105907,0.051199929115631274,58.020748697988786,2025-10-03 18:08:48.782208,WP PMA 80271,No failure
1349,50.4,30.0,300.4,309.5,5330.898169,4.726110859193479,0.15578257656376532,58.89567099862148,2025-10-03 18:10:53.782208,WP PMA 80271,No failure
1367,43.4,111.0,301.1,310.7,5508.459961,0.6597215859633028,0.047136718013331094,56.56407578723957,2025-10-03 18:12:51.782208,WP PMA 80271,No failure
1702,31.2,144.0,303.7,312.4,5275.697956,1.4028292460573455,0.10850269529450675,60.07049579729241,2025-10-03 18:24:20.782208,WP PMA 80271,No failure
1341,49.2,208.0,297.8,309.7,5447.768481,46.183917584260286,1.0201454764390876,92.46166290911955,2025-10-03 18:35:08.782208,WP PMA 80271,signal delay
1446,50.0,163.0,303.4,311.6,5472.596529,1.438034229601753,0.13817615873000008,63.29777171800403,2025-10-03 18:41:05.782208,WP PMA 80271,No failure
1309,43.3,68.0,301.8,310.7,5430.068721,22.956864858730775,1.8043351812228186,97.79950059938305,2025-10-03 18:57:19.782208,WP PMA 80466,door open delay
1466,46.2,62.0,300.3,311.5,5493.7744,0.6096960274966337,0.1284912548199204,57.83639591099957,2025-10-03 19:02:34.782208,WP PMA 80467,No failure
1513,38.0,38.0,300.9,311.9,5491.254609,45.398608991025895,1.6628507955465734,97.30340726359175,2025-10-03 19:18:09.782208,WP PMA 80467,door open delay
1464,49.1,171.0,303.9,313.4,5271.195609,49.98468948636307,0.7407190196670943,80.1908078185052,2025-10-03 19:20:08.782208,WP PMA 80271,door open delay
1416,58.7,156.0,303.8,312.8,5272.2121,33.788869839697,1.2694095011541886,98.03901176263835,2025-10-03 19:20:51.782208,WP PMA 80467,door open delay
1606,33.6,67.0,298.3,308.5,5466.827844,44.7178826205094,1.1768198578144409,82.56248054352427,2025-10-03 19:28:39.782208,WP PMA 80467,drive delay
1563,32.8,51.0,298.1,309.9,5446.44,23.249154431791236,1.3895731218270553,92.09673056674498,2025-10-03 19:44:21.782208,WP PMA 80467,door close delay
1555,41.9,19.0,300.6,310.2,5264.373136,1.668294893629167,0.07115949551429539,61.024368621636455,2025-10-03 19:46:17.782208,WP PMA 80466,No failure
1521,42.3,215.0,299.2,308.9,5356.483344,48.52642714523353,0.5951679291380665,96.63168155565477,2025-10-03 19:50:01.782208,WP PMA 80271,signal delay
1416,58.7,156.0,303.8,312.8,5272.2121,33.788869839697,1.2694095011541886,98.03901176263835,2025-10-03 19:51:05.782208,WP PMA 80467,door open delay
1618,37.6,32.0,301.2,310.0,5420.051641,1.4452443306057314,0.18704451039287293,58.1081172287397,2025-10-03 19:56:13.782208,WP PMA 80467,No failure
1413,43.5,83.0,302.2,311.5,5433.311521,46.06769449253791,1.9129662103062164,91.80974319114351,2025-10-03 19:58:25.782208,WP PMA 80466,door open delay
1351,49.5,196.0,302.1,311.0,5284.999204,4.221140639596243,0.19975285782021654,57.14036087072897,2025-10-03 20:00:15.782208,WP PMA 80271,No failure
1618,30.3,125.0,299.7,311.1,5488.290889,40.60410458568789,0.9727397823334152,91.90296894800397,2025-10-03 20:02:05.782208,WP PMA 80466,door close delay
1445,41.6,81.0,300.0,311.5,5498.667409,1.3229428158080283,0.04867664910114469,55.05208391304416,2025-10-03 20:04:35.782208,WP PMA 80271,No failure
1342,62.4,113.0,300.8,309.4,5418.284881,0.5005371433783963,0.048689023926868476,55.45914531650386,2025-10-03 20:06:54.782208,WP PMA 80467,No failure
1477,41.4,184.0,302.1,310.9,5447.030416,2.0231776437295115,0.13487519692255268,56.38726789436327,2025-10-03 20:15:06.782208,WP PMA 80271,No failure
1451,53.6,194.0,302.5,310.4,5466.679969,36.78689161924535,0.6298700216043418,95.66295953662588,2025-10-03 20:35:40.782208,WP PMA 80466,Random failure
1487,42.5,164.0,299.6,310.9,5292.5625,2.715456823526018,0.07207042834592033,58.01431876869372,2025-10-03 20:37:24.782208,WP PMA 80466,No failure
1484,38.0,84.0,300.7,310.6,5264.082916,3.777326613263291,0.18486860436083496,62.221571247575675,2025-10-03 20:39:41.782208,WP PMA 80467,No failure
1335,52.9,180.0,299.9,310.5,5249.0025,3.5080034357709025,0.05736326599898413,59.69469216490026,2025-10-03 20:53:40.782208,WP PMA 80466,No failure
1684,29.3,167.0,303.8,312.6,5478.9604,45.95904206895359,1.5958608150105298,83.515013763323,2025-10-03 21:23:13.782208,WP PMA 80271,door close delay
1456,39.4,209.0,299.8,309.1,5413.574929,2.5472363531381497,0.16116686479826067,59.242300119309185,2025-10-03 21:23:34.782208,WP PMA 80466,No failure
1482,37.6,132.0,299.3,308.6,5365.855504,1.0534780733661844,0.16517538101176069,55.576324441167074,2025-10-03 21:49:52.782208,WP PMA 80271,No failure
1622,37.2,103.0,297.5,308.3,5457.958884,47.56231038168288,0.695912273194448,80.02490348311116,2025-10-03 21:59:50.782208,WP PMA 80271,Random failure
1438,42.8,106.0,303.5,312.9,5493.181456,4.248639713836238,0.014539348454584461,57.26336401028604,2025-10-03 22:05:05.782208,WP PMA 80467,No failure
1492,40.6,20.0,300.8,311.4,5253.205441,3.6211036709058164,0.06432463592762723,60.405649074753974,2025-10-03 22:17:06.782208,WP PMA 80271,No failure
1555,37.6,142.0,298.9,308.5,5357.654416,3.035953776249292,0.12486581268010102,63.08427190341883,2025-10-03 22:21:45.782208,WP PMA 80271,No failure
1423,44.2,189.0,300.4,310.0,5514.250564,0.1693097106356286,0.024387111272939677,58.71389249355329,2025-10-03 23:09:52.782208,WP PMA 80271,No failure
1341,50.8,99.0,302.1,311.5,5433.606369,3.943923666932299,0.03433164353423768,58.01551878107858,2025-10-03 23:24:10.782208,WP PMA 80466,No failure
1756,26.4,190.0,303.7,312.3,5479.256484,4.63888667408004,0.1642675058245552,62.49239754914395,2025-10-03 23:32:17.782208,WP PMA 80467,No failure
1449,44.5,152.0,302.3,311.7,5434.343524,29.801293682800324,1.9537263165480647,89.17307701084255,2025-10-03 23:37:57.782208,WP PMA 80466,door close delay
1375,42.7,58.0,298.9,309.3,5474.816064,36.69009158864943,0.8981628206628844,98.64108579120862,2025-10-03 23:40:57.782208,WP PMA 80466,door close delay
1488,44.6,178.0,302.2,311.7,5266.550041,1.6146597033476786,0.05494599870907785,61.94151324931757,2025-10-04 00:29:05.782208,WP PMA 80467,No failure
1350,52.2,157.0,297.5,308.4,5456.924641,0.18048431023545417,0.16704305012666604,55.243434770548234,2025-10-04 00:34:23.782208,WP PMA 80271,No failure
1645,31.0,41.0,296.1,306.8,5434.490961,3.8119038465135118,0.14488504891515477,63.12310851730486,2025-10-04 00:39:42.782208,WP PMA 80271,No failure
1600,32.8,205.0,301.5,310.5,5257.120036,32.84282188032643,0.9163814461292255,84.44969552431002,2025-10-04 00:43:55.782208,WP PMA 80467,signal delay
1660,33.8,115.0,301.5,311.1,5515.735824,4.003851657179102,0.09362471446912536,60.05929938431908,2025-10-04 00:48:53.782208,WP PMA 80271,No failure
1387,57.6,50.0,298.6,309.6,5464.462084,31.02007056378983,1.924982620112702,85.77319677094144,2025-10-04 00:49:48.782208,WP PMA 80271,signal delay
1390,58.8,195.0,299.5,309.4,5376.555625,0.11704219647890038,0.015262665729230341,60.222359317511966,2025-10-04 00:54:20.782208,WP PMA 80466,No failure
1804,25.1,108.0,298.2,307.8,5461.949025,3.109792555782543,0.06832397794379363,63.325080568047966,2025-10-04 01:01:16.782208,WP PMA 80467,No failure
1465,44.1,136.0,300.8,310.6,5508.311524,2.3947065406424684,0.12477278319810085,61.69289135800339,2025-10-04 01:20:05.782208,WP PMA 80271,No failure
1369,54.5,82.0,298.2,307.6,5393.580481,38.50290665050511,1.2820817618376699,95.37527025830784,2025-10-04 01:40:36.782208,WP PMA 80466,signal delay
1647,31.3,3.0,297.5,308.2,5459.7321,3.0097282991046725,0.05761184044447854,64.43069633273257,2025-10-04 01:40:40.782208,WP PMA 80467,No failure
1948,19.7,66.0,302.0,310.8,5284.563025,42.5210758051029,1.9285960490927083,90.59359876216341,2025-10-04 01:41:01.782208,WP PMA 80271,door open delay
1485,40.5,188.0,300.2,310.1,5503.117489,44.27777270700361,1.00731822680138,85.07467411154907,2025-10-04 01:44:03.782208,WP PMA 80467,door close delay
1630,29.8,206.0,299.6,310.9,5487.8464,3.5598873502867328,0.19142912999558254,63.73902344768169,2025-10-04 01:52:25.782208,WP PMA 80467,No failure
1748,25.1,175.0,303.8,312.5,5478.9604,2.411741592835818,0.1419443700995644,62.226571518522796,2025-10-04 01:59:37.782208,WP PMA 80466,No failure
1534,33.7,47.0,298.1,310.0,5446.44,36.52876351172468,0.8635648460473964,87.49703042419631,2025-10-04 02:04:48.782208,WP PMA 80467,door close delay
1397,46.9,82.0,302.6,311.9,5268.582225,46.33389815864494,0.5851979464331976,90.61406537998971,2025-10-04 02:22:41.782208,WP PMA 80271,Random failure
1537,37.6,175.0,298.6,309.3,5284.853809,47.63082184931335,1.103793640179266,89.40004843997045,2025-10-04 02:24:59.782208,WP PMA 80466,signal delay
1588,30.6,39.0,302.2,311.5,5302.898041,3.1645493033727083,0.18799101195678536,59.84961005052699,2025-10-04 02:40:09.782208,WP PMA 80466,No failure
1680,33.7,185.0,298.1,308.3,5464.462084,40.53621110002542,1.861302562403293,99.0882319471089,2025-10-04 02:47:43.782208,WP PMA 80271,signal delay
1622,36.8,45.0,302.1,310.8,5294.890756,0.1349390104509654,0.1138541431411116,56.21682374178471,2025-10-04 02:54:02.782208,WP PMA 80271,No failure
1629,32.5,45.0,298.1,309.9,5446.587601,23.75340627019404,1.9241090702893169,87.54583502901593,2025-10-04 03:37:29.782208,WP PMA 80466,door close delay
1438,43.8,119.0,302.3,310.8,5293.435536,1.6876880637510048,0.14273460394012835,59.32659720783458,2025-10-04 03:39:15.782208,WP PMA 80466,No failure
1441,43.2,132.0,298.7,308.4,5469.489936,35.1055782720759,0.9394025035890767,81.07925966492373,2025-10-04 03:53:37.782208,WP PMA 80467,door close delay
1447,46.5,137.0,300.5,310.9,5263.937809,4.88655111688319,0.1656251133866593,62.64257820549383,2025-10-04 03:56:32.782208,WP PMA 80466,No failure
1422,40.4,140.0,299.7,309.2,5345.364544,3.215497035018544,0.19015208231909092,61.1643716062261,2025-10-04 04:05:21.782208,WP PMA 80467,No failure
1557,39.4,2.0,301.7,310.9,5303.480625,3.411967100298881,0.1738354585409355,58.64933548084975,2025-10-04 04:09:39.782208,WP PMA 80466,No failure
1557,31.6,52.0,300.8,310.9,5520.044209,23.535299894024025,1.8677102114598112,91.6199465983229,2025-10-04 04:33:27.782208,WP PMA 80467,door open delay
1509,39.9,25.0,302.0,311.3,5303.043684,27.239929425481904,1.4595475697774438,80.04445211653625,2025-10-04 04:43:31.782208,WP PMA 80466,door open delay
1459,45.6,3.0,300.4,311.7,5245.380625,3.828623739372875,0.025419719090911473,58.904455578159,2025-10-04 04:44:07.782208,WP PMA 80467,No failure
1458,38.8,34.0,302.6,312.2,5504.749636,3.800081129029973,0.037283295994537814,56.75912879779108,2025-10-04 04:44:30.782208,WP PMA 80467,No failure
1661,34.2,109.0,296.7,307.4,5476.148001,39.530100823585144,1.8141870939694895,80.63461521403563,2025-10-04 04:53:42.782208,WP PMA 80466,door open delay
1375,42.7,58.0,298.9,309.3,5474.816064,36.69009158864943,0.8981628206628844,98.64108579120862,2025-10-04 05:06:33.782208,WP PMA 80271,door close delay
1416,42.2,225.0,300.8,310.6,5261.616369,1.401825842667255,0.02106491189387253,64.8600353501683,2025-10-04 05:07:37.782208,WP PMA 80467,No failure
1440,39.1,188.0,299.2,308.8,5364.830025,28.70156658921013,1.8130553264197087,85.95014107372285,2025-10-04 05:16:02.782208,WP PMA 80271,Random failure
1502,43.2,139.0,297.6,308.3,5260.455841,45.25046550085902,0.681504933084405,84.61137984892757,2025-10-04 05:19:18.782208,WP PMA 80467,door close delay
1420,45.7,143.0,298.7,308.5,5469.342025,1.2849594305292558,0.18608495496951946,62.450755836888455,2025-10-04 05:25:21.782208,WP PMA 80271,No failure
1605,37.0,84.0,296.9,307.8,5333.234841,23.86851950907212,0.9415366239424456,83.55504684964758,2025-10-04 05:44:33.782208,WP PMA 80467,door close delay
1581,47.4,51.0,298.1,308.7,5470.525369,49.33111180790905,0.5420956171257758,97.1445135404005,2025-10-04 05:46:08.782208,WP PMA 80271,door close delay
1507,39.2,225.0,303.2,311.5,5473.484289,2.535509382250901,0.07776689190302145,62.937226776840745,2025-10-04 05:52:17.782208,WP PMA 80271,No failure
1686,28.9,59.0,301.7,310.2,5281.800976,41.80940364666146,1.806523433807369,93.02853967611605,2025-10-04 06:01:30.782208,WP PMA 80271,door open delay
1600,42.1,190.0,297.4,308.5,5456.185956,39.53285650511512,1.1928274910068417,93.8165756167538,2025-10-04 06:19:25.782208,WP PMA 80467,signal delay
1580,33.9,70.0,298.6,309.5,5302.315489,0.8386138646360278,0.14197923299444212,61.10606252296755,2025-10-04 06:20:26.782208,WP PMA 80467,No failure
1511,39.3,146.0,301.0,309.7,5320.827136,0.903253225992871,0.08514776898733989,57.466449332648104,2025-10-04 06:22:38.782208,WP PMA 80467,No failure
1563,35.6,190.0,302.5,311.0,5283.109225,38.74104099685708,1.2347836818112328,99.83039726960615,2025-10-04 06:25:52.782208,WP PMA 80271,door open delay
1588,33.4,204.0,297.1,308.4,5416.224025,38.83808741520501,1.6968130959118022,95.07069908070774,2025-10-04 06:33:32.782208,WP PMA 80466,door open delay
2011,21.0,59.0,298.5,309.4,5259.440484,4.097739984243643,0.1690287939255904,61.65606335659441,2025-10-04 06:47:50.782208,WP PMA 80467,No failure
1629,32.1,55.0,300.0,311.3,5246.829225,27.554756501884274,1.2394743242853634,86.1081681006253,2025-10-04 06:50:26.782208,WP PMA 80467,door close delay
1393,55.9,79.0,298.0,309.0,5281.074241,38.304028882010535,1.803235441130456,87.01367158265482,2025-10-04 06:54:04.782208,WP PMA 80467,door open delay
1484,39.2,8.0,298.8,308.4,5461.357801,38.09016038139223,0.9003470073560125,93.988876876617,2025-10-04 06:57:17.782208,WP PMA 80271,signal delay
1423,49.5,200.0,298.7,309.1,5462.540281,44.33656037912953,1.588388563096027,90.18336290840858,2025-10-04 07:08:06.782208,WP PMA 80467,door open delay
1410,45.6,47.0,298.7,309.2,5474.964049,4.240679694212467,0.09856431145533864,57.38942713212261,2025-10-04 07:22:36.782208,WP PMA 80271,No failure
1461,51.9,157.0,298.5,308.0,5392.258624,0.15769387206089433,0.1761866742807634,59.708337866786486,2025-10-04 07:26:11.782208,WP PMA 80467,No failure
1790,26.7,17.0,303.9,313.1,5491.699236,4.581526023103463,0.16012604473017442,55.05217625075817,2025-10-04 07:35:50.782208,WP PMA 80466,No failure
1426,50.7,130.0,296.9,307.8,5344.341025,3.4078615079723744,0.030891039035384753,59.119488497400106,2025-10-04 07:38:47.782208,WP PMA 80466,No failure
1488,42.2,133.0,300.4,309.7,5415.340921,1.1052263462677667,0.06144325029330605,56.8127245940572,2025-10-04 07:40:01.782208,WP PMA 80466,No failure
1298,57.5,57.0,302.5,311.9,5505.046416,48.88448593685028,1.744296866483037,88.80251842704857,2025-10-04 07:42:13.782208,WP PMA 80467,door close delay
1588,35.0,99.0,298.4,308.7,5313.535236,2.079139382869534,0.10918249800836967,64.46368240095653,2025-10-04 07:47:17.782208,WP PMA 80467,No failure
1433,43.4,116.0,297.4,308.7,5322.140209,4.378298687297015,0.08933174136851553,57.632680124960594,2025-10-04 07:50:14.782208,WP PMA 80271,No failure
1629,32.1,55.0,300.0,311.3,5246.829225,27.554756501884274,1.2394743242853634,86.1081681006253,2025-10-04 08:00:43.782208,WP PMA 80466,door close delay
1335,50.4,110.0,298.1,308.9,5284.126864,2.445237863192466,0.19208882960640825,63.13388076805386,2025-10-04 08:05:18.782208,WP PMA 80467,No failure
1332,53.9,7.0,296.9,308.0,5332.212484,32.981098147326,0.9389940584593492,90.26690819060457,2025-10-04 08:12:58.782208,WP PMA 80466,signal delay
1410,45.8,71.0,298.1,308.1,5382.569956,27.52074409551031,0.5276270527141842,96.37082823466986,2025-10-04 08:23:15.782208,WP PMA 80271,drive delay
1514,37.9,9.0,298.0,308.2,5463.575056,46.10254144113112,0.6079530709041836,88.48324434748507,2025-10-04 08:37:11.782208,WP PMA 80467,signal delay
1383,47.5,75.0,297.6,308.6,5481.181225,1.513133705764343,0.17858192114388072,63.92451073393796,2025-10-04 09:11:35.782208,WP PMA 80467,No failure
1534,33.7,47.0,298.1,310.0,5446.44,36.52876351172468,0.8635648460473964,87.49703042419631,2025-10-04 09:17:23.782208,WP PMA 80271,door close delay
1510,45.4,72.0,299.3,308.5,5386.238881,1.9562700254413268,0.06880516143230939,56.912324968364366,2025-10-04 09:17:42.782208,WP PMA 80467,No failure
1629,32.1,55.0,300.0,311.3,5246.829225,27.554756501884274,1.2394743242853634,86.1081681006253,2025-10-04 09:22:02.782208,WP PMA 80467,door close delay
1475,47.9,79.0,302.4,311.0,5282.673124,37.29116374458573,1.6642971181662811,88.8607658808726,2025-10-04 09:24:46.782208,WP PMA 80271,Random failure
1410,45.8,71.0,298.1,308.1,5382.569956,27.52074409551031,0.5276270527141842,96.37082823466986,2025-10-04 09:30:15.782208,WP PMA 80271,drive delay
1502,42.0,103.0,298.3,307.9,5305.228569,3.556442009487738,0.04662029694833053,57.516178749287285,2025-10-04 09:39:41.782208,WP PMA 80466,No failure
1438,51.0,106.0,302.6,311.0,5282.527761,23.436251011580417,1.008899545945385,91.43758397735473,2025-10-04 09:41:42.782208,WP PMA 80271,signal delay
1466,45.5,53.0,297.4,309.4,5324.329024,4.362253467501935,0.19870654396503193,56.85485652869191,2025-10-04 09:51:52.782208,WP PMA 80271,No failure
1690,26.7,4.0,302.7,310.6,5466.975721,1.9290085630020717,0.06977955974461204,56.51041239732302,2025-10-04 09:59:34.782208,WP PMA 80467,No failure
1581,36.1,109.0,302.3,310.9,5439.947536,3.1373387340367773,0.06677091996983937,62.02606923405894,2025-10-04 10:00:18.782208,WP PMA 80466,No failure
1634,31.2,182.0,301.0,311.0,5518.112656,2.3403288755570064,0.05935323497830973,60.02393933334773,2025-10-04 10:11:34.782208,WP PMA 80271,No failure
1449,44.5,152.0,302.3,311.7,5434.343524,29.801293682800324,1.9537263165480647,89.17307701084255,2025-10-04 11:10:09.782208,WP PMA 80467,door close delay
1592,35.0,200.0,299.0,309.1,5472.300625,4.067721001704034,0.14894675203057536,62.262054043955814,2025-10-04 11:28:18.782208,WP PMA 80271,No failure
1334,48.0,42.0,298.6,310.0,5410.926481,44.6921753251622,1.7757381645190178,97.48377633205858,2025-10-04 11:33:53.782208,WP PMA 80466,door open delay
1451,53.6,194.0,302.5,310.4,5466.679969,36.78689161924535,0.6298700216043418,95.66295953662588,2025-10-04 11:36:50.782208,WP PMA 80466,Random failure
1518,39.3,196.0,301.0,312.0,5242.194409,2.527099683986934,0.1254474273706455,63.409336372514645,2025-10-04 11:45:20.782208,WP PMA 80466,No failure
1416,61.8,209.0,300.7,310.4,5504.304481,21.449680119185427,1.6055801123947226,87.14991297931678,2025-10-04 11:46:10.782208,WP PMA 80466,signal delay
1562,39.2,155.0,298.0,309.0,5404.749289,1.0220392872032786,0.1906375615531643,59.71596536999225,2025-10-04 11:48:16.782208,WP PMA 80466,No failure
1600,32.8,205.0,301.5,310.5,5257.120036,32.84282188032643,0.9163814461292255,84.44969552431002,2025-10-04 11:50:57.782208,WP PMA 80467,signal delay
1569,32.8,31.0,300.7,310.2,5504.007721,2.392184839174615,0.06806106673832538,62.968230061135266,2025-10-04 11:56:02.782208,WP PMA 80271,No failure
1518,40.4,2.0,297.8,308.9,5473.188361,4.333476986520373,0.08116626366212867,61.110073317952114,2025-10-04 12:10:33.782208,WP PMA 80466,No failure
1549,34.9,68.0,297.6,309.5,5324.474961,4.967542454905535,0.18313746477633705,58.55209509501614,2025-10-04 12:11:06.782208,WP PMA 80271,No failure
1523,34.7,181.0,301.7,310.5,5431.69,21.90800351979119,1.6851328885107058,85.86132528801342,2025-10-04 12:13:49.782208,WP PMA 80467,door open delay
1513,38.0,38.0,300.9,311.9,5491.254609,45.398608991025895,1.6628507955465734,97.30340726359175,2025-10-04 12:22:06.782208,WP PMA 80467,door open delay
1821,26.1,69.0,299.2,308.5,5367.174121,0.9660500721231498,0.07361066783000324,56.58158726889329,2025-10-04 12:25:04.782208,WP PMA 80466,No failure
1428,39.8,181.0,303.0,311.1,5278.458409,2.0196955158186904,0.0461432572977342,63.324229617232774,2025-10-04 12:28:46.782208,WP PMA 80467,No failure
1726,26.7,150.0,301.6,310.8,5428.152976,2.340942948092476,0.011776670550067012,59.66233658187874,2025-10-04 12:29:45.782208,WP PMA 80271,No failure
1595,32.9,135.0,302.0,310.4,5284.272249,1.1122434236848475,0.18421821771247018,56.36671425769541,2025-10-04 12:31:01.782208,WP PMA 80467,No failure
1309,43.3,68.0,301.8,310.7,5430.068721,22.956864858730775,1.8043351812228186,97.79950059938305,2025-10-04 12:31:24.782208,WP PMA 80271,door open delay
1495,37.8,211.0,297.4,308.5,5320.681249,2.5423890665941986,0.1371538358161598,55.00852668542306,2025-10-04 12:56:39.782208,WP PMA 80467,No failure
2157,17.8,17.0,302.0,310.7,5282.963856,26.262641810156918,1.6362138319307393,90.81689443895104,2025-10-04 13:11:11.782208,WP PMA 80271,signal delay
1442,48.1,0.0,297.6,309.2,5323.599369,0.321600394166164,0.16382157221237384,59.08202647028367,2025-10-04 13:19:57.782208,WP PMA 80271,No failure
1661,38.2,82.0,298.1,309.0,5482.513936,35.00952125655859,1.783869388811883,99.12664194372854,2025-10-04 13:27:48.782208,WP PMA 80467,door open delay
1464,40.5,215.0,299.4,309.1,5372.450209,1.8253377181173664,0.07515371165611966,61.589452275006174,2025-10-04 13:27:54.782208,WP PMA 80467,No failure
1485,40.5,188.0,300.2,310.1,5503.117489,44.27777270700361,1.00731822680138,85.07467411154907,2025-10-04 13:29:01.782208,WP PMA 80271,door close delay
1566,46.1,41.0,303.3,311.3,5278.0225,2.8585128893069447,0.1660222329318872,60.96830581771855,2025-10-04 13:35:11.782208,WP PMA 80467,No failure
1583,35.7,116.0,298.8,310.2,5352.3856,37.92661578444592,0.6317103864251624,92.65824473217468,2025-10-04 14:07:38.782208,WP PMA 80467,door open delay
1473,39.9,184.0,298.4,308.3,5468.6025,26.055495263783655,1.7852296960269574,95.2760721632894,2025-10-04 14:07:46.782208,WP PMA 80467,door close delay
1513,32.9,117.0,300.4,309.8,5415.046569,3.1400064488503623,0.08464986503534672,55.65461480474214,2025-10-04 14:11:37.782208,WP PMA 80466,No failure
1771,24.1,213.0,298.9,308.6,5306.539716,2.109249160636067,0.17033352295888884,58.49685426586046,2025-10-04 14:12:04.782208,WP PMA 80271,No failure
1431,53.0,160.0,297.3,308.6,5331.044196,0.2898511908242328,0.0919106013465863,57.355908780080554,2025-10-04 14:14:04.782208,WP PMA 80466,No failure
1417,60.5,143.0,298.3,309.1,5300.713636,2.3453264928056443,0.1737779411171831,63.609552731420706,2025-10-04 14:23:41.782208,WP PMA 80467,No failure
1461,42.8,173.0,300.8,310.7,5504.452864,4.991914733599872,0.0612245920680543,56.3489243812387,2025-10-04 14:26:06.782208,WP PMA 80467,No failure
1504,47.2,74.0,301.3,310.7,5512.468516,3.0112817726796774,0.07524223084365723,59.30648057729597,2025-10-04 14:26:29.782208,WP PMA 80271,No failure
1521,37.2,131.0,299.6,311.1,5467.715136,46.673454718591316,1.420389399153339,95.87920103880379,2025-10-04 14:31:54.782208,WP PMA 80466,door close delay
1809,25.1,126.0,301.1,312.4,5241.76,4.260668745000424,0.032181539866104614,64.11507875846937,2025-10-04 14:32:35.782208,WP PMA 80271,No failure
1648,29.6,157.0,302.0,310.3,5284.272249,45.846751847405464,1.916727041356644,80.06354773317213,2025-10-04 14:35:48.782208,WP PMA 80466,drive delay
1742,25.9,7.0,300.3,310.4,5501.633929,1.5283856070078092,0.10444468572893623,64.1778978509025,2025-10-04 14:37:09.782208,WP PMA 80271,No failure
1670,26.1,139.0,303.7,312.5,5274.826384,2.7939963588943995,0.055492105101111244,60.671938219633034,2025-10-04 14:38:02.782208,WP PMA 80466,No failure
1449,44.5,152.0,302.3,311.7,5434.343524,29.801293682800324,1.9537263165480647,89.17307701084255,2025-10-04 14:38:24.782208,WP PMA 80466,door close delay
1513,38.0,38.0,300.9,311.9,5491.254609,45.398608991025895,1.6628507955465734,97.30340726359175,2025-10-04 14:52:28.782208,WP PMA 80271,door open delay
1892,21.8,177.0,301.9,310.5,5450.425929,43.654580946114876,0.9529393734897191,97.87179433207908,2025-10-04 14:53:13.782208,WP PMA 80271,door close delay
1804,25.1,118.0,298.1,308.9,5284.126864,39.21335321839662,1.9275975390562305,80.33006919824466,2025-10-04 15:04:15.782208,WP PMA 80466,door open delay
1606,33.5,135.0,300.0,310.5,5249.147401,2.220663084584205,0.09029696010441718,61.52034505367346,2025-10-04 15:06:04.782208,WP PMA 80271,No failure
1440,39.1,188.0,299.2,308.8,5364.830025,28.70156658921013,1.8130553264197087,85.95014107372285,2025-10-04 15:06:35.782208,WP PMA 80466,Random failure
1423,46.2,186.0,302.4,311.0,5453.674801,1.4185162937584066,0.19298038385159685,61.41956934473532,2025-10-04 15:06:44.782208,WP PMA 80467,No failure
1487,38.9,185.0,300.4,309.4,5340.247929,4.919374849887808,0.10462405265072523,59.27345103723272,2025-10-04 15:16:35.782208,WP PMA 80467,No failure
1366,47.7,206.0,302.0,310.6,5283.981481,2.1451442191485883,0.04700812588593687,57.331997406404945,2025-10-04 15:25:12.782208,WP PMA 80271,No failure
1355,51.4,76.0,297.0,308.1,5418.284881,21.531168293332144,1.2389006808121412,85.78997715095218,2025-10-04 15:29:55.782208,WP PMA 80467,Random failure
1423,49.1,74.0,300.6,309.6,5417.696025,4.796280510247427,0.06166920502768754,58.371623685905384,2025-10-04 15:30:29.782208,WP PMA 80466,No failure
1563,35.6,190.0,302.5,311.0,5283.109225,38.74104099685708,1.2347836818112328,99.83039726960615,2025-10-04 15:31:49.782208,WP PMA 80467,door open delay
1383,48.7,147.0,295.6,306.1,5432.574436,42.06220479764772,0.8198605991308731,86.20096073009861,2025-10-04 15:34:22.782208,WP PMA 80467,door close delay
1469,39.6,86.0,302.4,310.9,5282.527761,0.8362962307124497,0.06820403472900108,60.18838327596629,2025-10-04 15:43:22.782208,WP PMA 80271,No failure
1315,62.0,42.0,303.3,311.8,5477.184064,1.041817464680052,0.08983280091746836,59.87941611700739,2025-10-04 15:51:23.782208,WP PMA 80271,No failure
1472,46.0,199.0,298.9,309.6,5468.6025,0.4827344018891315,0.17987575383953575,64.57233757188294,2025-10-04 15:53:27.782208,WP PMA 80467,No failure
1439,43.9,30.0,303.2,311.2,5278.0225,3.0282311364384857,0.09542397620037861,64.38604811361452,2025-10-04 15:57:27.782208,WP PMA 80271,No failure
1568,35.2,23.0,301.4,310.7,5314.847409,2.1945497575602464,0.03233617466630562,59.53503478912309,2025-10-04 15:58:20.782208,WP PMA 80467,No failure
1437,43.1,40.0,299.1,310.5,5248.712704,4.0062479079792865,0.033528183316065004,57.20426438878406,2025-10-04 16:07:11.782208,WP PMA 80467,No failure
2056,18.7,144.0,298.2,309.3,5355.751489,0.8360724625607855,0.12561176161311163,60.166935536527404,2025-10-04 16:20:01.782208,WP PMA 80466,No failure
1464,49.1,171.0,303.9,313.4,5271.195609,49.98468948636307,0.7407190196670943,80.1908078185052,2025-10-04 16:28:18.782208,WP PMA 80466,door open delay
1485,40.5,188.0,300.2,310.1,5503.117489,44.27777270700361,1.00731822680138,85.07467411154907,2025-10-04 16:34:17.782208,WP PMA 80466,door close delay
1407,50.6,85.0,299.6,309.1,5346.388161,4.055354710734942,0.1644751763306591,57.2066699329953,2025-10-04 16:43:36.782208,WP PMA 80467,No failure
1445,52.4,105.0,300.4,311.4,5245.670329,4.904944040143493,0.10971359052298729,59.91361709154871,2025-10-04 16:50:00.782208,WP PMA 80466,No failure
2065,18.1,62.0,299.9,309.5,5259.440484,4.220781847125566,0.12314367807304687,63.91850646509663,2025-10-04 16:51:17.782208,WP PMA 80271,No failure
1473,39.9,184.0,298.4,308.3,5468.6025,26.055495263783655,1.7852296960269574,95.2760721632894,2025-10-04 16:55:07.782208,WP PMA 80466,door close delay
1375,56.9,155.0,300.2,311.6,5489.3281,3.507116489446929,0.023274459711108197,63.19521194396816,2025-10-04 17:00:37.782208,WP PMA 80467,No failure
1502,43.2,139.0,297.6,308.3,5260.455841,45.25046550085902,0.681504933084405,84.61137984892757,2025-10-04 17:17:07.782208,WP PMA 80466,door close delay
1534,33.7,47.0,298.1,310.0,5446.44,36.52876351172468,0.8635648460473964,87.49703042419631,2025-10-04 17:33:02.782208,WP PMA 80467,door close delay
1484,39.2,8.0,298.8,308.4,5461.357801,38.09016038139223,0.9003470073560125,93.988876876617,2025-10-04 17:35:37.782208,WP PMA 80467,signal delay
1449,44.5,113.0,302.2,311.5,5301.441721,1.3799564752752151,0.11188236849157936,59.071739657736515,2025-10-04 17:39:22.782208,WP PMA 80466,No failure
1697,36.0,175.0,299.8,310.0,5501.930625,3.679706374717402,0.09353898515062431,63.332920610026584,2025-10-04 17:46:35.782208,WP PMA 80467,No failure
1393,52.9,12.0,303.2,311.3,5473.780225,3.5151121847401137,0.1003141998842734,59.87334735235144,2025-10-04 18:00:15.782208,WP PMA 80466,No failure
1762,27.8,127.0,302.3,310.8,5440.095049,1.9521695060524957,0.17384877794546508,56.61423295049335,2025-10-04 18:00:27.782208,WP PMA 80467,No failure
1492,40.6,20.0,300.8,311.4,5506.530436,3.9082679426943114,0.0895614609937312,62.45988320579534,2025-10-04 18:16:50.782208,WP PMA 80271,No failure
1618,30.3,125.0,299.7,311.1,5488.290889,40.60410458568789,0.9727397823334152,91.90296894800397,2025-10-04 18:18:11.782208,WP PMA 80466,door close delay
1392,52.9,173.0,301.0,310.9,5254.365169,41.6977753684972,0.7231161539905369,99.45713980477058,2025-10-04 18:34:46.782208,WP PMA 80466,signal delay
1549,42.5,61.0,298.7,310.1,5486.068624,1.0499965566344451,0.036467428029685285,64.55705073799547,2025-10-04 18:35:01.782208,WP PMA 80271,No failure
1589,36.0,190.0,299.7,310.8,5467.419364,24.81802571081649,1.7230158856927384,92.27456179038798,2025-10-04 18:40:00.782208,WP PMA 80467,drive delay
1432,42.8,197.0,298.7,308.4,5461.505604,3.734949797493096,0.03779493644885925,60.83213734461542,2025-10-04 18:44:48.782208,WP PMA 80466,No failure
1588,33.4,204.0,297.1,308.4,5416.224025,38.83808741520501,1.6968130959118022,95.07069908070774,2025-10-04 18:51:16.782208,WP PMA 80466,door open delay
1618,28.7,53.0,300.0,309.6,5398.428676,2.590098520995425,0.10570934839642403,62.121121972009554,2025-10-04 19:02:04.782208,WP PMA 80467,No failure
1662,26.9,183.0,297.1,307.9,5277.150736,23.362238882353317,1.8939072927671246,84.03490101665102,2025-10-04 19:20:03.782208,WP PMA 80466,signal delay
1609,27.6,108.0,300.7,310.6,5252.045841,27.408002308158085,1.5516235058130665,90.91280030971026,2025-10-04 19:27:58.782208,WP PMA 80467,door close delay
1668,31.5,7.0,298.6,310.2,5351.068801,0.9532663930145121,0.049314341180375434,60.75276257468465,2025-10-04 19:52:22.782208,WP PMA 80271,No failure
1543,36.6,20.0,297.9,309.1,5280.202225,4.270743325536482,0.10243155980994983,63.90482616218796,2025-10-04 19:57:04.782208,WP PMA 80271,No failure
1528,46.3,203.0,296.7,308.1,5331.628324,27.188963976400803,1.6875662775840243,86.29292509365149,2025-10-04 20:11:09.782208,WP PMA 80467,signal delay
1392,52.9,173.0,301.0,310.9,5254.365169,41.6977753684972,0.7231161539905369,99.45713980477058,2025-10-04 20:28:08.782208,WP PMA 80271,signal delay
1440,39.1,188.0,299.2,308.8,5364.830025,28.70156658921013,1.8130553264197087,85.95014107372285,2025-10-04 20:29:48.782208,WP PMA 80271,Random failure
1282,60.7,216.0,298.4,308.2,5312.223225,46.054799096900865,0.516679854665987,93.82813388686158,2025-10-04 20:41:36.782208,WP PMA 80466,door open delay
1999,21.0,19.0,300.2,311.6,5497.777609,2.357101428456132,0.023250784096439554,56.12925996049921,2025-10-04 20:47:51.782208,WP PMA 80466,No failure
1458,49.8,151.0,295.7,306.2,5336.740809,4.293419138991855,0.0395227727729596,56.54186504274227,2025-10-04 20:49:32.782208,WP PMA 80467,No failure
1526,38.2,47.0,302.3,311.5,5445.111681,20.770653830747378,1.30602776858319,86.60692999486108,2025-10-04 20:52:37.782208,WP PMA 80271,signal delay
1558,36.7,137.0,300.0,310.5,5500.892224,4.372177489776854,0.1553767901593007,63.80321194469272,2025-10-04 21:39:22.782208,WP PMA 80467,No failure
1433,50.0,216.0,302.8,312.2,5270.179216,2.922153760054532,0.11647186469904966,55.011895545215744,2025-10-04 21:40:46.782208,WP PMA 80467,No failure
1443,53.3,151.0,300.8,312.0,5241.615201,0.805313928646058,0.18751914328792943,63.25901258054086,2025-10-04 21:41:59.782208,WP PMA 80467,No failure
1705,28.7,20.0,300.4,311.2,5245.960041,1.3296120713774224,0.18293439220222926,59.1181142902601,2025-10-04 21:47:11.782208,WP PMA 80466,No failure
1618,36.7,115.0,301.7,311.1,5512.171536,4.7655165963570925,0.17155993023376992,62.080953563988835,2025-10-04 22:00:05.782208,WP PMA 80467,No failure
1350,55.6,69.0,296.5,307.4,5343.61,2.4923289248273486,0.18656894696881232,61.030475427129524,2025-10-04 22:04:08.782208,WP PMA 80466,No failure
1651,36.9,65.0,300.5,311.5,5245.815184,4.870207261151383,0.1542438737212085,60.15963062005548,2025-10-04 22:12:42.782208,WP PMA 80466,No failure
1630,32.7,83.0,298.3,308.1,5386.385664,0.5198342755559259,0.17721334291289936,61.274961165234956,2025-10-04 22:54:48.782208,WP PMA 80271,No failure
1555,38.2,175.0,296.9,308.3,5440.5376,1.365086856970226,0.13122385618891141,57.33106194976998,2025-10-04 22:59:46.782208,WP PMA 80271,No failure
1282,60.7,216.0,298.4,308.2,5312.223225,46.054799096900865,0.516679854665987,93.82813388686158,2025-10-04 23:07:51.782208,WP PMA 80271,door open delay
1615,31.8,23.0,298.5,309.3,5482.810116,3.2520971060807122,0.14141574365810286,63.930239299585836,2025-10-04 23:08:18.782208,WP PMA 80466,No failure
1629,32.5,45.0,298.1,309.9,5446.587601,23.75340627019404,1.9241090702893169,87.54583502901593,2025-10-04 23:14:23.782208,WP PMA 80271,door close delay
1438,42.2,139.0,300.1,311.4,5244.366724,4.99355220969901,0.04599260013451276,61.96341780884451,2025-10-04 23:15:10.782208,WP PMA 80466,No failure
1619,34.9,92.0,303.7,312.2,5477.776144,2.493240501460158,0.18054220321635864,62.90714024916794,2025-10-04 23:17:01.782208,WP PMA 80467,No failure
1685,27.1,203.0,300.1,309.3,5416.371216,0.5874423208253035,0.1497879493578228,55.48914902447072,2025-10-04 23:19:31.782208,WP PMA 80271,No failure
1512,36.2,172.0,299.7,309.6,5376.995584,1.3474259517326597,0.09632405992544572,55.13503732343141,2025-10-04 23:19:52.782208,WP PMA 80271,No failure
1316,59.3,137.0,303.7,312.4,5275.697956,2.2150514054230097,0.01014956271848361,61.72826185210367,2025-10-04 23:20:41.782208,WP PMA 80466,No failure
1334,48.0,42.0,298.6,310.0,5410.926481,44.6921753251622,1.7757381645190178,97.48377633205858,2025-10-04 23:22:22.782208,WP PMA 80271,door open delay
1541,38.9,193.0,301.9,311.0,5307.851025,0.13068409157536132,0.12030482674572199,63.31377970124973,2025-10-05 00:10:34.782208,WP PMA 80467,No failure
1316,51.4,52.0,298.6,309.4,5463.427225,4.086917795547581,0.03522969709960402,56.642307337236566,2025-10-05 00:14:16.782208,WP PMA 80271,No failure
1618,30.3,125.0,299.7,311.1,5488.290889,40.60410458568789,0.9727397823334152,91.90296894800397,2025-10-05 00:44:56.782208,WP PMA 80271,door close delay
1570,36.1,0.0,302.2,311.3,5444.373796,1.0842777366405798,0.12302172892624957,64.86969153234986,2025-10-05 00:59:50.782208,WP PMA 80466,No failure
1455,40.4,172.0,300.6,310.0,5259.875625,0.7894090746126562,0.07704023531791704,56.73751833219452,2025-10-05 01:00:38.782208,WP PMA 80271,No failure
1421,42.0,165.0,297.1,308.4,5440.685121,1.4126687702771463,0.10359319981050516,57.93235967799346,2025-10-05 01:00:56.782208,WP PMA 80271,No failure
1485,44.7,78.0,299.3,308.5,5386.238881,49.70602106127978,1.9413985931935809,83.94842601473823,2025-10-05 01:07:51.782208,WP PMA 80271,signal delay
1652,33.9,139.0,302.4,311.1,5297.073961,1.2296175181023299,0.05055314676235442,60.4046431995689,2025-10-05 01:20:27.782208,WP PMA 80467,No failure
1286,51.1,177.0,296.3,307.2,5428.005625,23.4303106810246,1.4262639106760326,88.00815197335469,2025-10-05 01:31:27.782208,WP PMA 80467,door open delay
1452,49.9,187.0,298.9,310.1,5350.483609,4.953568178678523,0.11472402485988878,55.890066734868974,2025-10-05 02:01:33.782208,WP PMA 80467,No failure
1362,49.6,158.0,298.1,308.7,5472.300625,2.464495547786564,0.1285366129999374,58.20686769043486,2025-10-05 02:11:47.782208,WP PMA 80467,No failure
1485,44.7,78.0,299.3,308.5,5386.238881,49.70602106127978,1.9413985931935809,83.94842601473823,2025-10-05 02:32:10.782208,WP PMA 80466,signal delay
1600,42.1,190.0,297.4,308.5,5456.185956,39.53285650511512,1.1928274910068417,93.8165756167538,2025-10-05 02:36:22.782208,WP PMA 80466,signal delay
1402,44.8,201.0,298.4,308.9,5470.969156,2.3072559204415417,0.104701892207615,62.22198017803068,2025-10-05 02:49:35.782208,WP PMA 80467,No failure
1452,43.6,185.0,300.9,310.8,5262.777025,3.7461346066001204,0.030750781276071053,56.72497413069664,2025-10-05 02:56:53.782208,WP PMA 80466,No failure
1642,31.2,37.0,300.2,309.0,5417.254404,2.9992688315639433,0.0266293313705577,57.92522357826725,2025-10-05 03:04:46.782208,WP PMA 80271,No failure
1317,51.9,40.0,301.9,310.9,5429.626596,1.2624792812174266,0.14673163667843253,59.514158514539716,2025-10-05 03:09:55.782208,WP PMA 80467,No failure
1486,38.9,106.0,300.7,310.9,5518.558369,27.887507757506174,1.9882297442715522,90.94967991009187,2025-10-05 03:19:20.782208,WP PMA 80271,door close delay
1369,54.5,82.0,298.2,307.6,5393.580481,38.50290665050511,1.2820817618376699,95.37527025830784,2025-10-05 03:22:45.782208,WP PMA 80466,signal delay
1409,50.4,172.0,302.0,310.1,5282.237041,0.21919236345974918,0.12747542775528464,59.44125743448223,2025-10-05 03:29:34.782208,WP PMA 80467,No failure
1522,38.0,33.0,297.4,308.6,5418.873769,43.959348730009694,1.0402470399825932,82.86441012075419,2025-10-05 03:32:00.782208,WP PMA 80467,door close delay
1424,42.8,140.0,301.9,309.7,5281.364929,1.9778914487890225,0.0419254889147738,59.065709729955536,2025-10-05 03:34:57.782208,WP PMA 80467,No failure
1482,43.6,154.0,301.7,311.2,5509.350625,4.091380092299128,0.05195262656015244,61.063495554051805,2025-10-05 03:35:09.782208,WP PMA 80467,No failure
1550,36.8,159.0,301.4,310.6,5257.265049,4.000120030401996,0.18033890944261255,62.730350443568284,2025-10-05 03:36:07.782208,WP PMA 80271,No failure
1497,46.0,234.0,303.3,311.4,5278.167801,4.897801345968063,0.03701119667850084,58.975110135312974,2025-10-05 03:40:51.782208,WP PMA 80466,No failure
1512,44.9,86.0,301.0,310.4,5260.310784,39.36836299538538,1.6935308256837749,96.5270926355088,2025-10-05 03:46:49.782208,WP PMA 80271,door open delay
1620,34.1,89.0,299.2,308.4,5386.385664,45.8446025594114,0.5034314840442716,96.88632719093115,2025-10-05 03:54:48.782208,WP PMA 80466,door open delay
1431,48.5,25.0,300.8,311.9,5490.069025,1.8741479397462477,0.06485415852437423,61.58488281002588,2025-10-05 04:15:01.782208,WP PMA 80466,No failure
1513,40.0,51.0,300.4,311.7,5244.077056,25.14323664801961,0.5049198162018053,96.51196761417759,2025-10-05 04:37:47.782208,WP PMA 80466,door close delay
1443,43.7,217.0,300.7,311.8,5245.090929,4.801611062650446,0.038483394947691346,64.73814407925954,2025-10-05 04:39:00.782208,WP PMA 80466,No failure
1375,46.4,48.0,298.7,308.5,5373.476416,26.69484987609539,0.88461271440945,80.9906377364198,2025-10-05 04:39:37.782208,WP PMA 80467,door close delay
1509,46.6,125.0,300.3,309.9,5514.5476,20.02023079033625,0.7215698637292967,88.48214630717786,2025-10-05 04:41:38.782208,WP PMA 80271,door close delay
1557,31.6,52.0,300.8,310.9,5520.044209,23.535299894024025,1.8677102114598112,91.6199465983229,2025-10-05 04:44:21.782208,WP PMA 80466,door open delay
1331,49.0,121.0,298.9,310.2,5409.6025,1.842555425445236,0.11311964975851095,63.1603873343942,2025-10-05 04:58:47.782208,WP PMA 80467,No failure
1598,35.4,186.0,300.9,310.6,5516.775625,4.270409785302356,0.11979941538001583,59.88809962489853,2025-10-05 05:08:37.782208,WP PMA 80467,No failure
2023,19.1,74.0,302.5,311.8,5502.375684,4.754864386006031,0.1910649855027273,59.53056520899101,2025-10-05 05:15:23.782208,WP PMA 80466,No failure
1547,36.8,186.0,298.0,307.7,5369.9584,1.5563803862232826,0.14251249143744874,57.1152386252542,2025-10-05 05:34:34.782208,WP PMA 80466,No failure
1410,45.8,71.0,298.1,308.1,5382.569956,27.52074409551031,0.5276270527141842,96.37082823466986,2025-10-05 05:39:12.782208,WP PMA 80466,drive delay
1323,51.1,130.0,297.4,308.7,5479.700625,42.30312527421579,0.671909255936029,90.0225145439153,2025-10-05 05:47:50.782208,WP PMA 80467,signal delay
1390,43.3,221.0,297.6,309.2,5451.607225,28.963313423812117,1.223664621780105,96.11862697857715,2025-10-05 06:11:21.782208,WP PMA 80466,door close delay
1530,42.3,21.0,302.3,311.5,5507.866225,30.450301760589426,1.1058661088010444,87.95387877662486,2025-10-05 06:16:03.782208,WP PMA 80467,signal delay
1540,37.8,7.0,298.4,308.0,5372.89,2.49537713838248,0.09128509309706842,56.64929627100103,2025-10-05 06:33:43.782208,WP PMA 80466,No failure
1462,37.5,118.0,303.4,312.6,5496.443044,1.1497135098153013,0.09966994797247475,59.29121367081828,2025-10-05 06:35:48.782208,WP PMA 80466,No failure
1379,54.7,91.0,298.3,308.9,5401.956004,3.555632866905329,0.11579463656160445,55.94920527359893,2025-10-05 06:35:50.782208,WP PMA 80467,No failure
1661,38.2,82.0,298.1,309.0,5482.513936,35.00952125655859,1.783869388811883,99.12664194372854,2025-10-05 06:37:38.782208,WP PMA 80466,door open delay
1444,48.7,9.0,302.7,312.4,5269.888836,4.591224395208984,0.15805687322880174,55.29663817336128,2025-10-05 06:52:36.782208,WP PMA 80467,No failure
1451,45.3,183.0,301.4,310.5,5511.874564,32.175175006445365,1.5074271932726768,89.3904760538535,2025-10-05 06:56:29.782208,WP PMA 80467,Random failure
1654,31.4,171.0,297.1,308.4,5347.704384,1.0699016896492133,0.07851860502784183,62.408632031654996,2025-10-05 06:59:58.782208,WP PMA 80466,No failure
1609,27.6,108.0,300.7,310.6,5252.045841,27.408002308158085,1.5516235058130665,90.91280030971026,2025-10-05 07:00:40.782208,WP PMA 80466,door close delay
1485,40.7,57.0,298.1,308.2,5466.975721,3.360657846393536,0.05830145494456169,59.02831362295492,2025-10-05 07:02:26.782208,WP PMA 80467,No failure
1451,45.3,183.0,301.4,310.5,5511.874564,32.175175006445365,1.5074271932726768,89.3904760538535,2025-10-05 07:10:44.782208,WP PMA 80466,Random failure
1486,38.9,106.0,300.7,310.9,5518.558369,27.887507757506174,1.9882297442715522,90.94967991009187,2025-10-05 07:24:36.782208,WP PMA 80467,door close delay
2157,17.8,17.0,302.0,310.7,5282.963856,26.262641810156918,1.6362138319307393,90.81689443895104,2025-10-05 07:27:08.782208,WP PMA 80467,signal delay
1512,43.6,92.0,296.5,307.6,5341.417225,4.746559696401474,0.07336328454680408,59.98118378257301,2025-10-05 07:29:04.782208,WP PMA 80466,No failure
1629,32.5,45.0,298.1,309.9,5446.587601,23.75340627019404,1.9241090702893169,87.54583502901593,2025-10-05 07:49:29.782208,WP PMA 80467,door close delay
1553,41.0,179.0,299.7,309.6,5375.382489,4.3391472072854755,0.19086316917296844,63.19369811913788,2025-10-05 08:05:36.782208,WP PMA 80466,No failure
2157,17.8,17.0,302.0,310.7,5282.963856,26.262641810156918,1.6362138319307393,90.81689443895104,2025-10-05 08:11:54.782208,WP PMA 80271,signal delay
1530,35.7,80.0,300.2,310.4,5501.1889,4.814561400470502,0.03948689355058516,56.422973610224815,2025-10-05 08:31:55.782208,WP PMA 80466,No failure
1623,33.4,74.0,297.5,309.3,5450.130625,35.32667695115313,1.498253405644066,95.89964159155058,2025-10-05 08:33:21.782208,WP PMA 80466,door close delay
1387,45.5,166.0,298.0,307.5,5380.809316,3.7924947814253813,0.12070098501974881,56.47936621870577,2025-10-05 08:37:56.782208,WP PMA 80466,No failure
1789,25.5,114.0,300.9,311.2,5252.770576,29.099466842190104,1.738325870197019,93.84443719569134,2025-10-05 08:39:49.782208,WP PMA 80271,signal delay
1524,40.4,124.0,301.5,310.9,5509.499076,2.0417389186725345,0.012057563177112488,64.77185524943437,2025-10-05 08:46:50.782208,WP PMA 80467,No failure
1493,38.7,217.0,300.9,312.0,5490.365409,2.9166484493711584,0.10894092016641169,60.80717440587258,2025-10-05 09:19:25.782208,WP PMA 80271,No failure
1479,43.5,143.0,297.8,308.4,5316.888889,0.11750315022365301,0.06356567583572668,62.60051659041884,2025-10-05 09:43:59.782208,WP PMA 80271,No failure
1360,52.8,176.0,302.2,311.2,5446.882809,2.308619383002626,0.14426595470821119,63.69216828765521,2025-10-05 09:45:32.782208,WP PMA 80467,No failure
1402,48.6,76.0,303.7,312.0,5474.5201,0.638669127925917,0.09648844012940896,57.063833737455326,2025-10-05 09:50:43.782208,WP PMA 80467,No failure
1530,34.5,71.0,300.0,309.9,5250.306681,1.0926084532481375,0.08134615226873718,56.51813572075,2025-10-05 09:53:37.782208,WP PMA 80467,No failure
1385,54.8,173.0,300.5,311.6,5495.701689,3.9025074713614982,0.16263076512482755,64.72332713301564,2025-10-05 10:14:38.782208,WP PMA 80271,No failure
1488,41.9,196.0,297.8,308.5,5460.175449,45.36625728238058,0.586463643662795,88.59180885604579,2025-10-05 10:18:36.782208,WP PMA 80271,Random failure
1436,54.1,90.0,301.4,310.7,5512.320025,48.21507638039077,1.0595772874397975,95.62059277481504,2025-10-05 10:30:37.782208,WP PMA 80466,signal delay
1648,29.6,157.0,302.0,310.3,5284.272249,45.846751847405464,1.916727041356644,80.06354773317213,2025-10-05 10:32:50.782208,WP PMA 80271,drive delay
1589,36.0,190.0,299.7,310.8,5467.419364,24.81802571081649,1.7230158856927384,92.27456179038798,2025-10-05 10:35:14.782208,WP PMA 80466,drive delay
1767,24.8,196.0,299.3,308.9,5378.462244,3.421202641869666,0.1549956108817944,56.44357695356947,2025-10-05 10:59:22.782208,WP PMA 80467,No failure
1680,33.7,185.0,298.1,308.3,5464.462084,40.53621110002542,1.861302562403293,99.0882319471089,2025-10-05 11:12:32.782208,WP PMA 80466,signal delay
1528,46.3,203.0,296.7,308.1,5331.628324,27.188963976400803,1.6875662775840243,86.29292509365149,2025-10-05 11:24:49.782208,WP PMA 80466,signal delay
1581,47.4,51.0,298.1,308.7,5470.525369,49.33111180790905,0.5420956171257758,97.1445135404005,2025-10-05 12:00:42.782208,WP PMA 80271,door close delay
1560,39.0,141.0,297.5,308.0,5470.0816,0.4184870948625089,0.051392048691489584,57.91992297851195,2025-10-05 12:08:10.782208,WP PMA 80467,No failure
1597,37.2,16.0,295.5,306.0,5431.100416,27.77411025179005,1.0458909826573568,84.61157931227865,2025-10-05 12:11:42.782208,WP PMA 80467,door open delay
1629,32.5,45.0,298.1,309.9,5446.587601,23.75340627019404,1.9241090702893169,87.54583502901593,2025-10-05 12:20:59.782208,WP PMA 80466,door close delay
1412,45.4,147.0,299.7,309.2,5399.898256,2.952568693119903,0.06827602091323288,62.82893018771781,2025-10-05 12:23:01.782208,WP PMA 80271,No failure
1564,34.1,,298.9,308.7,5470.229521,2.7945065741696746,0.09898897850420203,63.01793616778593,2025-10-05 13:03:16.782208,WP PMA 80466,No failure
1488,41.9,196.0,297.8,308.5,5460.175449,45.36625728238058,0.586463643662795,88.59180885604579,2025-10-05 13:17:23.782208,WP PMA 80271,Random failure
1537,35.4,120.0,300.0,311.4,5493.477924,1.7918733210592486,0.16589695926725362,62.27674481695848,2025-10-05 13:38:13.782208,WP PMA 80271,No failure
1349,46.1,148.0,302.4,310.9,5453.084025,2.7782642195638116,0.15849885510537282,61.06057053523166,2025-10-05 13:41:24.782208,WP PMA 80467,No failure
1315,48.9,127.0,298.5,309.5,5355.458761,41.06519945448606,1.6344147895833567,95.67090294936038,2025-10-05 13:47:06.782208,WP PMA 80271,door close delay
1484,43.8,124.0,298.9,310.3,5352.531921,4.8031618406031935,0.18026890064204737,56.45043978813248,2025-10-05 14:02:20.782208,WP PMA 80271,No failure
1588,41.3,0.0,299.6,309.1,5372.157025,26.46854447660091,1.4917981431887635,95.72411595126835,2025-10-05 14:34:33.782208,WP PMA 80466,Random failure
1340,47.8,54.0,302.2,310.8,5455.004164,3.841036329143422,0.09156677213992408,56.37297705730141,2025-10-05 14:38:38.782208,WP PMA 80467,No failure
1348,53.7,68.0,297.4,308.1,5476.444009,33.10520166867137,0.9345701870889231,84.5290198629316,2025-10-05 14:41:20.782208,WP PMA 80467,signal delay
1446,41.9,32.0,297.5,308.5,5321.118916,0.6729970663338443,0.04990491570180689,56.93803835719363,2025-10-05 14:41:48.782208,WP PMA 80467,No failure
1450,44.7,14.0,298.8,308.2,5360.143369,2.2467290904040342,0.10341749325862845,55.79358789981198,2025-10-05 14:42:30.782208,WP PMA 80466,No failure
1661,38.2,82.0,298.1,309.0,5482.513936,35.00952125655859,1.783869388811883,99.12664194372854,2025-10-05 15:00:39.782208,WP PMA 80271,door open delay
1513,40.0,51.0,300.4,311.7,5244.077056,25.14323664801961,0.5049198162018053,96.51196761417759,2025-10-05 15:01:05.782208,WP PMA 80467,door close delay
1567,36.4,114.0,302.0,310.4,5449.540041,2.777297153603363,0.13318837542988407,62.66075266269972,2025-10-05 15:09:47.782208,WP PMA 80466,No failure
1298,57.5,57.0,302.5,311.9,5505.046416,48.88448593685028,1.744296866483037,88.80251842704857,2025-10-05 15:10:51.782208,WP PMA 80271,door close delay
1507,45.7,192.0,298.7,308.4,5461.505604,4.122222058685485,0.14956823740306638,63.066736182124785,2025-10-05 15:14:17.782208,WP PMA 80271,No failure
1489,38.9,179.0,301.4,310.9,5513.211001,46.01291865485403,1.7532549414630427,85.77953653546403,2025-10-05 15:23:46.782208,WP PMA 80271,door open delay
1347,55.3,139.0,299.7,309.1,5369.811841,3.2139215696708443,0.19848068896525947,57.80594650273205,2025-10-05 15:30:01.782208,WP PMA 80466,No failure
1789,25.5,114.0,300.9,311.2,5252.770576,29.099466842190104,1.738325870197019,93.84443719569134,2025-10-05 15:55:28.782208,WP PMA 80271,signal delay
1610,33.1,161.0,302.4,311.0,5292.853504,1.6738096051250089,0.1106361910553273,60.74322186921468,2025-10-05 16:16:28.782208,WP PMA 80271,No failure
1804,25.1,118.0,298.1,308.9,5284.126864,39.21335321839662,1.9275975390562305,80.33006919824466,2025-10-05 16:21:40.782208,WP PMA 80467,door open delay
1441,43.2,132.0,298.7,308.4,5311.348641,1.6538701653620689,0.10388231246547557,63.38940530783338,2025-10-05 16:26:45.782208,WP PMA 80466,No failure
1597,37.2,16.0,295.5,306.0,5431.100416,27.77411025179005,1.0458909826573568,84.61157931227865,2025-10-05 16:35:28.782208,WP PMA 80467,door open delay
1680,33.7,185.0,298.1,308.3,5464.462084,40.53621110002542,1.861302562403293,99.0882319471089,2025-10-05 16:43:02.782208,WP PMA 80467,signal delay
1811,26.8,47.0,300.5,311.7,5244.077056,1.618152320046085,0.12911540540261937,56.49639235520216,2025-10-05 16:44:45.782208,WP PMA 80467,No failure
1348,53.7,68.0,297.4,308.1,5476.444009,33.10520166867137,0.9345701870889231,84.5290198629316,2025-10-05 17:08:35.782208,WP PMA 80467,signal delay
1742,30.0,37.0,298.6,309.2,5307.413904,0.9611998117534436,0.036829252853740224,63.854534125717045,2025-10-05 17:17:00.782208,WP PMA 80467,No failure
1310,48.8,103.0,301.1,310.6,5254.655121,36.17824182273196,1.4911480180915766,94.86845780453619,2025-10-05 17:23:21.782208,WP PMA 80271,door close delay
1732,28.8,152.0,297.7,309.2,5444.668944,0.7944411585158181,0.19861194250928477,63.71890331394987,2025-10-05 17:54:00.782208,WP PMA 80466,No failure
1588,33.4,204.0,297.1,308.4,5416.224025,38.83808741520501,1.6968130959118022,95.07069908070774,2025-10-05 17:55:51.782208,WP PMA 80466,door open delay
1373,44.8,221.0,299.3,310.0,5290.525696,2.581253142661448,0.06694273766498551,56.8459092382424,2025-10-05 17:59:33.782208,WP PMA 80271,No failure
1593,37.4,47.0,298.6,309.9,5351.654025,4.890197868229343,0.08430685645951178,55.7705809845005,2025-10-05 18:10:39.782208,WP PMA 80466,No failure
1436,47.5,32.0,298.7,310.2,5351.361409,3.847870937683996,0.06231378711305415,64.84735254801942,2025-10-05 18:26:21.782208,WP PMA 80466,No failure
1356,65.3,66.0,300.7,310.9,5520.044209,1.73008334331183,0.010568023437334215,57.0699465929694,2025-10-05 18:33:23.782208,WP PMA 80466,No failure
1390,43.3,221.0,297.6,309.2,5451.607225,28.963313423812117,1.223664621780105,96.11862697857715,2025-10-05 18:35:52.782208,WP PMA 80271,door close delay
1410,45.8,71.0,298.1,308.1,5382.569956,27.52074409551031,0.5276270527141842,96.37082823466986,2025-10-05 18:58:05.782208,WP PMA 80271,drive delay
1921,22.9,68.0,297.7,307.6,5360.436225,3.445536518890766,0.05474999699423315,57.26038191025013,2025-10-05 19:07:44.782208,WP PMA 80466,No failure
1717,26.8,27.0,301.9,310.7,5454.561025,2.2967255331525487,0.10057681128285792,63.49738420222873,2025-10-05 19:09:33.782208,WP PMA 80467,No failure
1530,42.3,21.0,302.3,311.5,5507.866225,30.450301760589426,1.1058661088010444,87.95387877662486,2025-10-05 19:10:37.782208,WP PMA 80271,signal delay
1572,36.2,199.0,300.1,311.4,5247.988249,2.625319218102533,0.15373901629294887,57.63537397596801,2025-10-05 19:28:11.782208,WP PMA 80467,No failure
1336,58.4,189.0,300.7,311.8,5495.553424,3.727900336239398,0.10080459465134813,60.520189035494376,2025-10-05 19:28:28.782208,WP PMA 80271,No failure
1529,38.1,96.0,297.9,309.2,5270.469604,0.6125027563035376,0.05256058687196739,64.32784655075906,2025-10-05 19:35:56.782208,WP PMA 80467,No failure
1406,50.2,119.0,300.5,310.0,5251.031296,1.2210782685623347,0.1866799981479054,60.59738152872911,2025-10-05 19:50:17.782208,WP PMA 80467,No failure
1565,35.3,,302.1,310.8,5454.117904,0.7621060024171864,0.10966580852079795,63.30163656634431,2025-10-05 19:52:29.782208,WP PMA 80466,No failure
1274,55.7,169.0,301.1,310.8,5516.478529,2.7392317388799916,0.169584276729417,59.83008120936003,2025-10-05 20:04:00.782208,WP PMA 80271,No failure
1449,44.5,152.0,302.3,311.7,5434.343524,29.801293682800324,1.9537263165480647,89.17307701084255,2025-10-05 20:16:15.782208,WP PMA 80466,door close delay
1995,20.2,105.0,300.9,310.9,5262.0516,1.921346043865757,0.1359085141644213,60.88230191020866,2025-10-05 20:24:09.782208,WP PMA 80271,No failure
1537,37.6,175.0,298.6,309.3,5284.853809,47.63082184931335,1.103793640179266,89.40004843997045,2025-10-05 20:27:25.782208,WP PMA 80466,signal delay
1651,33.3,0.0,298.8,310.6,5486.513041,3.080193077300916,0.11296363668011837,55.57932405620882,2025-10-05 20:29:39.782208,WP PMA 80466,No failure
1680,33.7,185.0,298.1,308.3,5464.462084,40.53621110002542,1.861302562403293,99.0882319471089,2025-10-05 20:44:05.782208,WP PMA 80467,signal delay
1564,37.5,15.0,298.5,308.2,5373.036601,2.9222531578873725,0.1451670912354258,56.8646172681974,2025-10-05 20:46:15.782208,WP PMA 80467,No failure
1473,40.3,125.0,299.3,309.1,5393.139844,1.377936989426608,0.14265470832196336,59.64747952247055,2025-10-05 21:17:05.782208,WP PMA 80271,No failure
1877,24.8,64.0,300.7,310.2,5258.570256,3.0437832656960295,0.09119104673493991,61.33192775696552,2025-10-05 21:18:49.782208,WP PMA 80466,No failure
1325,54.0,41.0,298.6,308.2,5390.643241,4.1034285814011096,0.15692825768238763,60.48319022526073,2025-10-05 21:28:21.782208,WP PMA 80271,No failure
1644,31.4,41.0,300.4,310.5,5502.6724,4.053460637568143,0.1731044291585811,56.997206567356955,2025-10-05 21:31:34.782208,WP PMA 80467,No failure
2157,17.8,17.0,302.0,310.7,5282.963856,26.262641810156918,1.6362138319307393,90.81689443895104,2025-10-05 21:42:52.782208,WP PMA 80271,signal delay
1398,38.2,50.0,300.8,310.9,5520.044209,2.694811711624516,0.18197993450282748,55.71453689572404,2025-10-05 21:49:44.782208,WP PMA 80466,No failure
1671,31.6,137.0,301.7,310.8,5316.888889,29.42162169453939,1.7513437119216573,96.732082886829,2025-10-05 21:54:30.782208,WP PMA 80466,door open delay
1599,33.0,7.0,300.9,310.8,5262.486849,1.1533642501012993,0.1555670335450516,64.55169457750347,2025-10-05 21:55:39.782208,WP PMA 80466,No failure
1680,33.7,185.0,298.1,308.3,5464.462084,40.53621110002542,1.861302562403293,99.0882319471089,2025-10-05 22:21:50.782208,WP PMA 80466,signal delay
1481,41.9,106.0,300.2,309.8,5259.295441,1.5214449948608764,0.12517551864992374,63.160785445045356,2025-10-05 22:34:35.782208,WP PMA 80466,No failure
1314,58.2,114.0,300.1,309.0,5412.250624,3.6541027973648808,0.17434986683367482,64.525216157644,2025-10-05 22:36:22.782208,WP PMA 80271,No failure
1316,57.6,43.0,300.8,311.4,5253.060484,1.4876325935497068,0.10996044671491337,61.1750927070786,2025-10-05 22:37:07.782208,WP PMA 80467,No failure
1419,42.4,90.0,300.6,310.0,5325.788484,1.2661555393308934,0.054823094478173406,63.976791852900696,2025-10-05 22:45:03.782208,WP PMA 80467,No failure
1351,52.2,44.0,299.0,309.0,5310.0369,3.913594146669015,0.10567483922627392,63.1388626554238,2025-10-05 22:50:05.782208,WP PMA 80466,No failure
1322,57.0,140.0,298.7,309.8,5349.752164,2.910189778453973,0.025753974388871656,56.52826425849964,2025-10-05 22:50:44.782208,WP PMA 80467,No failure
1550,34.9,111.0,301.0,312.3,5241.76,40.43445593905051,1.6685544741278708,90.85306688363391,2025-10-05 22:59:58.782208,WP PMA 80271,door open delay
1402,47.5,197.0,301.3,311.0,5513.359504,3.6921424202246427,0.04264399076259919,55.69004052325222,2025-10-05 23:07:22.782208,WP PMA 80467,No failure
1459,44.4,163.0,298.0,307.6,5372.303616,0.6040178931084063,0.07088263718552729,63.29890584828691,2025-10-05 23:21:23.782208,WP PMA 80467,No failure
1393,55.9,79.0,298.0,309.0,5281.074241,38.304028882010535,1.803235441130456,87.01367158265482,2025-10-05 23:41:12.782208,WP PMA 80467,door open delay
1523,34.7,181.0,301.7,310.5,5431.69,21.90800351979119,1.6851328885107058,85.86132528801342,2025-10-05 23:58:13.782208,WP PMA 80271,door open delay
1315,48.9,127.0,298.5,309.5,5355.458761,41.06519945448606,1.6344147895833567,95.67090294936038,2025-10-06 00:05:30.782208,WP PMA 80271,door close delay
1423,44.6,93.0,302.3,311.7,5266.840329,0.7215294121946866,0.04273640691206404,63.669072244939954,2025-10-06 00:07:11.782208,WP PMA 80467,No failure
1734,32.4,161.0,299.0,308.6,5390.4964,36.16471629499442,0.9531873013492951,95.43673005245326,2025-10-06 00:22:57.782208,WP PMA 80466,Random failure
1521,37.2,131.0,299.6,311.1,5467.715136,46.673454718591316,1.420389399153339,95.87920103880379,2025-10-06 00:32:43.782208,WP PMA 80467,door close delay
1523,43.3,60.0,301.8,310.7,5426.974224,2.90076654438381,0.17115605532531836,55.85851294911069,2025-10-06 00:47:55.782208,WP PMA 80466,No failure
1313,60.0,186.0,299.7,309.6,5376.702276,3.6132504662984037,0.02206164911667055,63.85538953029919,2025-10-06 00:50:36.782208,WP PMA 80466,No failure
1623,33.4,74.0,297.5,309.3,5450.130625,35.32667695115313,1.498253405644066,95.89964159155058,2025-10-06 00:54:52.782208,WP PMA 80271,door close delay
1686,28.9,59.0,301.7,310.2,5281.800976,41.80940364666146,1.806523433807369,93.02853967611605,2025-10-06 00:56:03.782208,WP PMA 80466,door open delay
1416,58.7,156.0,303.8,312.8,5272.2121,33.788869839697,1.2694095011541886,98.03901176263835,2025-10-06 00:59:02.782208,WP PMA 80467,door open delay
1416,58.7,156.0,303.8,312.8,5272.2121,33.788869839697,1.2694095011541886,98.03901176263835,2025-10-06 01:15:26.782208,WP PMA 80466,door open delay
1521,37.2,131.0,299.6,311.1,5467.715136,46.673454718591316,1.420389399153339,95.87920103880379,2025-10-06 01:18:55.782208,WP PMA 80466,door close delay
1523,40.9,141.0,299.3,310.8,5467.715136,32.60338432946594,1.4731501023736493,97.8371124133434,2025-10-06 01:23:32.782208,WP PMA 80467,door open delay
1544,35.9,132.0,298.4,307.9,5392.699225,4.005973368177211,0.030601368775469907,60.12060211492105,2025-10-06 01:32:35.782208,WP PMA 80271,No failure
1417,47.8,31.0,297.3,308.4,5419.020996,2.745900427115184,0.11719557562041664,64.9180707467447,2025-10-06 01:39:53.782208,WP PMA 80467,No failure
1906,21.2,110.0,302.4,310.1,5280.492889,27.30105111905368,0.7259684380530005,99.21154813216347,2025-10-06 01:41:53.782208,WP PMA 80467,door close delay
1467,39.6,,298.4,309.1,5402.25,21.422795318204866,0.5162020865393773,91.32636453399321,2025-10-06 01:58:39.782208,WP PMA 80271,door open delay
1530,42.3,21.0,302.3,311.5,5507.866225,30.450301760589426,1.1058661088010444,87.95387877662486,2025-10-06 02:08:40.782208,WP PMA 80271,signal delay
1587,34.2,141.0,299.0,310.6,5250.016849,1.6430619114245029,0.035312905358137796,56.44102928727638,2025-10-06 02:13:10.782208,WP PMA 80271,No failure
1463,45.5,196.0,300.6,310.6,5505.491601,0.9579816279015253,0.022462621810089733,61.814374708063205,2025-10-06 02:28:58.782208,WP PMA 80466,No failure
1650,33.8,38.0,300.1,311.3,5245.815184,4.0103368544510625,0.18019426691774423,60.265377375685105,2025-10-06 02:32:14.782208,WP PMA 80466,No failure
1470,45.9,132.0,296.8,307.5,5333.819089,3.862999350469203,0.10158203096726079,59.4744295117132,2025-10-06 02:38:38.782208,WP PMA 80467,No failure
1392,52.9,173.0,301.0,310.9,5254.365169,41.6977753684972,0.7231161539905369,99.45713980477058,2025-10-06 02:43:54.782208,WP PMA 80466,signal delay
1390,43.3,221.0,297.6,309.2,5451.607225,28.963313423812117,1.223664621780105,96.11862697857715,2025-10-06 02:51:57.782208,WP PMA 80271,door close delay
1592,34.2,153.0,299.1,308.5,5387.413201,3.5975605471300924,0.05722071088379123,59.80337980863389,2025-10-06 02:53:22.782208,WP PMA 80271,No failure
1255,60.7,77.0,297.5,308.6,5267.8564,4.515368805791235,0.15427771234605214,64.8672877024406,2025-10-06 02:55:18.782208,WP PMA 80467,No failure
1303,54.4,2.0,303.7,313.0,5274.535876,4.559837362615014,0.1418339890905505,63.955552471090826,2025-10-06 02:57:14.782208,WP PMA 80271,No failure
1754,26.9,209.0,302.9,312.3,5270.179216,31.064126655309654,0.7271846408765829,96.36983679144254,2025-10-06 03:10:38.782208,WP PMA 80467,signal delay
1433,48.8,191.0,300.2,309.4,5324.037156,1.3763267352774287,0.10283702948644237,58.500948891328925,2025-10-06 03:11:55.782208,WP PMA 80271,No failure
1589,36.0,190.0,299.7,310.8,5467.419364,24.81802571081649,1.7230158856927384,92.27456179038798,2025-10-06 03:38:42.782208,WP PMA 80466,drive delay
1536,34.5,154.0,300.4,309.6,5324.766841,0.736802980562857,0.1968631819714005,60.15735166662164,2025-10-06 03:42:41.782208,WP PMA 80271,No failure
1589,42.0,201.0,300.4,311.8,5247.118969,2.6597694579928612,0.09459770652862348,57.51004368981712,2025-10-06 03:46:25.782208,WP PMA 80466,No failure
1954,24.8,13.0,302.7,312.4,5269.888836,4.463150568808169,0.07238119386803261,59.71485240099891,2025-10-06 04:27:35.782208,WP PMA 80271,No failure
1428,43.4,26.0,300.7,310.7,5263.357401,2.0773663740956003,0.16035612839212846,59.24375366896942,2025-10-06 04:36:21.782208,WP PMA 80466,No failure
1811,24.0,84.0,301.2,310.6,5508.6084,3.1272005614907568,0.14456544034230384,60.827171302674,2025-10-06 04:36:56.782208,WP PMA 80271,No failure
1334,50.9,5.0,302.9,312.4,5501.485584,4.01134481704288,0.08081624947829452,62.017628232412406,2025-10-06 04:42:48.782208,WP PMA 80466,No failure
1578,34.5,127.0,298.2,307.8,5461.801216,3.363058774557512,0.0965597158457726,56.30974775703897,2025-10-06 05:05:19.782208,WP PMA 80466,No failure
1706,28.8,111.0,299.9,311.4,5493.626161,41.441868880496905,0.5863150585353729,86.83961198318863,2025-10-06 05:14:21.782208,WP PMA 80467,door close delay
1751,29.6,160.0,298.8,309.7,5252.770576,2.6725759229345165,0.13952425917056335,58.617421782306934,2025-10-06 05:30:18.782208,WP PMA 80466,No failure
1590,31.9,5.0,303.9,313.2,5491.551025,0.4984728438697549,0.08610726866324375,59.52488461443734,2025-10-06 05:32:24.782208,WP PMA 80271,No failure
1486,42.4,112.0,303.0,312.3,5505.936804,0.6921300162678589,0.1807829398314822,56.04295220285643,2025-10-06 05:54:29.782208,WP PMA 80466,No failure
1757,28.0,6.0,301.2,311.4,5507.717796,4.210962445840801,0.19346908875827712,59.90499612257267,2025-10-06 06:03:41.782208,WP PMA 80271,No failure
1489,40.7,212.0,299.0,309.7,5290.380225,1.2436121320079931,0.06635958215773784,62.30627288797086,2025-10-06 06:24:21.782208,WP PMA 80271,No failure
1595,35.4,15.0,300.4,311.0,5245.960041,40.671410585650555,1.7663676320787438,91.29257725331573,2025-10-06 06:34:18.782208,WP PMA 80467,door open delay
1502,43.2,139.0,297.6,308.3,5260.455841,45.25046550085902,0.681504933084405,84.61137984892757,2025-10-06 06:40:21.782208,WP PMA 80467,door close delay
1379,51.0,46.0,300.2,311.8,5498.815716,2.8506940914697845,0.11465045292506419,63.274834593778955,2025-10-06 06:40:34.782208,WP PMA 80271,No failure
1526,35.3,46.0,300.2,309.4,5330.4601,21.583542943926396,0.7296964552860199,87.23862919341,2025-10-06 06:45:55.782208,WP PMA 80466,signal delay
1348,54.5,22.0,299.4,310.6,5467.271481,2.6121991101108857,0.045064361710887985,63.89702036062667,2025-10-06 06:50:06.782208,WP PMA 80467,No failure
1383,48.7,147.0,295.6,306.1,5432.574436,42.06220479764772,0.8198605991308731,86.20096073009861,2025-10-06 07:10:51.782208,WP PMA 80467,door close delay
1434,47.6,52.0,301.4,311.2,5265.098721,1.578186982318088,0.1512608432028666,61.37317914470791,2025-10-06 07:24:47.782208,WP PMA 80467,No failure
1475,47.9,79.0,302.4,311.0,5282.673124,37.29116374458573,1.6642971181662811,88.8607658808726,2025-10-06 07:42:10.782208,WP PMA 80271,Random failure
1638,36.2,84.0,302.6,310.4,5464.905625,0.5430897376561197,0.11707783540158925,61.05508979337211,2025-10-06 07:44:55.782208,WP PMA 80467,No failure
1478,38.6,141.0,301.8,310.5,5304.791556,37.28807496496765,1.3246250892014255,81.75641095592287,2025-10-06 07:50:27.782208,WP PMA 80467,door close delay
1513,40.0,51.0,300.4,311.7,5244.077056,25.14323664801961,0.5049198162018053,96.51196761417759,2025-10-06 08:00:53.782208,WP PMA 80467,door close delay
1489,45.8,42.0,301.1,310.1,5257.7001,4.133367473949044,0.09241146094929208,64.65314283051362,2025-10-06 08:04:06.782208,WP PMA 80467,No failure
1557,31.6,52.0,300.8,310.9,5520.044209,23.535299894024025,1.8677102114598112,91.6199465983229,2025-10-06 08:09:34.782208,WP PMA 80467,door open delay
1667,29.9,75.0,300.2,309.2,5411.662096,4.853123460476372,0.16765787228958476,56.99176424275852,2025-10-06 08:12:39.782208,WP PMA 80271,No failure
1557,31.6,52.0,300.8,310.9,5520.044209,23.535299894024025,1.8677102114598112,91.6199465983229,2025-10-06 08:14:37.782208,WP PMA 80271,door open delay
1915,22.3,116.0,303.6,312.3,5275.843225,30.152304086590867,1.3571095834850015,96.856841139973,2025-10-06 08:15:26.782208,WP PMA 80271,door close delay
1606,33.6,67.0,298.3,308.5,5466.827844,44.7178826205094,1.1768198578144409,82.56248054352427,2025-10-06 08:25:27.782208,WP PMA 80271,drive delay
1317,51.9,40.0,301.9,310.9,5306.685409,1.6315557935990335,0.05843545947078951,57.36751287955485,2025-10-06 08:25:47.782208,WP PMA 80466,No failure
1948,19.7,66.0,302.0,310.8,5284.563025,42.5210758051029,1.9285960490927083,90.59359876216341,2025-10-06 08:30:25.782208,WP PMA 80466,door open delay
1776,25.7,51.0,298.9,310.0,5254.075225,0.6918890137983167,0.10190807983371444,57.12882775921678,2025-10-06 08:56:33.782208,WP PMA 80271,No failure
1465,43.2,113.0,300.8,311.3,5253.785289,1.5420789856132973,0.11696989639187495,58.53431558448095,2025-10-06 08:56:45.782208,WP PMA 80467,No failure
1564,40.0,172.0,299.8,311.2,5487.994561,4.57299662594094,0.05215422667174887,64.67119018317966,2025-10-06 09:07:05.782208,WP PMA 80271,No failure
1959,22.3,157.0,303.5,311.7,5472.448576,29.43254792505012,0.8841722655722568,98.0943208432986,2025-10-06 09:10:24.782208,WP PMA 80271,signal delay
1392,52.9,173.0,301.0,310.9,5254.365169,41.6977753684972,0.7231161539905369,99.45713980477058,2025-10-06 09:32:18.782208,WP PMA 80467,signal delay
1595,35.4,15.0,300.4,311.0,5245.960041,40.671410585650555,1.7663676320787438,91.29257725331573,2025-10-06 09:37:27.782208,WP PMA 80466,door open delay
1397,46.9,82.0,302.6,311.9,5502.524041,0.42342301796132986,0.01695721886446855,56.22137531150823,2025-10-06 09:38:45.782208,WP PMA 80467,No failure
1589,36.0,190.0,299.7,310.8,5467.419364,24.81802571081649,1.7230158856927384,92.27456179038798,2025-10-06 09:40:01.782208,WP PMA 80466,drive delay
1525,39.6,202.0,300.4,309.3,5339.955625,4.058336934606056,0.19932722321730734,60.01369504083781,2025-10-06 09:50:05.782208,WP PMA 80467,No failure
1489,40.6,89.0,298.2,309.0,5259.875625,26.47058142682505,1.4778885915777045,89.33932847526452,2025-10-06 09:51:54.782208,WP PMA 80271,door open delay
1417,43.4,223.0,300.8,311.8,5491.551025,4.335889628211489,0.09467213185166416,58.63819998460947,2025-10-06 09:52:05.782208,WP PMA 80466,No failure
1426,47.9,67.0,299.1,308.4,5389.0281,2.1159199017400234,0.010527265229868583,64.47193130670524,2025-10-06 10:24:07.782208,WP PMA 80467,No failure
1541,33.7,165.0,297.6,309.7,5325.642529,42.66027321379279,0.5957421488515693,81.39217013180169,2025-10-06 10:29:29.782208,WP PMA 80466,door close delay
1513,38.0,38.0,300.9,311.9,5491.254609,45.398608991025895,1.6628507955465734,97.30340726359175,2025-10-06 10:33:48.782208,WP PMA 80466,door open delay
1343,49.5,140.0,301.6,310.8,5421.818689,4.880250755702026,0.1306198647709563,58.53051204356193,2025-10-06 10:39:23.782208,WP PMA 80466,No failure
1429,50.5,129.0,297.5,308.6,5473.632256,3.280289410495731,0.02264994074848479,55.661030152687076,2025-10-06 10:39:29.782208,WP PMA 80271,No failure
1544,39.3,217.0,301.2,311.0,5513.805025,2.478200081421149,0.09183894828151347,57.1306630397379,2025-10-06 10:56:46.782208,WP PMA 80466,No failure
1378,54.4,165.0,298.8,309.1,5308.871044,0.16434702741774435,0.017316165827581456,56.130327776325004,2025-10-06 11:09:58.782208,WP PMA 80467,No failure
1534,33.2,75.0,298.3,308.2,5462.096836,38.38206123061534,1.8642989668196104,93.6352359612934,2025-10-06 11:15:44.782208,WP PMA 80271,door close delay
1661,34.2,109.0,296.7,307.4,5273.373924,4.523583047409277,0.17592638823716644,61.75106838004524,2025-10-06 11:20:33.782208,WP PMA 80271,No failure
1600,36.0,204.0,300.9,310.0,5257.990144,2.686196923958003,0.1944698393840272,59.68496254191374,2025-10-06 11:26:44.782208,WP PMA 80467,No failure
1430,43.4,24.0,300.2,309.2,5323.015681,1.1228001057885566,0.10350530598280094,59.6810252810711,2025-10-06 11:52:38.782208,WP PMA 80466,No failure
1624,39.8,107.0,303.9,313.2,5274.100129,2.0709792809059837,0.11784420024492866,60.7205199149127,2025-10-06 11:52:55.782208,WP PMA 80271,No failure
1534,33.7,47.0,298.1,310.0,5446.44,36.52876351172468,0.8635648460473964,87.49703042419631,2025-10-06 12:11:15.782208,WP PMA 80466,door close delay
1622,37.2,103.0,297.5,308.3,5457.958884,47.56231038168288,0.695912273194448,80.02490348311116,2025-10-06 12:11:18.782208,WP PMA 80466,Random failure
1526,35.3,46.0,300.2,309.4,5330.4601,21.583542943926396,0.7296964552860199,87.23862919341,2025-10-06 12:13:53.782208,WP PMA 80271,signal delay
1513,41.5,80.0,298.9,310.1,5294.163121,0.7891262096853168,0.10087839301768882,63.267194967397344,2025-10-06 12:14:12.782208,WP PMA 80271,No failure
1734,32.4,161.0,299.0,308.6,5390.4964,36.16471629499442,0.9531873013492951,95.43673005245326,2025-10-06 12:21:43.782208,WP PMA 80466,Random failure
1350,48.1,32.0,303.3,311.3,5470.821225,1.5001213310558466,0.18621847652348317,63.35440338034436,2025-10-06 12:23:29.782208,WP PMA 80271,No failure
2007,19.8,116.0,300.6,310.4,5504.749636,2.5681698926541614,0.07981779144787363,59.14724560691961,2025-10-06 12:26:17.782208,WP PMA 80467,No failure
1414,38.8,162.0,301.4,310.9,5260.891024,4.568828840297381,0.06475415102837254,62.99388367157484,2025-10-06 12:28:33.782208,WP PMA 80271,No failure
1636,29.9,201.0,299.3,308.8,5364.683536,2.8868796205647986,0.0997326086199898,55.56236254802652,2025-10-06 12:29:03.782208,WP PMA 80467,No failure
1434,42.5,175.0,304.2,313.4,5487.994561,29.469631294351835,1.4768985738303422,80.94332617051371,2025-10-06 12:30:09.782208,WP PMA 80466,door open delay
1352,49.7,184.0,299.7,309.5,5375.382489,2.665420142997897,0.1890714537262756,59.36913668174729,2025-10-06 12:34:32.782208,WP PMA 80466,No failure
1473,39.9,184.0,298.4,308.3,5468.6025,26.055495263783655,1.7852296960269574,95.2760721632894,2025-10-06 12:46:07.782208,WP PMA 80467,door close delay
1915,22.3,116.0,303.6,312.3,5275.843225,30.152304086590867,1.3571095834850015,96.856841139973,2025-10-06 12:51:17.782208,WP PMA 80466,door close delay
1727,29.4,116.0,298.9,308.7,5469.933681,1.9141273557020886,0.1755940745629949,57.54873097116682,2025-10-06 12:52:32.782208,WP PMA 80271,No failure
1348,53.7,68.0,297.4,308.1,5476.444009,33.10520166867137,0.9345701870889231,84.5290198629316,2025-10-06 13:06:09.782208,WP PMA 80466,signal delay
1547,44.0,72.0,297.9,308.9,5281.074241,1.869736886722593,0.11153907999768432,62.685211790362665,2025-10-06 13:23:25.782208,WP PMA 80467,No failure
1684,29.3,167.0,303.8,312.6,5478.9604,45.95904206895359,1.5958608150105298,83.515013763323,2025-10-06 13:43:53.782208,WP PMA 80467,door close delay
1399,49.2,111.0,303.1,311.2,5278.749025,4.866607127265263,0.12045713341762457,63.37774968442126,2025-10-06 13:54:43.782208,WP PMA 80467,No failure
1380,41.1,152.0,297.4,309.1,5452.936336,2.573850222558455,0.17014862007128984,63.86590653852683,2025-10-06 14:06:17.782208,WP PMA 80467,No failure
1612,32.1,183.0,297.8,308.4,5460.471025,0.3182606535002991,0.15789369001251607,55.207945309674855,2025-10-06 14:11:46.782208,WP PMA 80466,No failure
1559,39.7,24.0,300.1,309.4,5401.221049,32.44510658974924,1.7117118145834187,97.35954246520838,2025-10-06 14:16:38.782208,WP PMA 80466,door open delay
1286,51.1,177.0,296.3,307.2,5428.005625,23.4303106810246,1.4262639106760326,88.00815197335469,2025-10-06 14:21:07.782208,WP PMA 80466,door open delay
1449,44.5,152.0,302.3,311.7,5434.343524,29.801293682800324,1.9537263165480647,89.17307701084255,2025-10-06 14:35:27.782208,WP PMA 80271,door close delay
1500,39.9,175.0,297.0,307.8,5274.245376,3.653040435572342,0.10509517819231144,61.84010144601475,2025-10-06 14:36:16.782208,WP PMA 80466,No failure
1732,29.7,141.0,299.3,309.0,5373.769636,3.879500048938456,0.08355684962581479,56.11574765748351,2025-10-06 14:51:29.782208,WP PMA 80467,No failure
1394,48.8,192.0,300.9,309.7,5407.249156,0.5991444140553217,0.19196241030074165,58.87505774712163,2025-10-06 14:53:15.782208,WP PMA 80271,No failure
1498,38.1,176.0,299.8,311.1,5467.567249,4.712387249897697,0.017593890904202655,62.58665397582762,2025-10-06 14:58:25.782208,WP PMA 80467,No failure
1541,34.6,131.0,300.7,309.6,5336.740809,3.688865273920198,0.04917513309718981,56.64984269769072,2025-10-06 15:26:34.782208,WP PMA 80271,No failure
1479,43.6,240.0,300.7,309.5,5339.2249,3.6412371740000173,0.033943318121777075,61.839791661140836,2025-10-06 15:49:42.782208,WP PMA 80271,No failure
1308,60.5,139.0,301.5,310.5,5256.395001,4.091086770497484,0.13314965462831438,55.3952042392749,2025-10-06 15:53:35.782208,WP PMA 80467,No failure
1528,46.3,203.0,296.7,308.1,5331.628324,27.188963976400803,1.6875662775840243,86.29292509365149,2025-10-06 16:05:22.782208,WP PMA 80466,signal delay
1574,38.7,30.0,302.5,312.2,5268.001561,45.14604826414569,0.6896049610735586,92.43308617994987,2025-10-06 16:10:11.782208,WP PMA 80467,signal delay
1516,39.5,23.0,302.8,310.8,5467.271481,1.754441510174918,0.11949886851025343,59.92735742471318,2025-10-06 16:23:06.782208,WP PMA 80466,No failure
1616,33.7,16.0,298.2,308.8,5470.821225,3.0534486749724046,0.027343096620475044,57.90881255624249,2025-10-06 16:54:51.782208,WP PMA 80466,No failure
1620,34.1,89.0,299.2,308.4,5386.385664,45.8446025594114,0.5034314840442716,96.88632719093115,2025-10-06 16:56:15.782208,WP PMA 80271,door open delay
1671,31.6,137.0,301.7,310.8,5316.888889,29.42162169453939,1.7513437119216573,96.732082886829,2025-10-06 17:04:43.782208,WP PMA 80466,door open delay
1383,48.7,147.0,295.6,306.1,5432.574436,42.06220479764772,0.8198605991308731,86.20096073009861,2025-10-06 17:05:22.782208,WP PMA 80467,door close delay
1390,57.4,164.0,301.3,310.8,5260.891024,4.170208434461411,0.13070867387433333,60.3903417354573,2025-10-06 17:16:08.782208,WP PMA 80467,No failure
1679,33.3,167.0,298.4,309.7,5258.280196,2.0565614732792685,0.16346269076106243,61.870257086224214,2025-10-06 17:40:56.782208,WP PMA 80271,No failure
1587,31.2,73.0,300.2,311.3,5246.684356,3.172015655604488,0.04630099522741139,59.71800761742698,2025-10-06 17:42:44.782208,WP PMA 80271,No failure
1474,45.2,,300.0,309.1,5328.562009,4.053860603582059,0.04220614022339395,55.85612628708059,2025-10-06 18:02:15.782208,WP PMA 80467,No failure
1691,28.0,36.0,300.6,309.4,5407.837444,3.7217329877759515,0.18449509638091438,60.6096772426013,2025-10-06 18:46:59.782208,WP PMA 80466,No failure
1461,52.5,146.0,300.5,309.8,5332.942729,3.4456058384776136,0.09710159013721743,57.05642888430787,2025-10-06 18:50:44.782208,WP PMA 80466,No failure
1544,31.4,192.0,298.2,307.9,5361.900625,0.4031923822918926,0.05507802660031687,59.45545729693056,2025-10-06 19:01:34.782208,WP PMA 80271,No failure
1270,54.2,26.0,301.5,310.4,5310.765625,2.973194651253886,0.02274472000971093,57.022902173284436,2025-10-06 19:08:51.782208,WP PMA 80466,No failure
1684,29.3,167.0,303.8,312.6,5478.9604,45.95904206895359,1.5958608150105298,83.515013763323,2025-10-06 19:11:39.782208,WP PMA 80271,door close delay
1477,45.0,40.0,295.6,306.2,5338.055844,0.6419100272006875,0.19220965254123748,59.45185261351943,2025-10-06 19:19:52.782208,WP PMA 80271,No failure
1648,33.6,70.0,299.6,309.0,5379.929104,0.8126497308024123,0.0171563238907852,64.77494664705745,2025-10-06 19:26:47.782208,WP PMA 80271,No failure
1652,27.2,52.0,300.6,311.8,5489.920836,4.48530111354929,0.1625777292329427,57.81898599245281,2025-10-06 19:29:22.782208,WP PMA 80467,No failure
1764,29.9,162.0,302.8,312.3,5500.595556,1.1299092608291976,0.11082522545214964,56.324835705490486,2025-10-06 19:31:13.782208,WP PMA 80467,No failure
1387,51.1,98.0,299.2,308.5,5366.588049,3.747982561739705,0.045145996814956506,58.659743209428875,2025-10-06 19:31:22.782208,WP PMA 80466,No failure
1439,41.5,208.0,296.3,307.3,5435.228176,1.6182952429090025,0.011925799337274917,57.564783211732895,2025-10-06 19:46:59.782208,WP PMA 80466,No failure
1469,44.8,5.0,297.5,308.1,5459.7321,3.7060884464102397,0.09309926818447617,62.778270660117954,2025-10-06 19:50:14.782208,WP PMA 80467,No failure
1865,22.7,48.0,302.0,311.0,5284.708416,2.8177040956215134,0.138691203726936,60.80038814803722,2025-10-06 19:56:12.782208,WP PMA 80467,No failure
1620,35.4,51.0,297.4,309.4,5450.573584,4.671461509273722,0.041070692026566054,58.95201153459607,2025-10-06 20:11:46.782208,WP PMA 80271,No failure
1392,52.9,173.0,301.0,310.9,5254.365169,41.6977753684972,0.7231161539905369,99.45713980477058,2025-10-06 20:22:41.782208,WP PMA 80271,signal delay
1425,44.0,33.0,300.8,310.9,5520.192804,3.812671404499052,0.16468278878669484,56.85108022092189,2025-10-06 20:26:27.782208,WP PMA 80271,No failure
1372,63.6,30.0,298.9,308.2,5359.850521,1.431504255721711,0.1221317492949004,62.9138396370223,2025-10-06 20:30:11.782208,WP PMA 80467,No failure
1383,48.7,147.0,295.6,306.1,5432.574436,42.06220479764772,0.8198605991308731,86.20096073009861,2025-10-06 20:35:26.782208,WP PMA 80467,door close delay
1537,37.6,175.0,298.6,309.3,5284.853809,47.63082184931335,1.103793640179266,89.40004843997045,2025-10-06 20:36:20.782208,WP PMA 80271,signal delay
1439,41.7,184.0,300.7,310.6,5504.452864,3.662067976419925,0.16026945710485715,57.75129360885933,2025-10-06 20:37:13.782208,WP PMA 80466,No failure
1517,41.4,222.0,297.0,308.1,5345.510769,3.2458861861558237,0.08511147312895691,59.00157889900612,2025-10-06 20:47:00.782208,WP PMA 80271,No failure
1441,43.2,132.0,298.7,308.4,5469.489936,35.1055782720759,0.9394025035890767,81.07925966492373,2025-10-06 20:51:07.782208,WP PMA 80466,door close delay
1686,28.9,59.0,301.7,310.2,5281.800976,41.80940364666146,1.806523433807369,93.02853967611605,2025-10-06 20:58:27.782208,WP PMA 80467,door open delay
1423,40.2,63.0,300.9,312.1,5491.254609,26.487242862943063,0.6574029788516131,82.48730646898161,2025-10-06 20:58:49.782208,WP PMA 80467,door open delay
1346,51.1,147.0,300.3,311.4,5495.849956,0.9395266584212587,0.1988670136557238,57.41728365802111,2025-10-06 21:42:13.782208,WP PMA 80271,No failure
1662,26.9,183.0,297.1,307.9,5277.150736,23.362238882353317,1.8939072927671246,84.03490101665102,2025-10-06 21:42:25.782208,WP PMA 80466,signal delay
1535,35.4,148.0,301.6,310.8,5316.597225,4.114975282554725,0.15409714372835798,58.940240095647944,2025-10-06 21:43:29.782208,WP PMA 80467,No failure
1485,44.7,78.0,299.3,308.5,5386.238881,49.70602106127978,1.9413985931935809,83.94842601473823,2025-10-06 21:48:03.782208,WP PMA 80467,signal delay
1423,43.9,149.0,296.9,307.9,5421.082384,0.5819870678566582,0.17562317444159062,55.89319911469797,2025-10-06 22:43:45.782208,WP PMA 80467,No failure
1392,43.1,218.0,298.9,309.8,5466.088489,0.6769918632076518,0.15214429489293996,62.545792667096656,2025-10-06 22:59:07.782208,WP PMA 80466,No failure
1533,44.0,162.0,300.9,312.0,5241.76,2.530089997540746,0.052024080495884,61.68701209845159,2025-10-06 23:01:41.782208,WP PMA 80467,No failure
1552,28.8,135.0,300.4,311.4,5245.525476,4.763043845243005,0.1123091709710399,60.862709508881984,2025-10-06 23:12:30.782208,WP PMA 80467,No failure
1753,26.8,40.0,298.7,309.9,5256.685009,3.1792344462261126,0.04768809384975073,61.93651061336477,2025-10-06 23:13:27.782208,WP PMA 80467,No failure
1738,24.0,195.0,297.5,308.9,5329.0,40.63022144617679,0.952472150300518,95.93287998331198,2025-10-06 23:29:32.782208,WP PMA 80271,door close delay
1459,37.7,40.0,301.4,310.7,5314.555801,0.5074193359001111,0.07888649744915638,56.12915215850008,2025-10-06 23:32:41.782208,WP PMA 80467,No failure
1438,51.0,106.0,302.6,311.0,5282.527761,23.436251011580417,1.008899545945385,91.43758397735473,2025-10-06 23:38:00.782208,WP PMA 80466,signal delay
1754,26.9,33.0,302.2,311.4,5435.670529,3.0432914325044758,0.04388200245940809,64.1570765983167,2025-10-06 23:46:40.782208,WP PMA 80466,No failure
1416,61.8,209.0,300.7,310.4,5504.304481,21.449680119185427,1.6055801123947226,87.14991297931678,2025-10-06 23:53:19.782208,WP PMA 80271,signal delay
1396,44.5,117.0,301.5,310.5,5510.983696,1.8040187400247352,0.10358093068381771,59.35346597466628,2025-10-06 23:53:47.782208,WP PMA 80467,No failure
1668,27.9,240.0,297.5,309.5,5326.518289,1.396063875856241,0.11586001538995486,61.70250043455963,2025-10-06 23:57:05.782208,WP PMA 80271,No failure
1600,32.8,205.0,301.5,310.5,5257.120036,32.84282188032643,0.9163814461292255,84.44969552431002,2025-10-07 00:02:20.782208,WP PMA 80271,signal delay
1383,48.7,147.0,295.6,306.1,5432.574436,42.06220479764772,0.8198605991308731,86.20096073009861,2025-10-07 00:16:12.782208,WP PMA 80466,door close delay
1381,49.8,115.0,301.2,310.4,5424.617104,1.1108060948371132,0.13932906911659657,59.92039756588777,2025-10-07 00:20:40.782208,WP PMA 80467,No failure
1425,47.8,179.0,300.0,311.1,5248.133136,31.892833073046287,0.9683666427343691,94.56991747011459,2025-10-07 00:21:54.782208,WP PMA 80271,signal delay
1395,55.4,76.0,299.2,310.4,5468.010916,2.0540893905059665,0.1379930579983751,58.85746794648026,2025-10-07 00:24:40.782208,WP PMA 80467,No failure
1671,28.0,158.0,297.5,308.5,5279.4756,3.57233649428473,0.12368509822483165,62.868022951467466,2025-10-07 00:24:55.782208,WP PMA 80467,No failure
2157,17.8,17.0,302.0,310.7,5282.963856,26.262641810156918,1.6362138319307393,90.81689443895104,2025-10-07 00:27:56.782208,WP PMA 80271,signal delay
1722,30.4,178.0,297.5,308.5,5320.2436,4.167333000480507,0.18369463153835774,56.61169386692838,2025-10-07 00:29:16.782208,WP PMA 80466,No failure
1452,47.9,77.0,300.7,310.8,5263.212304,4.495552102396756,0.07457046808245268,60.26976622285726,2025-10-07 00:33:37.782208,WP PMA 80467,No failure
1618,30.3,125.0,299.7,311.1,5488.290889,40.60410458568789,0.9727397823334152,91.90296894800397,2025-10-07 00:42:37.782208,WP PMA 80467,door close delay
1455,44.9,107.0,298.8,310.2,5352.3856,3.9412621939072294,0.09765534436958555,64.24550531324219,2025-10-07 00:52:09.782208,WP PMA 80466,No failure
1383,49.6,101.0,300.0,311.4,5243.787396,4.3415586641295425,0.07863155937750996,61.29172541980533,2025-10-07 01:00:23.782208,WP PMA 80466,No failure
1502,46.6,37.0,301.4,310.1,5281.800976,1.5838902604615797,0.09391896713515197,59.089862504521406,2025-10-07 01:05:21.782208,WP PMA 80467,No failure
1466,49.0,66.0,302.2,311.7,5508.459961,46.56475728244531,1.788039593172544,96.4904334654153,2025-10-07 01:19:32.782208,WP PMA 80467,signal delay
1515,40.8,183.0,302.9,312.3,5497.184449,1.9385357080638332,0.15403083756834035,63.19788181659568,2025-10-07 01:46:21.782208,WP PMA 80466,No failure
1334,49.8,186.0,298.5,308.3,5461.505604,0.5917971699404779,0.18223240621592904,64.05911586972519,2025-10-07 01:48:22.782208,WP PMA 80271,No failure
1892,21.8,177.0,301.9,310.5,5450.425929,43.654580946114876,0.9529393734897191,97.87179433207908,2025-10-07 01:56:50.782208,WP PMA 80467,door close delay
1485,44.7,78.0,299.3,308.5,5386.238881,49.70602106127978,1.9413985931935809,83.94842601473823,2025-10-07 02:03:26.782208,WP PMA 80271,signal delay
1309,51.1,188.0,299.1,310.7,5250.4516,0.21045539980262223,0.02018191168443538,58.309465965372546,2025-10-07 02:09:56.782208,WP PMA 80466,No failure
1563,35.6,190.0,302.5,311.0,5283.109225,38.74104099685708,1.2347836818112328,99.83039726960615,2025-10-07 02:13:22.782208,WP PMA 80466,door open delay
1334,48.0,42.0,298.6,310.0,5410.926481,44.6921753251622,1.7757381645190178,97.48377633205858,2025-10-07 02:25:08.782208,WP PMA 80271,door open delay
1426,46.8,99.0,303.0,312.7,5499.7056,1.7444418712199077,0.06662080450822977,59.55200516986503,2025-10-07 02:25:10.782208,WP PMA 80467,No failure
1479,39.2,151.0,297.0,307.9,5344.633449,37.76349785678516,1.8037052538950937,99.3437260437338,2025-10-07 02:34:08.782208,WP PMA 80271,door open delay
1444,48.2,46.0,297.6,308.6,5474.076169,4.1476853119532295,0.13557222022825377,57.59137690371971,2025-10-07 02:35:36.782208,WP PMA 80271,No failure
1496,44.4,155.0,299.8,309.1,5345.0721,2.3034682142330665,0.03239454163623567,57.173015810303106,2025-10-07 02:37:50.782208,WP PMA 80466,No failure
1570,38.3,14.0,300.6,310.5,5263.5025,2.8625708556358553,0.08088388783543972,59.76460047124336,2025-10-07 02:50:01.782208,WP PMA 80466,No failure
1297,62.5,109.0,302.3,311.2,5442.898176,3.1791869792833727,0.020624118633032457,56.69893935074339,2025-10-07 02:54:06.782208,WP PMA 80466,No failure
1648,29.6,157.0,302.0,310.3,5284.272249,45.846751847405464,1.916727041356644,80.06354773317213,2025-10-07 02:59:08.782208,WP PMA 80271,drive delay
1563,32.8,51.0,298.1,309.9,5446.44,23.249154431791236,1.3895731218270553,92.09673056674498,2025-10-07 03:04:01.782208,WP PMA 80466,door close delay
1686,29.1,60.0,298.1,309.9,5446.144804,43.922000807869985,1.3483092713247107,80.57454392069313,2025-10-07 03:21:32.782208,WP PMA 80467,door close delay
1355,51.4,76.0,297.0,308.1,5418.284881,21.531168293332144,1.2389006808121412,85.78997715095218,2025-10-07 03:28:50.782208,WP PMA 80466,Random failure
1323,51.1,130.0,297.4,308.7,5479.700625,42.30312527421579,0.671909255936029,90.0225145439153,2025-10-07 03:36:08.782208,WP PMA 80467,signal delay
1408,42.9,89.0,301.6,311.2,5511.874564,0.759325093204578,0.05266791565966221,63.82197015327387,2025-10-07 03:51:48.782208,WP PMA 80271,No failure
1623,33.4,74.0,297.5,309.3,5450.130625,35.32667695115313,1.498253405644066,95.89964159155058,2025-10-07 04:06:51.782208,WP PMA 80271,door close delay
1475,47.9,79.0,302.4,311.0,5282.673124,37.29116374458573,1.6642971181662811,88.8607658808726,2025-10-07 04:22:07.782208,WP PMA 80467,Random failure
1623,33.4,74.0,297.5,309.3,5450.130625,35.32667695115313,1.498253405644066,95.89964159155058,2025-10-07 04:35:58.782208,WP PMA 80271,door close delay
1431,39.3,22.0,300.7,310.7,5263.357401,45.30621408858687,1.6214025308819116,97.16558546598277,2025-10-07 04:48:25.782208,WP PMA 80466,door open delay
1528,46.3,203.0,296.7,308.1,5331.628324,27.188963976400803,1.6875662775840243,86.29292509365149,2025-10-07 05:06:16.782208,WP PMA 80271,signal delay
1376,39.0,181.0,297.4,308.9,5269.017744,2.3536328441540215,0.17820009042340815,59.69905660631484,2025-10-07 05:20:29.782208,WP PMA 80466,No failure
1441,43.2,132.0,298.7,308.4,5469.489936,35.1055782720759,0.9394025035890767,81.07925966492373,2025-10-07 05:21:27.782208,WP PMA 80467,door close delay
1310,62.9,130.0,303.9,313.1,5272.2121,4.849194034337349,0.13214465398469238,63.416733770524935,2025-10-07 05:30:18.782208,WP PMA 80466,No failure
1906,21.2,110.0,302.4,310.1,5280.492889,27.30105111905368,0.7259684380530005,99.21154813216347,2025-10-07 05:39:20.782208,WP PMA 80466,door close delay
1455,40.6,82.0,300.6,310.7,5519.895616,4.8768763631039995,0.1025173320541714,63.89667367133272,2025-10-07 05:56:25.782208,WP PMA 80466,No failure
1417,39.2,65.0,298.1,308.9,5402.544004,42.18444491739179,0.8419734264000982,90.26619371204663,2025-10-07 06:03:20.782208,WP PMA 80466,door close delay
1665,29.6,20.0,298.1,308.5,5469.637849,37.238730558246914,1.0025553265776534,99.00835330996256,2025-10-07 06:20:06.782208,WP PMA 80467,Random failure
1296,58.2,204.0,300.7,310.8,5519.895616,27.436796098274527,0.7212085399904014,97.85767216446325,2025-10-07 06:21:44.782208,WP PMA 80271,door open delay
1392,52.9,173.0,301.0,310.9,5254.365169,41.6977753684972,0.7231161539905369,99.45713980477058,2025-10-07 06:36:01.782208,WP PMA 80271,signal delay
1446,36.6,227.0,297.1,308.1,5419.609924,43.297600346955875,1.571528479618523,90.93819912138767,2025-10-07 06:39:04.782208,WP PMA 80466,door close delay
1521,37.1,84.0,298.3,309.5,5349.167044,0.19746402128139728,0.1641696291059793,61.305231546854785,2025-10-07 06:44:04.782208,WP PMA 80466,No failure
1484,37.0,28.0,298.3,309.1,5463.427225,3.8655090152763276,0.13538054708742409,56.30913871670146,2025-10-07 06:51:44.782208,WP PMA 80466,No failure
1534,33.7,47.0,298.1,310.0,5446.44,36.52876351172468,0.8635648460473964,87.49703042419631,2025-10-07 07:02:09.782208,WP PMA 80467,door close delay
1360,48.6,77.0,297.6,308.5,5262.631936,4.3784566025327125,0.1663622921476063,60.57846131387746,2025-10-07 07:14:29.782208,WP PMA 80467,No failure
1509,39.9,25.0,302.0,311.3,5303.043684,27.239929425481904,1.4595475697774438,80.04445211653625,2025-10-07 07:16:38.782208,WP PMA 80466,door open delay
1754,26.9,209.0,302.9,312.3,5270.179216,31.064126655309654,0.7271846408765829,96.36983679144254,2025-10-07 07:17:11.782208,WP PMA 80271,signal delay
1489,40.6,89.0,298.2,309.0,5259.875625,26.47058142682505,1.4778885915777045,89.33932847526452,2025-10-07 07:20:33.782208,WP PMA 80466,door open delay
1521,42.3,215.0,299.2,308.9,5356.483344,48.52642714523353,0.5951679291380665,96.63168155565477,2025-10-07 07:32:03.782208,WP PMA 80467,signal delay
1573,33.3,168.0,299.8,310.2,5500.743889,1.5283745455143045,0.036725361028191815,62.456859093100974,2025-10-07 07:34:01.782208,WP PMA 80466,No failure
1800,26.0,135.0,301.4,311.1,5264.808481,2.840611892224419,0.15697819217382433,61.95928898436695,2025-10-07 07:43:11.782208,WP PMA 80466,No failure
1296,58.2,204.0,300.7,310.8,5519.895616,27.436796098274527,0.7212085399904014,97.85767216446325,2025-10-07 07:44:12.782208,WP PMA 80271,door open delay
1526,35.3,46.0,300.2,309.4,5330.4601,21.583542943926396,0.7296964552860199,87.23862919341,2025-10-07 07:49:51.782208,WP PMA 80467,signal delay
1587,30.2,162.0,298.9,310.1,5350.191025,2.0314466900860237,0.16399547340963658,56.72176766758823,2025-10-07 08:01:19.782208,WP PMA 80466,No failure
1729,28.4,131.0,300.2,309.5,5341.271056,1.7938900526188066,0.09801057210815417,62.626517533185364,2025-10-07 08:11:44.782208,WP PMA 80466,No failure
1512,44.9,86.0,301.0,310.4,5260.310784,39.36836299538538,1.6935308256837749,96.5270926355088,2025-10-07 08:29:25.782208,WP PMA 80467,door open delay
1665,30.9,177.0,301.0,310.4,5516.775625,1.717073874043993,0.15721680191984982,56.4713955472647,2025-10-07 08:39:51.782208,WP PMA 80271,No failure
1359,56.9,166.0,298.9,310.2,5350.191025,1.0973844858236852,0.053179433063692376,58.144506783226404,2025-10-07 08:44:32.782208,WP PMA 80466,No failure
1831,23.4,133.0,300.4,311.2,5497.184449,4.06233410152201,0.06266159990881906,61.34198834613455,2025-10-07 09:13:07.782208,WP PMA 80467,No failure
1609,27.6,108.0,300.7,310.6,5252.045841,27.408002308158085,1.5516235058130665,90.91280030971026,2025-10-07 09:15:04.782208,WP PMA 80466,door close delay
1541,36.9,12.0,298.6,310.0,5256.25,2.8688006909968746,0.06710261730042684,57.91477046574357,2025-10-07 09:25:42.782208,WP PMA 80271,No failure
1589,36.0,190.0,299.7,310.8,5467.419364,24.81802571081649,1.7230158856927384,92.27456179038798,2025-10-07 09:28:44.782208,WP PMA 80466,drive delay
1763,28.4,54.0,297.3,308.1,5272.647769,1.0708731057663499,0.0284628411111515,56.3606768042963,2025-10-07 09:30:27.782208,WP PMA 80467,No failure
1915,22.3,116.0,303.6,312.3,5275.843225,30.152304086590867,1.3571095834850015,96.856841139973,2025-10-07 09:33:28.782208,WP PMA 80271,door close delay
1353,58.7,86.0,300.1,309.1,5329.730025,0.7288765737533653,0.18141088576119496,56.55875088082469,2025-10-07 09:34:46.782208,WP PMA 80271,No failure
1392,46.4,174.0,297.4,308.7,5479.404529,49.82094774461507,1.7275260349496973,82.29807714007318,2025-10-07 09:50:41.782208,WP PMA 80467,signal delay
1436,47.7,191.0,297.0,307.9,5345.0721,1.201966387667177,0.10366480268141115,58.63556026406951,2025-10-07 09:54:06.782208,WP PMA 80271,No failure
1443,53.4,21.0,298.8,308.2,5359.996944,0.5762479922039814,0.043680250170096906,56.91513048715269,2025-10-07 10:08:59.782208,WP PMA 80466,No failure
1728,34.0,179.0,302.2,311.1,5446.882809,2.37283884766925,0.19116597658299156,63.33568201877191,2025-10-07 10:23:43.782208,WP PMA 80467,No failure
1521,40.2,174.0,302.5,312.0,5503.859344,1.7384781516871428,0.1866375483145638,58.35755117536947,2025-10-07 10:25:07.782208,WP PMA 80271,No failure
1513,40.0,51.0,300.4,311.7,5244.077056,25.14323664801961,0.5049198162018053,96.51196761417759,2025-10-07 10:26:35.782208,WP PMA 80466,door close delay
1457,47.7,120.0,300.6,310.4,5504.749636,1.7294592804690523,0.17889015267263914,56.58432529772052,2025-10-07 10:27:29.782208,WP PMA 80271,No failure
1665,29.6,20.0,298.1,308.5,5469.637849,37.238730558246914,1.0025553265776534,99.00835330996256,2025-10-07 10:32:28.782208,WP PMA 80467,Random failure
1618,35.2,31.0,298.0,307.5,5394.755601,2.9940291524615197,0.18581672711516556,59.30695599669639,2025-10-07 10:37:45.782208,WP PMA 80467,No failure
1304,57.2,183.0,298.9,310.2,5255.670016,2.585665739534186,0.024564948718976465,58.99663949658183,2025-10-07 10:39:44.782208,WP PMA 80271,No failure
1395,48.3,80.0,302.7,310.9,5468.010916,2.848417701837618,0.08052437893253561,56.612763254678526,2025-10-07 10:39:58.782208,WP PMA 80466,No failure
1583,35.7,116.0,298.8,310.2,5352.3856,37.92661578444592,0.6317103864251624,92.65824473217468,2025-10-07 10:43:48.782208,WP PMA 80467,door open delay
1594,32.4,204.0,301.7,310.8,5303.626276,37.38423566578929,1.3463625335459448,86.49307795768311,2025-10-07 10:43:49.782208,WP PMA 80467,Random failure
1599,31.2,173.0,298.2,307.8,5372.450209,0.2868900340739063,0.15391842468607006,63.622576360319016,2025-10-07 10:52:02.782208,WP PMA 80467,No failure
1581,36.7,101.0,298.9,309.2,5474.076169,0.7531150322350298,0.04818534943317661,56.657226798832326,2025-10-07 10:54:12.782208,WP PMA 80467,No failure
1738,24.0,195.0,297.5,308.9,5329.0,40.63022144617679,0.952472150300518,95.93287998331198,2025-10-07 10:56:15.782208,WP PMA 80467,door close delay
1734,31.3,64.0,301.2,310.8,5516.181441,2.7900916750865172,0.12399608469195522,64.82294988657989,2025-10-07 10:59:40.782208,WP PMA 80466,No failure
1378,49.4,173.0,301.3,310.6,5257.265049,1.791069990868241,0.15121549544693533,60.21945363461065,2025-10-07 11:27:08.782208,WP PMA 80466,No failure
1526,38.2,47.0,302.3,311.5,5445.111681,20.770653830747378,1.30602776858319,86.60692999486108,2025-10-07 11:28:53.782208,WP PMA 80467,signal delay
1434,48.4,153.0,299.2,310.6,5250.161764,33.302811077665524,1.0459826892569164,83.39765345421797,2025-10-07 11:37:38.782208,WP PMA 80466,drive delay
1355,51.4,76.0,297.0,308.1,5418.284881,21.531168293332144,1.2389006808121412,85.78997715095218,2025-10-07 11:38:35.782208,WP PMA 80271,Random failure
1561,45.3,58.0,298.9,310.0,5466.975721,4.898360244282186,0.13291676745108097,59.398861301780514,2025-10-07 11:41:19.782208,WP PMA 80271,No failure
1505,41.3,173.0,300.8,312.1,5491.847449,2.651511183613656,0.10727478106621513,61.5212873520551,2025-10-07 11:44:28.782208,WP PMA 80271,No failure
1372,56.2,133.0,299.9,309.5,5349.752164,4.185027987698739,0.13106356613807843,62.677190099802985,2025-10-07 11:55:00.782208,WP PMA 80467,No failure
1537,33.3,52.0,300.8,310.3,5258.570256,1.5571088361846646,0.05180328752114341,64.51801489343815,2025-10-07 12:10:03.782208,WP PMA 80466,No failure
1423,44.0,222.0,301.5,310.7,5510.241361,2.540759738041959,0.04237345344495905,63.469468172134256,2025-10-07 12:13:36.782208,WP PMA 80271,No failure
1743,26.2,71.0,301.7,310.6,5306.102649,2.9193719154102915,0.07507868809522869,62.05959639792625,2025-10-07 12:16:09.782208,WP PMA 80271,No failure
1413,43.5,83.0,302.2,311.5,5433.311521,46.06769449253791,1.9129662103062164,91.80974319114351,2025-10-07 12:16:45.782208,WP PMA 80271,door open delay
1423,49.5,200.0,298.7,309.1,5462.540281,44.33656037912953,1.588388563096027,90.18336290840858,2025-10-07 12:29:17.782208,WP PMA 80467,door open delay
1600,42.1,190.0,297.4,308.5,5456.185956,39.53285650511512,1.1928274910068417,93.8165756167538,2025-10-07 12:30:08.782208,WP PMA 80467,signal delay
1629,32.5,45.0,298.1,309.9,5446.587601,23.75340627019404,1.9241090702893169,87.54583502901593,2025-10-07 12:30:33.782208,WP PMA 80466,door close delay
1579,33.4,50.0,296.7,307.9,5438.177536,29.652550279830812,1.5245415270414138,90.68371500473029,2025-10-07 12:31:34.782208,WP PMA 80466,signal delay
1363,46.3,62.0,301.0,311.2,5507.420944,4.52835485809934,0.16476848659921267,55.89469070823974,2025-10-07 12:57:12.782208,WP PMA 80271,No failure
1720,25.3,197.0,298.9,310.6,5250.596521,3.299939096543838,0.1350120824501351,56.0717542190867,2025-10-07 13:11:36.782208,WP PMA 80466,No failure
1336,54.4,82.0,297.9,307.9,5397.8409,3.7647338815045117,0.06332572272560077,63.327377700015475,2025-10-07 13:19:19.782208,WP PMA 80271,No failure
1352,44.0,126.0,300.7,309.5,5336.886916,4.039023122496147,0.08963179878266249,55.290458299299345,2025-10-07 13:20:59.782208,WP PMA 80466,No failure
1530,42.3,21.0,302.3,311.5,5507.866225,30.450301760589426,1.1058661088010444,87.95387877662486,2025-10-07 13:24:54.782208,WP PMA 80271,signal delay
1684,29.3,167.0,303.8,312.6,5478.9604,45.95904206895359,1.5958608150105298,83.515013763323,2025-10-07 13:25:28.782208,WP PMA 80466,door close delay
1545,36.3,90.0,298.3,310.1,5327.5401,2.2604381992185427,0.16315228443308707,59.14150480523456,2025-10-07 13:27:11.782208,WP PMA 80466,No failure
1695,30.0,33.0,296.8,307.5,5423.144164,0.44130257427979114,0.039379941975655995,58.77481236838709,2025-10-07 13:35:21.782208,WP PMA 80466,No failure
1393,45.7,99.0,298.7,309.7,5485.920489,22.951023860642238,1.950191784586998,84.35485044656178,2025-10-07 13:36:28.782208,WP PMA 80466,door close delay
1523,43.3,60.0,301.8,310.7,5310.182641,29.49868042780217,1.669398076973442,90.49945716483931,2025-10-07 13:39:01.782208,WP PMA 80467,signal delay
1684,29.3,167.0,303.8,312.6,5478.9604,45.95904206895359,1.5958608150105298,83.515013763323,2025-10-07 13:51:59.782208,WP PMA 80467,door close delay
1502,43.2,139.0,297.6,308.3,5260.455841,45.25046550085902,0.681504933084405,84.61137984892757,2025-10-07 13:59:31.782208,WP PMA 80467,door close delay
1872,22.6,162.0,299.5,309.2,5353.117225,1.1087702207170722,0.06675857103981712,60.76490921370391,2025-10-07 14:09:22.782208,WP PMA 80466,No failure
1588,41.3,0.0,299.6,309.1,5372.157025,26.46854447660091,1.4917981431887635,95.72411595126835,2025-10-07 14:10:39.782208,WP PMA 80467,Random failure
1370,55.9,143.0,300.5,309.8,5332.942729,30.02756191796996,1.83812244626275,94.53130435072775,2025-10-07 14:40:46.782208,WP PMA 80466,door close delay
1458,46.9,23.0,300.2,309.5,5413.869241,0.21709890469184678,0.19264531084659878,55.230167562746544,2025-10-07 14:44:55.782208,WP PMA 80271,No failure
1812,25.9,174.0,298.9,309.0,5309.016769,4.850220423143667,0.07362296287131209,62.39169314562498,2025-10-07 14:50:31.782208,WP PMA 80467,No failure
1490,44.0,41.0,304.2,313.4,5489.179921,4.324948259285624,0.03956987509348664,56.79988880978736,2025-10-07 14:56:31.782208,WP PMA 80271,No failure
1449,44.5,152.0,302.3,311.7,5434.343524,29.801293682800324,1.9537263165480647,89.17307701084255,2025-10-07 15:07:59.782208,WP PMA 80271,door close delay
1415,52.1,12.0,302.6,310.4,5464.018561,4.31782790219519,0.1502477871133676,59.75566608020511,2025-10-07 15:13:19.782208,WP PMA 80466,No failure
1577,39.8,48.0,299.6,309.3,5371.4241,4.467129768693969,0.049428612530240265,64.333049138311,2025-10-07 15:17:43.782208,WP PMA 80271,No failure
1560,35.4,14.0,300.1,309.1,5416.96,3.406489653431416,0.11634805663419295,58.42857893950042,2025-10-07 15:24:37.782208,WP PMA 80466,No failure
1533,40.9,106.0,301.7,309.9,5281.510276,1.769192476075878,0.06928782830048706,57.29680780186599,2025-10-07 15:38:54.782208,WP PMA 80271,No failure
1658,30.4,170.0,300.5,311.6,5245.380625,4.265716349969451,0.14593811943059481,58.04827779244885,2025-10-07 15:59:25.782208,WP PMA 80466,No failure
1435,44.8,98.0,302.3,311.8,5508.905284,1.499253717054937,0.05088729060209367,55.45174753168665,2025-10-07 16:02:32.782208,WP PMA 80466,No failure
1436,54.1,90.0,301.4,310.7,5512.320025,48.21507638039077,1.0595772874397975,95.62059277481504,2025-10-07 16:04:33.782208,WP PMA 80271,signal delay
1759,24.6,124.0,302.5,311.4,5436.997696,1.5888877464702256,0.07584285440526313,61.35969939872829,2025-10-07 16:04:59.782208,WP PMA 80271,No failure
1433,41.8,16.0,297.7,309.0,5269.453281,3.697442012980143,0.01587253810657536,55.389008536024626,2025-10-07 16:08:28.782208,WP PMA 80467,No failure
1884,25.6,100.0,299.0,309.9,5302.7524,4.850564569511188,0.15713239366850285,62.01532386522188,2025-10-07 16:08:33.782208,WP PMA 80466,No failure
1497,47.5,27.0,297.3,308.5,5345.949456,3.5209605017431276,0.028053996558953208,63.49424499876817,2025-10-07 16:12:13.782208,WP PMA 80467,No failure
1523,43.3,60.0,301.8,310.7,5310.182641,29.49868042780217,1.669398076973442,90.49945716483931,2025-10-07 16:23:18.782208,WP PMA 80271,signal delay
1516,40.2,152.0,298.8,309.6,5462.835921,0.31974758710097717,0.1699001941294546,59.51811873899521,2025-10-07 16:24:22.782208,WP PMA 80271,No failure
1399,54.9,139.0,298.2,307.9,5305.6656,4.239297314195421,0.11619680176451795,57.221140163261516,2025-10-07 16:31:30.782208,WP PMA 80271,No failure
1344,46.7,133.0,300.6,310.9,5505.788401,3.2000920648981124,0.09596379734382562,56.16410344839451,2025-10-07 16:37:50.782208,WP PMA 80271,No failure
1425,47.8,179.0,300.0,311.1,5248.133136,31.892833073046287,0.9683666427343691,94.56991747011459,2025-10-07 17:09:54.782208,WP PMA 80271,signal delay
1475,47.9,79.0,302.4,311.0,5282.673124,37.29116374458573,1.6642971181662811,88.8607658808726,2025-10-07 17:12:11.782208,WP PMA 80467,Random failure
1413,43.5,83.0,302.2,311.5,5433.311521,46.06769449253791,1.9129662103062164,91.80974319114351,2025-10-07 17:12:50.782208,WP PMA 80466,door open delay
1818,25.1,14.0,300.4,310.5,5249.727025,3.839667662624883,0.15526101366968992,56.97905669947068,2025-10-07 17:21:38.782208,WP PMA 80466,No failure
1366,49.7,74.0,299.2,308.5,5386.238881,45.32958564048296,1.215939721799948,82.21845222297605,2025-10-07 17:31:35.782208,WP PMA 80271,signal delay
1623,33.4,74.0,297.5,309.3,5450.130625,35.32667695115313,1.498253405644066,95.89964159155058,2025-10-07 17:33:57.782208,WP PMA 80271,door close delay
1958,20.3,56.0,302.8,312.1,5268.727396,4.279187445136094,0.05607335344670021,63.95294255902754,2025-10-07 17:40:39.782208,WP PMA 80466,No failure
1301,39.6,5.0,297.3,308.3,5455.595044,2.641920839648957,0.12244184274852783,55.797133677796694,2025-10-07 17:47:59.782208,WP PMA 80467,No failure
1706,27.9,170.0,301.4,310.7,5422.260496,1.1818210933545104,0.15521770619237898,61.73592411027163,2025-10-07 18:03:17.782208,WP PMA 80467,No failure
1568,33.7,175.0,297.4,309.0,5452.493281,30.817869178878684,1.1978453154513014,94.86165932455624,2025-10-07 18:08:34.782208,WP PMA 80466,door close delay
1475,47.9,79.0,302.4,311.0,5282.673124,37.29116374458573,1.6642971181662811,88.8607658808726,2025-10-07 18:14:27.782208,WP PMA 80271,Random failure
1588,33.4,204.0,297.1,308.4,5416.224025,38.83808741520501,1.6968130959118022,95.07069908070774,2025-10-07 18:15:45.782208,WP PMA 80466,door open delay
1588,33.4,204.0,297.1,308.4,5416.224025,38.83808741520501,1.6968130959118022,95.07069908070774,2025-10-07 18:36:48.782208,WP PMA 80467,door open delay
1370,55.9,143.0,300.5,309.8,5332.942729,30.02756191796996,1.83812244626275,94.53130435072775,2025-10-07 18:39:22.782208,WP PMA 80271,door close delay
1393,55.9,79.0,298.0,309.0,5281.074241,38.304028882010535,1.803235441130456,87.01367158265482,2025-10-07 19:20:27.782208,WP PMA 80271,door open delay
1563,33.7,143.0,298.8,309.8,5465.201329,1.167903820888947,0.14718043359809085,64.16928218985598,2025-10-07 19:27:44.782208,WP PMA 80466,No failure
1686,29.1,60.0,298.1,309.9,5446.144804,43.922000807869985,1.3483092713247107,80.57454392069313,2025-10-07 19:45:57.782208,WP PMA 80271,door close delay
1401,54.1,118.0,299.7,309.2,5370.104961,0.40287127037977355,0.023457791990264078,59.32954300528331,2025-10-07 19:51:47.782208,WP PMA 80467,No failure
1614,31.6,84.0,301.0,310.4,5516.0329,4.738775089122845,0.13541569281050694,60.524602580582254,2025-10-07 19:55:22.782208,WP PMA 80271,No failure
1523,34.7,181.0,301.7,310.5,5431.69,21.90800351979119,1.6851328885107058,85.86132528801342,2025-10-07 20:00:39.782208,WP PMA 80466,door open delay
1643,33.8,132.0,297.4,308.5,5263.212304,2.710738117062548,0.15190656628817872,56.75407732674439,2025-10-07 20:02:59.782208,WP PMA 80467,No failure
1454,36.6,0.0,302.0,310.8,5284.853809,0.8256468795724772,0.013637594564173388,55.228227910035415,2025-10-07 20:13:41.782208,WP PMA 80466,No failure
1366,49.7,74.0,299.2,308.5,5386.238881,45.32958564048296,1.215939721799948,82.21845222297605,2025-10-07 20:16:55.782208,WP PMA 80271,signal delay
1626,36.7,210.0,298.0,308.7,5356.483344,1.8868125422866975,0.10502377050438558,60.59766571184163,2025-10-07 20:37:27.782208,WP PMA 80271,No failure
1474,39.7,64.0,299.6,310.9,5246.1049,4.039335480740743,0.11835702387382308,61.151701216609645,2025-10-07 20:49:36.782208,WP PMA 80466,No failure
1486,38.9,106.0,300.7,310.9,5518.558369,27.887507757506174,1.9882297442715522,90.94967991009187,2025-10-07 21:40:51.782208,WP PMA 80271,door close delay
2737,8.8,142.0,298.9,310.2,5352.824569,4.972232374231845,0.1826850986691393,61.2942489846548,2025-10-07 21:41:36.782208,WP PMA 80467,No failure
1505,34.9,7.0,300.7,309.6,5335.279849,3.1055778015705156,0.17326056399357997,64.5272802491552,2025-10-07 21:49:14.782208,WP PMA 80271,No failure
1434,47.9,189.0,301.7,309.9,5456.924641,1.9156249704927215,0.07689605114664881,59.69989958971976,2025-10-07 21:52:09.782208,WP PMA 80271,No failure
1431,39.3,22.0,300.7,310.7,5263.357401,45.30621408858687,1.6214025308819116,97.16558546598277,2025-10-07 21:59:25.782208,WP PMA 80271,door open delay
1475,47.9,79.0,302.4,311.0,5282.673124,37.29116374458573,1.6642971181662811,88.8607658808726,2025-10-07 22:12:37.782208,WP PMA 80271,Random failure
2010,18.9,86.0,296.9,307.9,5333.234841,1.1844574752675434,0.13961118503764297,60.55340886972464,2025-10-07 22:19:54.782208,WP PMA 80466,No failure
1427,52.8,75.0,300.6,310.6,5264.082916,1.0835467471893534,0.18451185431817235,62.89345629315545,2025-10-07 22:28:23.782208,WP PMA 80467,No failure
1581,47.4,51.0,298.1,308.7,5470.525369,49.33111180790905,0.5420956171257758,97.1445135404005,2025-10-07 22:28:27.782208,WP PMA 80271,door close delay
1470,37.7,98.0,300.6,310.5,5252.045841,1.071563291136717,0.06386005674153646,62.44699025972082,2025-10-07 22:29:25.782208,WP PMA 80467,No failure
1572,33.4,20.0,299.6,309.2,5371.863849,4.50485913527528,0.06161069893801124,57.91608955722152,2025-10-07 22:46:41.782208,WP PMA 80467,No failure
1438,51.0,106.0,302.6,311.0,5282.527761,23.436251011580417,1.008899545945385,91.43758397735473,2025-10-07 22:50:18.782208,WP PMA 80271,signal delay
1667,30.4,92.0,298.7,309.7,5252.045841,2.0759587964193136,0.10882056711969527,59.87771054729031,2025-10-07 22:55:58.782208,WP PMA 80271,No failure
1577,40.0,181.0,299.0,310.3,5255.670016,0.4255100058216622,0.08962554520207262,60.47929075546656,2025-10-07 22:56:42.782208,WP PMA 80271,No failure
1539,42.2,134.0,297.4,309.4,5325.204676,0.16763676362912033,0.0776216904448219,64.26812541765037,2025-10-07 22:59:12.782208,WP PMA 80271,No failure
1530,42.3,21.0,302.3,311.5,5507.866225,30.450301760589426,1.1058661088010444,87.95387877662486,2025-10-07 23:18:31.782208,WP PMA 80466,signal delay
1490,33.6,71.0,298.8,308.7,5354.726976,3.3652657863887625,0.1144564904501558,59.92621628987047,2025-10-07 23:18:41.782208,WP PMA 80467,No failure
1581,47.4,51.0,298.1,308.7,5470.525369,49.33111180790905,0.5420956171257758,97.1445135404005,2025-10-07 23:36:39.782208,WP PMA 80467,door close delay
1439,47.1,149.0,298.6,309.4,5289.6529,1.4284180743258037,0.06914293849274146,58.09618811836146,2025-10-07 23:47:13.782208,WP PMA 80271,No failure
1535,38.6,34.0,302.0,310.6,5454.561025,3.588225672250306,0.07760529707133608,59.70658894526918,2025-10-07 23:49:31.782208,WP PMA 80271,No failure
1539,34.2,13.0,302.0,310.9,5284.853809,3.9010249599580913,0.09388547887588287,55.56203270732963,2025-10-07 23:50:34.782208,WP PMA 80467,No failure
1484,39.2,8.0,298.8,308.4,5461.357801,38.09016038139223,0.9003470073560125,93.988876876617,2025-10-07 23:58:26.782208,WP PMA 80271,signal delay
1298,63.9,59.0,303.4,311.9,5477.332081,2.0289728914679483,0.017498907783551797,60.83423782454851,2025-10-08 00:05:24.782208,WP PMA 80466,No failure
1528,37.1,99.0,298.8,310.3,5410.043809,4.487060165500857,0.12097170514013797,64.96308510397637,2025-10-08 00:12:31.782208,WP PMA 80466,No failure
1484,44.3,173.0,298.3,309.7,5258.280196,4.692563310715899,0.09263443022674529,64.23296885158406,2025-10-08 00:13:39.782208,WP PMA 80467,No failure
1319,60.3,36.0,299.1,308.2,5382.276496,0.3931358070425517,0.10152975155980219,58.240042958303306,2025-10-08 00:17:30.782208,WP PMA 80271,No failure
1559,39.7,24.0,300.1,309.4,5401.221049,32.44510658974924,1.7117118145834187,97.35954246520838,2025-10-08 00:25:58.782208,WP PMA 80466,door open delay
1505,37.3,100.0,297.9,307.8,5397.547024,0.719671113735753,0.19326340260187747,61.400051828093154,2025-10-08 01:14:51.782208,WP PMA 80271,No failure
1480,39.9,176.0,303.9,313.0,5273.809641,4.630963180863484,0.034254223643695646,61.79101516244667,2025-10-08 01:23:13.782208,WP PMA 80467,No failure
1623,33.4,74.0,297.5,309.3,5450.130625,35.32667695115313,1.498253405644066,95.89964159155058,2025-10-08 01:29:53.782208,WP PMA 80466,door close delay
1387,57.6,50.0,298.6,309.6,5464.462084,31.02007056378983,1.924982620112702,85.77319677094144,2025-10-08 01:36:41.782208,WP PMA 80467,signal delay
1477,43.6,196.0,302.1,311.3,5434.933284,3.290887680586099,0.10790246614189977,60.76454096537145,2025-10-08 01:37:23.782208,WP PMA 80271,No failure
1372,60.1,212.0,300.6,311.9,5246.974096,1.175312903105513,0.18987261876578476,62.19537908430892,2025-10-08 01:42:41.782208,WP PMA 80271,No failure
1509,46.6,95.0,300.3,309.6,5342.001921,1.3064511235342038,0.1943225222065822,63.50633242471637,2025-10-08 01:43:06.782208,WP PMA 80466,No failure
1488,40.3,148.0,299.2,308.5,5361.314841,3.4374047075279623,0.12686684094360534,64.3274466010669,2025-10-08 01:45:31.782208,WP PMA 80271,No failure
1546,43.4,29.0,301.8,310.8,5306.976801,1.5657250798458286,0.18324869874676566,62.79884997698727,2025-10-08 02:08:18.782208,WP PMA 80466,No failure
1758,26.4,4.0,302.2,311.3,5299.548804,4.462397265403918,0.12077075938386463,57.04540332661857,2025-10-08 02:24:57.782208,WP PMA 80466,No failure
1367,57.8,92.0,298.4,308.1,5368.639441,2.5832727777149107,0.044548698296943544,55.679087356773664,2025-10-08 02:29:43.782208,WP PMA 80466,No failure
1686,28.9,59.0,301.7,310.2,5281.800976,41.80940364666146,1.806523433807369,93.02853967611605,2025-10-08 02:36:54.782208,WP PMA 80466,door open delay
1370,55.9,143.0,300.5,309.8,5332.942729,30.02756191796996,1.83812244626275,94.53130435072775,2025-10-08 02:41:55.782208,WP PMA 80466,door close delay
1460,39.6,162.0,300.4,311.7,5244.366724,1.9392722401048155,0.06822443201633521,57.45402002530956,2025-10-08 02:50:15.782208,WP PMA 80467,No failure
1573,36.6,15.0,301.9,310.6,5454.265609,2.536248477071325,0.14870784411569896,57.71659057021522,2025-10-08 02:51:37.782208,WP PMA 80466,No failure
1467,46.2,219.0,299.8,309.4,5397.547024,2.608902090957584,0.147585157422314,57.42882256711161,2025-10-08 02:52:05.782208,WP PMA 80466,No failure
1336,58.2,110.0,302.0,310.4,5449.3924,4.400155065393305,0.18237621976813936,55.22403625961445,2025-10-08 02:57:59.782208,WP PMA 80466,No failure
1438,51.0,106.0,302.6,311.0,5282.527761,23.436251011580417,1.008899545945385,91.43758397735473,2025-10-08 03:05:32.782208,WP PMA 80467,signal delay
1393,45.7,99.0,298.7,309.7,5485.920489,22.951023860642238,1.950191784586998,84.35485044656178,2025-10-08 03:11:23.782208,WP PMA 80466,door close delay
1432,43.6,127.0,300.2,311.5,5244.221889,1.4442995072165365,0.1304431266419938,55.75689084314868,2025-10-08 03:21:07.782208,WP PMA 80466,No failure
1393,45.7,99.0,298.7,309.7,5485.920489,22.951023860642238,1.950191784586998,84.35485044656178,2025-10-08 03:25:55.782208,WP PMA 80271,door close delay
1892,21.8,177.0,301.9,310.5,5450.425929,43.654580946114876,0.9529393734897191,97.87179433207908,2025-10-08 03:35:07.782208,WP PMA 80271,door close delay
1414,50.2,51.0,295.9,306.6,5434.343524,27.145965124586027,1.2118314560594747,98.77282882670414,2025-10-08 03:38:03.782208,WP PMA 80466,door close delay
1481,41.1,215.0,302.5,311.5,5441.275225,1.0435227266283855,0.08633707389051604,55.43773619624228,2025-10-08 03:46:28.782208,WP PMA 80466,No failure
1522,38.0,33.0,297.4,308.6,5418.873769,43.959348730009694,1.0402470399825932,82.86441012075419,2025-10-08 03:48:34.782208,WP PMA 80271,door close delay
1688,32.4,91.0,298.2,307.7,5363.658169,2.297669464928633,0.09223914126383052,57.29331390030689,2025-10-08 04:25:52.782208,WP PMA 80467,No failure
1355,51.4,76.0,297.0,308.1,5418.284881,21.531168293332144,1.2389006808121412,85.78997715095218,2025-10-08 04:45:42.782208,WP PMA 80467,Random failure
1566,32.6,9.0,303.7,312.9,5270.905201,4.073861702839566,0.13007752302019288,58.82211196922931,2025-10-08 05:00:38.782208,WP PMA 80466,No failure
1559,39.7,24.0,300.1,309.4,5401.221049,32.44510658974924,1.7117118145834187,97.35954246520838,2025-10-08 05:12:14.782208,WP PMA 80271,door open delay
1475,47.9,79.0,302.4,311.0,5282.673124,37.29116374458573,1.6642971181662811,88.8607658808726,2025-10-08 05:24:09.782208,WP PMA 80467,Random failure
1806,27.6,64.0,298.4,309.3,5259.440484,1.8983433416876545,0.11733181291041436,63.860064328948596,2025-10-08 05:30:48.782208,WP PMA 80467,No failure
1623,33.5,154.0,299.0,308.5,5384.184129,1.0215069314849736,0.018256929832831226,61.173821379784656,2025-10-08 05:31:50.782208,WP PMA 80466,No failure
1543,38.9,37.0,300.4,309.5,5411.0736,3.9554537650791537,0.12870965279664928,59.005944514820534,2025-10-08 05:34:03.782208,WP PMA 80271,No failure
1915,22.3,116.0,303.6,312.3,5275.843225,30.152304086590867,1.3571095834850015,96.856841139973,2025-10-08 05:34:24.782208,WP PMA 80466,door close delay
1514,37.9,9.0,298.0,308.2,5463.575056,46.10254144113112,0.6079530709041836,88.48324434748507,2025-10-08 06:06:54.782208,WP PMA 80271,signal delay
1871,26.0,132.0,301.9,311.0,5308.871044,1.0964114643427407,0.10558317162599379,55.65337850705095,2025-10-08 06:09:50.782208,WP PMA 80467,No failure
1713,23.5,50.0,304.2,313.4,5489.3281,2.6245283726549,0.09258048683865744,59.52302381171676,2025-10-08 06:19:46.782208,WP PMA 80466,No failure
1447,47.9,188.0,297.2,308.5,5263.937809,1.40224598895903,0.06202413123584237,64.13719202638025,2025-10-08 06:26:29.782208,WP PMA 80466,No failure
1741,28.0,21.0,298.5,309.0,5307.268201,3.9961163177593235,0.14513900675440725,58.76400943434226,2025-10-08 06:40:37.782208,WP PMA 80271,No failure
1622,37.2,103.0,297.5,308.3,5457.958884,47.56231038168288,0.695912273194448,80.02490348311116,2025-10-08 06:42:01.782208,WP PMA 80271,Random failure
1411,49.5,110.0,302.5,310.3,5279.620921,3.791557281003347,0.017069990643167724,60.19888962815729,2025-10-08 06:48:40.782208,WP PMA 80271,No failure
2026,20.3,26.0,300.4,311.3,5496.591321,4.42311389381184,0.1330037431493572,57.15984269678711,2025-10-08 07:08:58.782208,WP PMA 80466,No failure
1789,25.5,114.0,300.9,311.2,5252.770576,29.099466842190104,1.738325870197019,93.84443719569134,2025-10-08 07:15:13.782208,WP PMA 80466,signal delay
1531,36.8,62.0,299.6,310.1,5500.002244,0.2890333257751525,0.164677880511089,62.792461868953694,2025-10-08 07:22:01.782208,WP PMA 80467,No failure
1334,48.0,42.0,298.6,310.0,5410.926481,44.6921753251622,1.7757381645190178,97.48377633205858,2025-10-08 07:27:08.782208,WP PMA 80466,door open delay
1463,44.0,140.0,303.3,312.6,5270.469604,4.488802043129364,0.177811312635153,59.4012182876643,2025-10-08 07:35:03.782208,WP PMA 80271,No failure
1375,42.7,58.0,298.9,309.3,5474.816064,36.69009158864943,0.8981628206628844,98.64108579120862,2025-10-08 07:37:37.782208,WP PMA 80466,door close delay
1431,47.7,39.0,300.0,309.6,5398.281729,4.7288210120810215,0.19904760622546383,61.661922538624765,2025-10-08 07:37:58.782208,WP PMA 80466,No failure
1381,44.9,88.0,299.4,309.0,5374.502721,0.35147088547634897,0.060773826484156045,56.04415691884524,2025-10-08 07:40:54.782208,WP PMA 80466,No failure
1553,40.9,49.0,298.1,310.0,5446.44,39.88486834584302,0.8926006580844067,94.3083083829584,2025-10-08 07:44:48.782208,WP PMA 80466,door close delay
1587,32.3,30.0,298.0,308.1,5463.131569,2.0774992889377857,0.17513370470148915,56.958077856182726,2025-10-08 07:48:48.782208,WP PMA 80466,No failure
1744,31.5,0.0,299.0,310.2,5296.346176,28.026300229149285,1.337665464463818,86.65910951714694,2025-10-08 07:49:57.782208,WP PMA 80466,Random failure
1623,33.4,74.0,297.5,309.3,5450.130625,35.32667695115313,1.498253405644066,95.89964159155058,2025-10-08 07:54:34.782208,WP PMA 80271,door close delay
1514,37.9,9.0,298.0,308.2,5463.575056,46.10254144113112,0.6079530709041836,88.48324434748507,2025-10-08 08:03:01.782208,WP PMA 80467,signal delay
1376,39.0,181.0,297.4,308.9,5478.220225,2.7190898423243794,0.08480891242094013,61.242631040023184,2025-10-08 08:11:37.782208,WP PMA 80467,No failure
1583,35.7,116.0,298.8,310.2,5352.3856,37.92661578444592,0.6317103864251624,92.65824473217468,2025-10-08 08:16:03.782208,WP PMA 80467,door open delay
1509,35.0,205.0,304.4,313.7,5488.439056,0.420000413311891,0.08544131788794057,64.55146304435641,2025-10-08 08:37:22.782208,WP PMA 80271,No failure
1671,31.6,137.0,301.7,310.8,5316.888889,29.42162169453939,1.7513437119216573,96.732082886829,2025-10-08 08:58:41.782208,WP PMA 80271,door open delay
1489,40.6,89.0,298.2,309.0,5259.875625,26.47058142682505,1.4778885915777045,89.33932847526452,2025-10-08 09:12:29.782208,WP PMA 80466,door open delay
1268,55.8,155.0,298.8,308.6,5469.194116,2.811394058476233,0.1703873244710825,58.62452160759913,2025-10-08 09:21:39.782208,WP PMA 80271,No failure
1319,48.1,26.0,300.4,309.6,5330.898169,0.9355359894940228,0.027223397849792268,62.16475709734082,2025-10-08 09:23:30.782208,WP PMA 80271,No failure
1588,40.4,190.0,297.2,308.5,5480.588961,1.7851515660204988,0.02700230368898468,58.076646641142055,2025-10-08 09:24:44.782208,WP PMA 80467,No failure
1762,26.1,154.0,297.3,308.1,5276.714881,3.0954223385831514,0.18200143937284136,60.472086532129765,2025-10-08 09:32:10.782208,WP PMA 80467,No failure
1337,54.6,87.0,295.8,306.3,5336.010304,4.473712194223639,0.16223315967774635,64.89652424610048,2025-10-08 09:45:40.782208,WP PMA 80467,No failure
1446,36.6,227.0,297.1,308.1,5419.609924,43.297600346955875,1.571528479618523,90.93819912138767,2025-10-08 09:47:19.782208,WP PMA 80271,door close delay
1418,44.1,118.0,303.6,312.7,5274.971641,3.1732182234378112,0.11791879961155269,58.4096963984258,2025-10-08 09:52:14.782208,WP PMA 80466,No failure
1665,29.6,0.0,303.9,313.1,5491.551025,4.753387819139782,0.0132200043080223,59.76731677285217,2025-10-08 10:15:31.782208,WP PMA 80271,No failure
1615,29.5,15.0,298.0,308.0,5463.427225,0.11608668563836838,0.047645192807503796,62.19386897882143,2025-10-08 10:50:04.782208,WP PMA 80467,No failure
1473,39.9,184.0,298.4,308.3,5468.6025,26.055495263783655,1.7852296960269574,95.2760721632894,2025-10-08 11:03:25.782208,WP PMA 80467,door close delay
1582,40.3,103.0,298.5,309.6,5349.313321,2.946847980041124,0.01184251287897828,56.317421023442314,2025-10-08 11:09:14.782208,WP PMA 80466,No failure
1843,24.2,212.0,296.8,308.1,5439.800025,4.512875233308493,0.15060968576901088,60.488432070245096,2025-10-08 11:13:26.782208,WP PMA 80271,No failure
1571,37.7,,297.4,308.3,5456.7769,0.5973081707506637,0.1857930598236361,63.50848736330255,2025-10-08 11:32:22.782208,WP PMA 80466,No failure
1609,27.6,108.0,300.7,310.6,5252.045841,27.408002308158085,1.5516235058130665,90.91280030971026,2025-10-08 11:43:42.782208,WP PMA 80466,door close delay
1366,49.7,74.0,299.2,308.5,5386.238881,45.32958564048296,1.215939721799948,82.21845222297605,2025-10-08 11:47:50.782208,WP PMA 80466,signal delay
1942,20.5,155.0,301.5,310.7,5257.265049,1.5443256114095247,0.11869510675929767,57.50394022126135,2025-10-08 11:49:59.782208,WP PMA 80467,No failure
1357,49.7,104.0,297.6,308.8,5330.314081,4.471283411702089,0.11515112293497327,56.91382808205402,2025-10-08 12:28:16.782208,WP PMA 80466,No failure
1498,44.0,155.0,300.7,312.1,5491.995664,2.320076790452971,0.18781414152534848,63.76475791460804,2025-10-08 12:41:25.782208,WP PMA 80271,No failure
1439,46.4,114.0,297.4,308.6,5330.4601,2.86700769379549,0.13370998999364309,60.577912414671566,2025-10-08 12:51:41.782208,WP PMA 80467,No failure
1579,33.4,50.0,296.7,307.9,5438.177536,29.652550279830812,1.5245415270414138,90.68371500473029,2025-10-08 13:00:06.782208,WP PMA 80467,signal delay
1522,40.3,32.0,298.6,310.0,5483.994916,4.583656275323911,0.10365017267474998,64.60366236146969,2025-10-08 13:14:20.782208,WP PMA 80466,No failure
1588,33.4,204.0,297.1,308.4,5416.224025,38.83808741520501,1.6968130959118022,95.07069908070774,2025-10-08 13:17:35.782208,WP PMA 80466,door open delay
1686,29.1,60.0,298.1,309.9,5446.144804,43.922000807869985,1.3483092713247107,80.57454392069313,2025-10-08 13:49:33.782208,WP PMA 80466,door close delay
1334,48.0,42.0,298.6,310.0,5410.926481,44.6921753251622,1.7757381645190178,97.48377633205858,2025-10-08 14:33:26.782208,WP PMA 80467,door open delay
1827,24.3,153.0,298.4,308.5,5465.201329,1.4271124545568534,0.013972050140247418,63.91113381304585,2025-10-08 14:34:15.782208,WP PMA 80466,No failure
1615,33.7,193.0,299.2,309.0,5394.168025,4.319808439714236,0.04618458134832326,59.68844954580004,2025-10-08 14:37:28.782208,WP PMA 80271,No failure
1470,42.6,44.0,297.6,307.2,5368.053289,4.92414178341639,0.02359925899560035,62.867496602417816,2025-10-08 14:39:07.782208,WP PMA 80467,No failure
1653,31.7,100.0,299.0,308.6,5358.532804,3.588802842800753,0.06268548086334846,62.013390181459954,2025-10-08 14:51:11.782208,WP PMA 80466,No failure
1440,39.5,146.0,302.7,311.1,5456.333689,0.6209851934700584,0.18265176783418785,61.552520992733804,2025-10-08 14:57:55.782208,WP PMA 80467,No failure
1597,37.2,16.0,295.5,306.0,5431.100416,27.77411025179005,1.0458909826573568,84.61157931227865,2025-10-08 14:59:23.782208,WP PMA 80466,door open delay
1708,24.8,17.0,301.9,310.4,5283.8361,2.0685340216879666,0.041622645078472326,60.77337835881927,2025-10-08 15:05:14.782208,WP PMA 80271,No failure
1514,45.0,113.0,303.8,313.0,5274.100129,0.1663950770435882,0.16988318361674534,55.66654950564072,2025-10-08 15:09:40.782208,WP PMA 80271,No failure
1492,42.2,85.0,301.7,310.6,5305.811281,0.2520009704331204,0.1988744794419627,63.76000100058638,2025-10-08 15:16:15.782208,WP PMA 80466,No failure
1593,34.5,162.0,301.5,310.8,5265.679225,1.8057123891011486,0.10680002462608566,55.76229323433232,2025-10-08 15:17:43.782208,WP PMA 80271,No failure
1426,45.5,16.0,300.8,311.7,5491.402816,0.28334716671769117,0.020038161953470496,59.99604758300457,2025-10-08 15:19:15.782208,WP PMA 80466,No failure
1446,40.0,160.0,298.7,309.5,5468.898304,3.664779389007239,0.06596976948217569,55.392775155531254,2025-10-08 15:28:59.782208,WP PMA 80466,No failure
1258,69.4,119.0,299.3,308.9,5377.435561,0.7967353621680177,0.1315199975082433,62.52786268300434,2025-10-08 15:35:37.782208,WP PMA 80467,No failure
1568,33.7,175.0,297.4,309.0,5452.493281,30.817869178878684,1.1978453154513014,94.86165932455624,2025-10-08 16:01:34.782208,WP PMA 80467,door close delay
1441,36.2,169.0,299.1,308.6,5365.269504,0.44650363598299336,0.1454124263740011,55.15552123354163,2025-10-08 16:11:27.782208,WP PMA 80271,No failure
1886,23.0,198.0,299.0,308.5,5388.000409,3.7814710233553717,0.16664976125024827,57.14428167227145,2025-10-08 16:16:00.782208,WP PMA 80271,No failure
1483,41.5,96.0,299.0,310.4,5249.437209,3.92951318099658,0.16618854777949624,63.30400059757732,2025-10-08 16:49:05.782208,WP PMA 80466,No failure
1407,43.9,111.0,301.1,310.6,5261.036089,0.10755886298690853,0.12474911968629564,58.63340075843443,2025-10-08 16:55:29.782208,WP PMA 80466,No failure
1526,35.3,46.0,300.2,309.4,5330.4601,21.583542943926396,0.7296964552860199,87.23862919341,2025-10-08 17:08:21.782208,WP PMA 80271,signal delay
1665,29.6,20.0,298.1,308.5,5469.637849,37.238730558246914,1.0025553265776534,99.00835330996256,2025-10-08 17:09:59.782208,WP PMA 80271,Random failure
1475,40.4,126.0,302.4,311.4,5443.193284,1.8529099133532674,0.120473244150995,57.89432758730225,2025-10-08 17:26:42.782208,WP PMA 80467,No failure
1508,36.9,5.0,302.4,312.0,5268.146724,1.3595515198074337,0.17156648746847802,60.53481896805749,2025-10-08 17:40:46.782208,WP PMA 80466,No failure
1478,38.6,141.0,301.8,310.5,5304.791556,37.28807496496765,1.3246250892014255,81.75641095592287,2025-10-08 17:43:29.782208,WP PMA 80467,door close delay
1534,37.9,88.0,295.8,306.5,5338.640356,4.490211783238255,0.17093722934852856,64.86143144694785,2025-10-08 17:47:25.782208,WP PMA 80271,No failure
1615,30.8,,296.1,307.2,5434.785841,2.001427248708527,0.07767168728556599,60.29550900509027,2025-10-08 17:50:55.782208,WP PMA 80467,No failure
1414,50.2,51.0,295.9,306.6,5434.343524,27.145965124586027,1.2118314560594747,98.77282882670414,2025-10-08 17:52:44.782208,WP PMA 80466,door close delay
1350,51.7,18.0,300.5,311.9,5243.2081,3.910392897351894,0.024544965456647545,58.28295529776012,2025-10-08 18:02:41.782208,WP PMA 80467,No failure
1738,27.7,96.0,297.7,308.4,5286.598681,1.7325011084871815,0.12754159864065803,59.21225472372116,2025-10-08 18:17:18.782208,WP PMA 80466,No failure
1526,35.3,46.0,300.2,309.4,5330.4601,21.583542943926396,0.7296964552860199,87.23862919341,2025-10-08 18:20:39.782208,WP PMA 80467,signal delay
1729,30.2,53.0,300.9,310.8,5261.326225,0.7318525751444988,0.19236541290581324,62.87122888574622,2025-10-08 18:22:48.782208,WP PMA 80271,No failure
1375,57.2,20.0,301.0,310.8,5519.0041,1.3216520885866825,0.15619536054092253,58.30186169583231,2025-10-08 18:36:32.782208,WP PMA 80467,No failure
1792,27.9,217.0,298.0,307.5,5362.193529,3.4129207686306913,0.18484474524265182,61.570356782032995,2025-10-08 18:54:55.782208,WP PMA 80271,No failure
1525,38.0,209.0,303.8,312.5,5479.404529,1.400762570769442,0.10836869682779887,55.18986541857471,2025-10-08 19:12:19.782208,WP PMA 80271,No failure
1517,46.1,145.0,301.0,310.4,5515.587289,3.542988754424448,0.02077326358503652,55.66781625062926,2025-10-08 19:16:48.782208,WP PMA 80467,No failure
1375,42.7,58.0,298.9,309.3,5474.816064,36.69009158864943,0.8981628206628844,98.64108579120862,2025-10-08 19:18:30.782208,WP PMA 80466,door close delay
1754,26.9,209.0,302.9,312.3,5270.179216,31.064126655309654,0.7271846408765829,96.36983679144254,2025-10-08 19:23:26.782208,WP PMA 80271,signal delay
1496,38.3,99.0,300.7,311.0,5263.067209,1.2454763902586392,0.19134022069991152,62.11159230710643,2025-10-08 19:29:56.782208,WP PMA 80467,No failure
1553,36.8,97.0,298.8,310.3,5410.043809,3.9453855526156265,0.06022868050022157,59.80465407631225,2025-10-08 19:48:53.782208,WP PMA 80467,No failure
1485,40.5,188.0,300.2,310.1,5503.117489,44.27777270700361,1.00731822680138,85.07467411154907,2025-10-08 19:51:07.782208,WP PMA 80271,door close delay
1734,32.4,161.0,299.0,308.6,5390.4964,36.16471629499442,0.9531873013492951,95.43673005245326,2025-10-08 19:55:38.782208,WP PMA 80466,Random failure
1366,49.7,74.0,299.2,308.5,5386.238881,45.32958564048296,1.215939721799948,82.21845222297605,2025-10-08 20:04:31.782208,WP PMA 80467,signal delay
1393,55.9,79.0,298.0,309.0,5281.074241,38.304028882010535,1.803235441130456,87.01367158265482,2025-10-08 20:15:29.782208,WP PMA 80466,door open delay
1505,39.6,102.0,301.2,312.4,5241.904801,2.8569767573782254,0.05730092987446223,63.035065227896155,2025-10-08 20:18:14.782208,WP PMA 80467,No failure
1497,38.4,28.0,302.1,311.3,5435.670529,26.28941107100395,1.7209206689441916,99.77365236649493,2025-10-08 20:24:18.782208,WP PMA 80467,door close delay
1561,35.3,156.0,301.6,310.4,5256.395001,1.9649410032960812,0.03890862669190993,57.031890194696935,2025-10-08 20:32:07.782208,WP PMA 80466,No failure
1623,33.4,74.0,297.5,309.3,5450.130625,35.32667695115313,1.498253405644066,95.89964159155058,2025-10-08 20:33:02.782208,WP PMA 80467,door close delay
1372,58.2,65.0,299.8,309.2,5398.722576,0.2496626465706984,0.17754960328340244,62.925970088190105,2025-10-08 20:51:03.782208,WP PMA 80271,No failure
1470,40.9,125.0,301.1,311.1,5262.0516,1.0688717172978563,0.17587142961360838,57.46220288330741,2025-10-08 20:59:46.782208,WP PMA 80271,No failure
1455,44.9,107.0,298.8,310.2,5409.896704,4.0401463896502445,0.031735687773697015,57.14934346546428,2025-10-08 21:02:17.782208,WP PMA 80466,No failure
1526,35.3,46.0,300.2,309.4,5330.4601,21.583542943926396,0.7296964552860199,87.23862919341,2025-10-08 21:04:08.782208,WP PMA 80466,signal delay
1565,38.9,12.0,303.5,311.9,5276.279044,2.770410329612962,0.010661677097538779,55.26655187507251,2025-10-08 21:17:13.782208,WP PMA 80466,No failure
1530,42.3,21.0,302.3,311.5,5507.866225,30.450301760589426,1.1058661088010444,87.95387877662486,2025-10-08 21:22:43.782208,WP PMA 80466,signal delay
1686,30.4,53.0,298.9,308.2,5388.881281,3.272703143350867,0.05655616245772083,59.28036829065594,2025-10-08 21:23:40.782208,WP PMA 80466,No failure
1640,34.2,142.0,297.4,308.8,5440.980169,1.2343016603684127,0.16523685584774853,58.743560067136144,2025-10-08 22:10:05.782208,WP PMA 80467,No failure
1366,49.7,74.0,299.2,308.5,5386.238881,45.32958564048296,1.215939721799948,82.21845222297605,2025-10-08 22:16:49.782208,WP PMA 80467,signal delay
1436,54.1,90.0,301.4,310.7,5257.555081,2.8977894726817923,0.04680746288952805,55.30009336596331,2025-10-08 22:27:04.782208,WP PMA 80271,No failure
1486,48.6,75.0,297.4,308.5,5267.8564,2.434085779050003,0.1614477130338635,64.32520990402074,2025-10-08 22:36:08.782208,WP PMA 80271,No failure
1948,19.7,66.0,302.0,310.8,5284.563025,42.5210758051029,1.9285960490927083,90.59359876216341,2025-10-08 22:38:03.782208,WP PMA 80466,door open delay
1377,46.7,36.0,300.7,310.7,5252.335729,3.365247241713428,0.1415223722948396,60.14539546457387,2025-10-08 22:40:53.782208,WP PMA 80467,No failure
1622,37.2,103.0,297.5,308.3,5457.958884,47.56231038168288,0.695912273194448,80.02490348311116,2025-10-08 22:43:19.782208,WP PMA 80466,Random failure
1719,31.9,0.0,301.9,309.7,5460.766609,4.165659000347672,0.11698129726070237,60.097640584947186,2025-10-08 22:47:15.782208,WP PMA 80271,No failure
1777,24.3,200.0,298.0,308.1,5314.847409,1.9661876965595826,0.010724870535792509,56.11431531926381,2025-10-08 23:06:06.782208,WP PMA 80466,No failure
1528,46.3,203.0,296.7,308.1,5331.628324,27.188963976400803,1.6875662775840243,86.29292509365149,2025-10-08 23:07:15.782208,WP PMA 80467,signal delay
1433,48.4,178.0,303.9,313.0,5485.179844,3.5428716771062714,0.1348933361191706,55.55956900343981,2025-10-08 23:13:49.782208,WP PMA 80466,No failure
1375,46.4,48.0,298.7,308.5,5373.476416,26.69484987609539,0.88461271440945,80.9906377364198,2025-10-08 23:15:59.782208,WP PMA 80466,door close delay
1415,43.4,0.0,299.1,308.5,5360.436225,4.540815966756859,0.08677110543287504,59.19414037663033,2025-10-08 23:23:54.782208,WP PMA 80466,No failure
1744,31.5,0.0,299.0,310.2,5296.346176,28.026300229149285,1.337665464463818,86.65910951714694,2025-10-08 23:25:39.782208,WP PMA 80466,Random failure
1429,50.1,84.0,299.1,308.8,5354.580625,0.722687410966931,0.0716397364942319,61.17273404622009,2025-10-08 23:32:35.782208,WP PMA 80466,No failure
1522,38.0,33.0,297.4,308.6,5418.873769,43.959348730009694,1.0402470399825932,82.86441012075419,2025-10-08 23:35:19.782208,WP PMA 80467,door close delay
1477,40.4,138.0,299.5,309.3,5377.582224,4.810858705032253,0.048822186058666256,58.361025723585506,2025-10-08 23:41:15.782208,WP PMA 80466,No failure
1332,60.2,147.0,298.2,309.2,5404.896324,2.883265116077189,0.07285549768916788,55.09686084383059,2025-10-08 23:53:36.782208,WP PMA 80466,No failure
1613,36.9,231.0,300.4,310.2,5520.341401,0.6468319350154124,0.10965714512115274,57.65599040455946,2025-10-09 00:14:26.782208,WP PMA 80271,No failure
1505,43.6,78.0,301.2,310.5,5512.320025,3.165776254839084,0.12909653775172797,59.74534131459264,2025-10-09 00:16:57.782208,WP PMA 80271,No failure
1743,26.2,71.0,301.7,310.6,5430.068721,3.4152519377776964,0.08659575850254214,61.01274288647329,2025-10-09 00:20:22.782208,WP PMA 80467,No failure
1419,47.4,142.0,298.1,307.7,5381.249449,0.6243705754422026,0.05050747808082583,56.96697412479774,2025-10-09 00:21:01.782208,WP PMA 80271,No failure
1537,37.6,175.0,298.6,309.3,5284.853809,47.63082184931335,1.103793640179266,89.40004843997045,2025-10-09 00:21:44.782208,WP PMA 80466,signal delay
1416,46.0,128.0,304.0,313.2,5272.2121,44.99963458848886,1.0455234908797713,94.8928400794894,2025-10-09 00:27:06.782208,WP PMA 80271,door close delay
1513,40.0,51.0,300.4,311.7,5244.077056,25.14323664801961,0.5049198162018053,96.51196761417759,2025-10-09 00:40:48.782208,WP PMA 80467,door close delay
1574,34.1,215.0,302.1,311.0,5284.999204,0.9254285468467353,0.04388895697540139,61.43826272903472,2025-10-09 00:45:15.782208,WP PMA 80271,No failure
1474,43.7,162.0,297.2,308.0,5475.852001,0.2654262504670998,0.06673240403814507,56.998880428243744,2025-10-09 00:45:59.782208,WP PMA 80466,No failure
1383,48.7,147.0,295.6,306.1,5432.574436,42.06220479764772,0.8198605991308731,86.20096073009861,2025-10-09 00:56:26.782208,WP PMA 80466,door close delay
2047,17.9,178.0,301.0,310.9,5519.301264,1.082136344620089,0.1619284139570964,62.75312909565291,2025-10-09 01:11:21.782208,WP PMA 80271,No failure
1492,46.1,89.0,303.5,313.0,5271.486025,2.236959221589046,0.04528460902437715,62.448028037324626,2025-10-09 01:14:11.782208,WP PMA 80466,No failure
1518,35.0,90.0,300.9,311.2,5507.272521,2.810743737759103,0.10589978658732846,62.28690725533005,2025-10-09 01:17:00.782208,WP PMA 80271,No failure
1483,41.9,47.0,297.4,308.3,5476.592016,2.6151656238965235,0.11184928810393689,64.34277614296333,2025-10-09 01:23:28.782208,WP PMA 80466,No failure
1530,40.2,65.0,298.1,309.5,5414.752225,3.4186654932532066,0.12564499632063947,59.55018207455491,2025-10-09 01:41:08.782208,WP PMA 80271,No failure
1423,49.5,200.0,298.7,309.1,5462.540281,44.33656037912953,1.588388563096027,90.18336290840858,2025-10-09 01:42:01.782208,WP PMA 80271,door open delay
1353,49.8,182.0,299.9,309.2,5413.133476,29.662009234732807,1.229492610046293,92.09581103221204,2025-10-09 01:42:12.782208,WP PMA 80271,drive delay
1440,39.1,188.0,299.2,308.8,5364.830025,28.70156658921013,1.8130553264197087,85.95014107372285,2025-10-09 02:06:00.782208,WP PMA 80467,Random failure
1541,33.7,165.0,297.6,309.7,5325.642529,42.66027321379279,0.5957421488515693,81.39217013180169,2025-10-09 02:10:20.782208,WP PMA 80466,door close delay
1662,26.9,183.0,297.1,307.9,5277.150736,23.362238882353317,1.8939072927671246,84.03490101665102,2025-10-09 02:20:18.782208,WP PMA 80271,signal delay
1416,46.0,128.0,304.0,313.2,5272.2121,44.99963458848886,1.0455234908797713,94.8928400794894,2025-10-09 02:28:05.782208,WP PMA 80467,door close delay
1686,28.9,59.0,301.7,310.2,5281.800976,41.80940364666146,1.806523433807369,93.02853967611605,2025-10-09 02:48:22.782208,WP PMA 80271,door open delay
1355,51.4,76.0,297.0,308.1,5418.284881,21.531168293332144,1.2389006808121412,85.78997715095218,2025-10-09 03:13:25.782208,WP PMA 80467,Random failure
1597,37.2,16.0,295.5,306.0,5431.100416,27.77411025179005,1.0458909826573568,84.61157931227865,2025-10-09 03:17:34.782208,WP PMA 80467,door open delay
1504,40.3,204.0,302.8,312.3,5497.481025,1.8680731743000822,0.1331571757219234,64.79626873713651,2025-10-09 03:24:17.782208,WP PMA 80466,No failure
1476,40.1,85.0,303.6,311.7,5471.412961,3.3092503739078665,0.08250560610820835,59.51732170234323,2025-10-09 03:25:45.782208,WP PMA 80467,No failure
1589,36.0,190.0,299.7,310.8,5467.419364,24.81802571081649,1.7230158856927384,92.27456179038798,2025-10-09 03:26:38.782208,WP PMA 80271,drive delay
1521,37.2,131.0,299.6,311.1,5467.715136,46.673454718591316,1.420389399153339,95.87920103880379,2025-10-09 03:31:36.782208,WP PMA 80467,door close delay
1709,32.3,64.0,300.5,311.4,5494.960384,2.304346426786777,0.12789998814921172,57.71620076348355,2025-10-09 03:35:51.782208,WP PMA 80466,No failure
1352,52.6,12.0,297.5,308.6,5479.108441,0.4811568587012709,0.14542423998438728,59.409099854310014,2025-10-09 03:36:33.782208,WP PMA 80466,No failure
1430,43.1,80.0,298.6,309.8,5483.698704,3.394393842667956,0.1560751884373579,59.93811066134784,2025-10-09 03:57:00.782208,WP PMA 80467,No failure
1648,29.6,157.0,302.0,310.3,5284.272249,45.846751847405464,1.916727041356644,80.06354773317213,2025-10-09 04:03:02.782208,WP PMA 80271,drive delay
1486,46.6,98.0,297.2,308.6,5265.534096,3.603852336139348,0.016622269693779296,58.061603227982744,2025-10-09 04:19:51.782208,WP PMA 80271,No failure
1777,30.1,38.0,300.8,310.3,5504.007721,4.582473016558874,0.06137318424741715,56.39333915684288,2025-10-09 04:22:41.782208,WP PMA 80467,No failure
1449,44.4,34.0,297.3,308.4,5272.357321,0.38451888627328334,0.08593240916851017,64.11559292300775,2025-10-09 04:26:54.782208,WP PMA 80466,No failure
1661,38.2,82.0,298.1,309.0,5482.513936,35.00952125655859,1.783869388811883,99.12664194372854,2025-10-09 04:35:10.782208,WP PMA 80466,door open delay
1392,52.9,173.0,301.0,310.9,5254.365169,41.6977753684972,0.7231161539905369,99.45713980477058,2025-10-09 04:38:30.782208,WP PMA 80466,signal delay
1315,48.9,127.0,298.5,309.5,5355.458761,41.06519945448606,1.6344147895833567,95.67090294936038,2025-10-09 04:51:34.782208,WP PMA 80467,door close delay
1407,45.1,176.0,298.6,309.4,5301.004864,0.8051305955441042,0.16206512876977047,60.40000968988226,2025-10-09 05:04:52.782208,WP PMA 80467,No failure
1279,53.1,9.0,298.4,308.1,5372.89,3.660277318979659,0.03159514849812307,59.3352942429673,2025-10-09 05:05:43.782208,WP PMA 80271,No failure
1789,24.4,163.0,303.9,312.7,5481.9216,2.5365760020383834,0.07573323142134243,63.779877517545366,2025-10-09 05:09:47.782208,WP PMA 80271,No failure
1366,49.7,74.0,299.2,308.5,5386.238881,45.32958564048296,1.215939721799948,82.21845222297605,2025-10-09 05:10:30.782208,WP PMA 80467,signal delay
1752,25.2,77.0,298.1,309.3,5270.179216,4.10898543457715,0.19395236977725536,64.5099675395228,2025-10-09 05:22:25.782208,WP PMA 80466,No failure
1413,45.5,64.0,298.8,309.8,5297.073961,3.2186586572737155,0.02688393091268646,60.24407479619705,2025-10-09 05:24:03.782208,WP PMA 80466,No failure
1487,46.2,150.0,297.4,308.4,5279.4756,1.0983641573079288,0.17549686560578218,62.505683322671246,2025-10-09 05:43:21.782208,WP PMA 80466,No failure
1606,34.5,156.0,302.0,309.9,5281.364929,1.5393362526050824,0.1464514688201993,60.70811036729858,2025-10-09 06:24:37.782208,WP PMA 80466,No failure
1578,33.0,181.0,301.4,310.6,5257.120036,3.98701219317594,0.05787242375393639,61.701897237547904,2025-10-09 06:28:12.782208,WP PMA 80466,No failure
1468,43.6,38.0,302.2,310.0,5280.9289,0.38089435452505405,0.020528263987934434,63.40002517646775,2025-10-09 06:30:46.782208,WP PMA 80271,No failure
1959,22.3,157.0,303.5,311.7,5472.448576,29.43254792505012,0.8841722655722568,98.0943208432986,2025-10-09 06:35:45.782208,WP PMA 80271,signal delay
1407,42.5,145.0,297.5,308.7,5480.737024,3.4562532017686736,0.05590098036452736,61.34701688656976,2025-10-09 06:47:56.782208,WP PMA 80271,No failure
1547,37.3,25.0,297.8,309.7,5326.810225,4.515803749852686,0.09684582581897565,64.88563465340884,2025-10-09 06:53:30.782208,WP PMA 80467,No failure
1326,62.0,142.0,299.4,309.1,5393.4336,0.27778592857496676,0.0676026803929502,55.68783198589614,2025-10-09 06:53:34.782208,WP PMA 80467,No failure
1710,31.4,180.0,303.6,312.5,5476.0,4.3993328335825685,0.16375331365474344,56.38402439057977,2025-10-09 07:20:33.782208,WP PMA 80466,No failure
1661,34.2,109.0,296.7,307.4,5476.148001,39.530100823585144,1.8141870939694895,80.63461521403563,2025-10-09 07:22:25.782208,WP PMA 80466,door open delay
1659,31.5,44.0,299.5,310.1,5500.150569,1.0885986216282433,0.16266055260392923,60.262227705383,2025-10-09 07:24:24.782208,WP PMA 80466,No failure
1475,47.9,79.0,302.4,311.0,5282.673124,37.29116374458573,1.6642971181662811,88.8607658808726,2025-10-09 07:49:52.782208,WP PMA 80467,Random failure
1681,28.6,206.0,300.4,309.9,5515.290225,3.638000440451911,0.1323419749921994,61.13916364622675,2025-10-09 07:51:51.782208,WP PMA 80271,No failure
1366,49.7,74.0,299.2,308.5,5386.238881,45.32958564048296,1.215939721799948,82.21845222297605,2025-10-09 07:52:27.782208,WP PMA 80271,signal delay
1483,45.4,192.0,298.8,310.1,5298.820849,2.8517430716240697,0.022509336333690733,58.162687883683994,2025-10-09 08:05:53.782208,WP PMA 80466,No failure
1614,36.2,108.0,299.7,310.4,5248.422916,2.9932034628748405,0.17154376469908766,58.33732978621451,2025-10-09 08:25:19.782208,WP PMA 80466,No failure
1378,50.4,220.0,299.2,308.5,5364.244081,0.957531184775478,0.14146337203503084,57.78675606666128,2025-10-09 08:34:34.782208,WP PMA 80271,No failure
1729,31.7,204.0,297.4,308.1,5481.773521,0.6354928569468226,0.10473506179298195,62.99183603330203,2025-10-09 08:37:04.782208,WP PMA 80467,No failure
1523,40.9,141.0,299.3,310.8,5467.715136,32.60338432946594,1.4731501023736493,97.8371124133434,2025-10-09 08:47:51.782208,WP PMA 80466,door open delay
1296,58.2,204.0,300.7,310.8,5519.895616,27.436796098274527,0.7212085399904014,97.85767216446325,2025-10-09 08:57:01.782208,WP PMA 80466,door open delay
1409,51.8,16.0,303.3,311.3,5277.150736,3.4275102104327932,0.05852115117070341,63.23061533947714,2025-10-09 09:01:01.782208,WP PMA 80467,No failure
1620,34.1,89.0,299.2,308.4,5386.385664,45.8446025594114,0.5034314840442716,96.88632719093115,2025-10-09 09:20:29.782208,WP PMA 80271,door open delay
1393,45.7,99.0,298.7,309.7,5485.920489,22.951023860642238,1.950191784586998,84.35485044656178,2025-10-09 09:21:59.782208,WP PMA 80466,door close delay
1563,32.8,51.0,298.1,309.9,5446.44,23.249154431791236,1.3895731218270553,92.09673056674498,2025-10-09 09:40:14.782208,WP PMA 80467,door close delay
1557,31.6,52.0,300.8,310.9,5520.044209,23.535299894024025,1.8677102114598112,91.6199465983229,2025-10-09 09:45:17.782208,WP PMA 80467,door open delay
1485,44.7,78.0,299.3,308.5,5386.238881,49.70602106127978,1.9413985931935809,83.94842601473823,2025-10-09 09:59:03.782208,WP PMA 80271,signal delay
1414,50.2,51.0,295.9,306.6,5434.343524,27.145965124586027,1.2118314560594747,98.77282882670414,2025-10-09 10:08:12.782208,WP PMA 80467,door close delay
1547,34.5,152.0,301.0,311.7,5506.975681,2.279072669132962,0.14313353701901746,61.88464617834356,2025-10-09 10:32:33.782208,WP PMA 80271,No failure
1416,61.8,209.0,300.7,310.4,5504.304481,21.449680119185427,1.6055801123947226,87.14991297931678,2025-10-09 11:00:20.782208,WP PMA 80467,signal delay
1371,50.2,109.0,300.3,311.4,5497.332736,4.290191196577642,0.03877064147368061,55.59153618529719,2025-10-09 11:03:40.782208,WP PMA 80466,No failure
1447,39.6,22.0,299.2,308.9,5394.9025,3.5904603141903215,0.11340043774583633,62.90561336769246,2025-10-09 11:11:23.782208,WP PMA 80466,No failure
1249,60.4,143.0,297.7,308.7,5457.220129,4.464776450868119,0.04721150222353274,64.63783498893669,2025-10-09 11:14:00.782208,WP PMA 80271,No failure
1336,54.4,52.0,300.3,310.4,5517.815524,4.456614137106386,0.037749394518834245,58.47835912134443,2025-10-09 11:31:39.782208,WP PMA 80271,No failure
1413,43.5,83.0,302.2,311.5,5433.311521,46.06769449253791,1.9129662103062164,91.80974319114351,2025-10-09 11:31:54.782208,WP PMA 80467,door open delay
1375,42.7,58.0,298.9,309.3,5474.816064,36.69009158864943,0.8981628206628844,98.64108579120862,2025-10-09 11:39:35.782208,WP PMA 80466,door close delay
1449,46.5,26.0,298.6,309.3,5259.005361,2.99270144132468,0.014231594276423343,57.42694286255664,2025-10-09 11:57:32.782208,WP PMA 80271,No failure
1438,58.9,22.0,303.4,311.8,5476.888036,1.171607501957366,0.14009303495330588,62.20663839383692,2025-10-09 12:06:11.782208,WP PMA 80271,No failure
1703,31.4,205.0,297.6,308.4,5317.763929,0.7957339385829845,0.17803961034945365,60.818391912894235,2025-10-09 12:08:45.782208,WP PMA 80467,No failure
1686,29.1,60.0,298.1,309.9,5327.248144,0.8410944441494067,0.08779164321619294,60.747034624501985,2025-10-09 12:10:47.782208,WP PMA 80466,No failure
1314,42.4,198.0,300.7,310.7,5263.647601,4.420446951527214,0.19264281642017017,61.28479992942109,2025-10-09 12:11:29.782208,WP PMA 80466,No failure
1514,37.9,9.0,298.0,308.2,5463.575056,46.10254144113112,0.6079530709041836,88.48324434748507,2025-10-09 12:25:45.782208,WP PMA 80271,signal delay
1403,48.4,70.0,296.4,307.4,5341.124889,0.7203914154154932,0.022283450725184346,55.8914368226144,2025-10-09 12:35:00.782208,WP PMA 80271,No failure
1606,33.6,67.0,298.3,308.5,5466.827844,44.7178826205094,1.1768198578144409,82.56248054352427,2025-10-09 12:39:02.782208,WP PMA 80467,drive delay
1494,39.5,24.0,301.6,310.7,5511.429121,2.9715274977337662,0.06538492333177062,59.79460176817704,2025-10-09 12:39:04.782208,WP PMA 80467,No failure
1422,43.6,78.0,298.9,310.0,5297.219524,4.639201399947311,0.09565675748129077,58.05998801684971,2025-10-09 12:48:24.782208,WP PMA 80467,No failure
1549,40.8,139.0,298.4,309.3,5284.417636,1.454951281975978,0.06964737300857161,57.61898128609853,2025-10-09 13:05:37.782208,WP PMA 80271,No failure
1314,47.8,,298.0,307.8,5370.544656,2.8170006580962363,0.07203635544807106,56.883198805364685,2025-10-09 13:17:59.782208,WP PMA 80271,No failure
1534,38.6,3.0,302.5,312.1,5268.146724,2.4438876106701084,0.14524902928917333,58.5504856856822,2025-10-09 13:40:10.782208,WP PMA 80467,No failure
1632,33.7,172.0,299.8,310.0,5501.930625,4.938277854746242,0.13908900754024203,61.08110909497483,2025-10-09 13:43:22.782208,WP PMA 80467,No failure
1366,45.1,143.0,303.8,312.5,5481.625444,2.6971568829181454,0.04469803809787797,59.48260798462175,2025-10-09 13:46:58.782208,WP PMA 80467,No failure
1501,44.0,128.0,303.5,312.9,5271.340816,4.2606354570108405,0.08406281835477082,55.68241957962495,2025-10-09 13:56:53.782208,WP PMA 80466,No failure
1600,32.8,205.0,301.5,310.5,5257.120036,32.84282188032643,0.9163814461292255,84.44969552431002,2025-10-09 14:01:18.782208,WP PMA 80466,signal delay
1550,34.9,111.0,301.0,312.3,5241.76,40.43445593905051,1.6685544741278708,90.85306688363391,2025-10-09 14:12:55.782208,WP PMA 80466,door open delay
1800,24.3,158.0,303.9,312.7,5481.773521,0.7076595713816435,0.10554972200762192,57.35570867858541,2025-10-09 14:13:16.782208,WP PMA 80271,No failure
2440,14.0,166.0,297.2,308.5,5347.558129,1.4568417101141815,0.17808093063306502,61.451639767994344,2025-10-09 14:24:47.782208,WP PMA 80271,No failure
2157,17.8,17.0,302.0,310.7,5282.963856,26.262641810156918,1.6362138319307393,90.81689443895104,2025-10-09 14:28:10.782208,WP PMA 80271,signal delay
1613,31.4,57.0,297.9,308.8,5280.783561,1.389695345588412,0.16621727516950463,56.66117685080884,2025-10-09 14:30:10.782208,WP PMA 80466,No failure
1671,31.6,137.0,301.7,310.8,5316.888889,29.42162169453939,1.7513437119216573,96.732082886829,2025-10-09 14:41:30.782208,WP PMA 80466,door open delay
1393,45.7,99.0,298.7,309.7,5485.920489,22.951023860642238,1.950191784586998,84.35485044656178,2025-10-09 15:04:34.782208,WP PMA 80467,door close delay
1565,43.9,142.0,301.5,310.6,5256.395001,0.23242143588241662,0.11008789024686316,63.78859013105902,2025-10-09 15:16:20.782208,WP PMA 80271,No failure
1502,46.7,197.0,299.1,308.8,5394.314916,1.7978983160499815,0.16922367207725889,59.83540332699968,2025-10-09 15:17:13.782208,WP PMA 80466,No failure
1525,39.4,175.0,300.8,310.7,5504.452864,3.563091456289251,0.17195317675235863,58.03210732586773,2025-10-09 15:19:47.782208,WP PMA 80466,No failure
1410,47.6,79.0,297.0,308.1,5346.5344,4.740193366181331,0.13690032957418188,57.39408017267584,2025-10-09 15:20:13.782208,WP PMA 80271,No failure
1661,34.2,109.0,296.7,307.4,5476.148001,39.530100823585144,1.8141870939694895,80.63461521403563,2025-10-09 15:27:16.782208,WP PMA 80271,door open delay
1411,56.3,84.0,298.9,309.8,5302.461124,1.334549252627986,0.06859293488805714,56.14465285000318,2025-10-09 15:31:44.782208,WP PMA 80467,No failure
1532,41.7,32.0,303.5,312.3,5480.144784,2.431708923559022,0.10409956509403803,56.77369227427769,2025-10-09 15:42:29.782208,WP PMA 80467,No failure
1547,37.4,0.0,298.7,309.7,5253.3504,0.8559452587141773,0.05071251584670943,62.48007794627104,2025-10-09 15:44:36.782208,WP PMA 80271,No failure
1398,44.0,65.0,301.9,310.3,5451.902569,3.6318712057377263,0.15330437609959116,62.096764009353166,2025-10-09 15:45:06.782208,WP PMA 80466,No failure
1899,24.7,31.0,301.8,310.9,5306.831104,0.22596119229334796,0.0875336751866478,62.32971935926138,2025-10-09 15:56:02.782208,WP PMA 80271,No failure
1521,38.2,87.0,297.3,308.4,5275.988496,0.4683613264905955,0.14185534833613744,62.29530021378402,2025-10-09 16:09:48.782208,WP PMA 80467,No failure
1605,37.0,84.0,296.9,307.8,5333.234841,23.86851950907212,0.9415366239424456,83.55504684964758,2025-10-09 16:23:48.782208,WP PMA 80466,door close delay
1978,22.0,106.0,302.0,310.5,5449.3924,0.9575610657491651,0.042822166630687775,61.51848512791939,2025-10-09 16:34:33.782208,WP PMA 80271,No failure
1444,42.2,83.0,298.8,308.5,5374.062864,4.668456305373202,0.1308298967673721,59.78859733848264,2025-10-09 16:42:27.782208,WP PMA 80271,No failure
1323,51.1,130.0,297.4,308.7,5479.700625,42.30312527421579,0.671909255936029,90.0225145439153,2025-10-09 16:42:51.782208,WP PMA 80466,signal delay
1646,35.8,143.0,303.8,312.8,5276.714881,2.904758906736438,0.04457308749893136,55.2841361269677,2025-10-09 16:45:20.782208,WP PMA 80466,No failure
1375,46.4,48.0,298.7,308.5,5373.476416,26.69484987609539,0.88461271440945,80.9906377364198,2025-10-09 16:51:04.782208,WP PMA 80467,door close delay
1643,30.7,142.0,303.3,312.7,5496.591321,1.3627817770791908,0.09958703615733545,55.8308504055256,2025-10-09 16:53:55.782208,WP PMA 80466,No failure
1593,36.8,,301.5,310.4,5511.280644,3.1276320732784,0.11941550794895632,58.57898538949317,2025-10-09 16:53:58.782208,WP PMA 80271,No failure
1413,43.5,83.0,302.2,311.5,5433.311521,46.06769449253791,1.9129662103062164,91.80974319114351,2025-10-09 17:05:34.782208,WP PMA 80467,door open delay
1631,28.5,132.0,303.7,312.4,5275.843225,2.4673353323498275,0.030173613507936868,63.84280021304935,2025-10-09 17:08:01.782208,WP PMA 80466,No failure
1605,31.3,128.0,296.7,307.8,5425.059025,3.6560441523446845,0.1946167263889517,60.0781767531758,2025-10-09 17:10:51.782208,WP PMA 80466,No failure
1458,48.0,104.0,301.3,310.6,5255.525025,0.4166143231601296,0.18696606280646044,60.0169794208651,2025-10-09 17:24:51.782208,WP PMA 80466,No failure
1382,53.0,89.0,299.0,310.4,5406.219729,4.281302217773158,0.14754310033715604,55.80198820269802,2025-10-09 17:26:01.782208,WP PMA 80466,No failure
1457,44.5,14.0,301.3,311.2,5514.102049,1.3807925089515356,0.040799789357789364,61.585017833252785,2025-10-09 17:40:22.782208,WP PMA 80271,No failure
1426,45.5,16.0,300.8,311.7,5242.194409,4.822449315711221,0.09056340571821442,61.574987703999284,2025-10-09 17:47:59.782208,WP PMA 80271,No failure
1472,47.6,75.0,300.6,310.9,5519.895616,1.8694900551420137,0.0861771451238095,59.495085473986435,2025-10-09 17:50:48.782208,WP PMA 80271,No failure
1476,45.2,91.0,297.9,307.9,5360.729089,3.4368390923432472,0.17571676003595696,64.08892465547787,2025-10-09 18:03:02.782208,WP PMA 80271,No failure
1489,40.7,141.0,297.5,308.2,5482.069681,0.16221112600078585,0.09398113545339504,63.44536206308582,2025-10-09 18:27:20.782208,WP PMA 80271,No failure
1334,48.0,42.0,298.6,310.0,5410.926481,44.6921753251622,1.7757381645190178,97.48377633205858,2025-10-09 18:34:33.782208,WP PMA 80466,door open delay
1451,53.6,194.0,302.5,310.4,5466.679969,36.78689161924535,0.6298700216043418,95.66295953662588,2025-10-09 18:36:16.782208,WP PMA 80467,Random failure
1417,39.2,65.0,298.1,308.9,5402.544004,42.18444491739179,0.8419734264000982,90.26619371204663,2025-10-09 18:38:02.782208,WP PMA 80466,door close delay
1417,39.2,65.0,298.1,308.9,5402.544004,42.18444491739179,0.8419734264000982,90.26619371204663,2025-10-09 18:40:01.782208,WP PMA 80467,door close delay
1588,41.3,0.0,299.6,309.1,5372.157025,26.46854447660091,1.4917981431887635,95.72411595126835,2025-10-09 18:44:43.782208,WP PMA 80466,Random failure
1804,25.1,118.0,298.1,308.9,5284.126864,39.21335321839662,1.9275975390562305,80.33006919824466,2025-10-09 19:03:35.782208,WP PMA 80467,door open delay
1365,47.7,70.0,301.3,310.5,5420.640625,2.3800457277453604,0.15220153247566895,62.409772722369794,2025-10-09 19:03:39.782208,WP PMA 80271,No failure
1329,55.2,143.0,300.1,309.4,5328.708004,0.25254014970872374,0.06264902912943074,63.29786738793032,2025-10-09 19:21:43.782208,WP PMA 80467,No failure
1417,39.2,65.0,298.1,308.9,5402.544004,42.18444491739179,0.8419734264000982,90.26619371204663,2025-10-09 19:27:53.782208,WP PMA 80467,door close delay
1514,37.9,9.0,298.0,308.2,5463.575056,46.10254144113112,0.6079530709041836,88.48324434748507,2025-10-09 19:29:53.782208,WP PMA 80271,signal delay
1670,29.4,134.0,300.6,312.0,5494.663876,0.851279493303105,0.08589583742799926,57.05058029970291,2025-10-09 19:34:46.782208,WP PMA 80467,No failure
1371,53.8,228.0,299.0,310.4,5350.9225,2.81403400578593,0.058569585241340566,62.091126725691055,2025-10-09 19:40:07.782208,WP PMA 80467,No failure
1557,31.6,52.0,300.8,310.9,5520.044209,23.535299894024025,1.8677102114598112,91.6199465983229,2025-10-09 19:51:51.782208,WP PMA 80466,door open delay
1869,22.9,18.0,301.6,310.0,5457.663376,0.6215657369723545,0.1412671456452031,61.33238726703693,2025-10-09 19:53:30.782208,WP PMA 80271,No failure
1707,33.6,158.0,300.3,311.7,5498.2225,1.6702553484548952,0.06720334068173132,58.39831025464018,2025-10-09 20:03:27.782208,WP PMA 80271,No failure
1570,35.3,159.0,298.1,308.0,5361.607729,2.772695198597729,0.053389947983024474,55.31479229869683,2025-10-09 20:10:53.782208,WP PMA 80467,No failure
1341,49.2,208.0,297.8,309.7,5447.768481,46.183917584260286,1.0201454764390876,92.46166290911955,2025-10-09 20:15:37.782208,WP PMA 80271,signal delay
1592,35.8,57.0,297.6,309.6,5324.329024,0.4398744380550349,0.10354704735198317,63.17161137006705,2025-10-09 20:33:04.782208,WP PMA 80466,No failure
1375,42.7,58.0,298.9,309.3,5474.816064,36.69009158864943,0.8981628206628844,98.64108579120862,2025-10-09 20:45:36.782208,WP PMA 80466,door close delay
1924,22.4,36.0,300.8,310.7,5518.855521,4.361789934668616,0.0952642355294852,64.23907359159782,2025-10-09 20:46:16.782208,WP PMA 80466,No failure
1348,53.0,35.0,300.7,311.3,5506.382025,0.4382971906272932,0.17851550170853622,60.77742473216971,2025-10-09 20:51:18.782208,WP PMA 80271,No failure
1410,45.8,71.0,298.1,308.1,5382.569956,27.52074409551031,0.5276270527141842,96.37082823466986,2025-10-09 21:00:19.782208,WP PMA 80271,drive delay
1605,37.0,84.0,296.9,307.8,5333.234841,23.86851950907212,0.9415366239424456,83.55504684964758,2025-10-09 21:05:57.782208,WP PMA 80271,door close delay
1471,48.3,91.0,298.3,309.0,5482.365849,1.7559898638697733,0.13957011860090338,56.16707390980384,2025-10-09 21:17:34.782208,WP PMA 80466,No failure
1754,26.9,209.0,302.9,312.3,5270.179216,31.064126655309654,0.7271846408765829,96.36983679144254,2025-10-09 21:20:02.782208,WP PMA 80271,signal delay
1630,36.0,169.0,302.2,311.2,5446.735204,3.6143452339975095,0.06058982472849248,62.9821629272907,2025-10-09 21:25:38.782208,WP PMA 80466,No failure
1521,37.2,131.0,299.6,311.1,5467.715136,46.673454718591316,1.420389399153339,95.87920103880379,2025-10-09 21:28:40.782208,WP PMA 80466,door close delay
1959,22.3,157.0,303.5,311.7,5472.448576,29.43254792505012,0.8841722655722568,98.0943208432986,2025-10-09 21:33:09.782208,WP PMA 80271,signal delay
1606,33.6,67.0,298.3,308.5,5466.827844,44.7178826205094,1.1768198578144409,82.56248054352427,2025-10-09 21:34:17.782208,WP PMA 80271,drive delay
1473,42.6,107.0,298.0,308.3,5316.597225,3.2497703351177494,0.03540582095178993,59.28851705672363,2025-10-09 21:40:13.782208,WP PMA 80466,No failure
1341,49.2,208.0,297.8,309.7,5447.768481,46.183917584260286,1.0201454764390876,92.46166290911955,2025-10-09 21:41:12.782208,WP PMA 80467,signal delay
1294,49.7,126.0,299.9,309.6,5349.898449,2.4516276629806115,0.13368248732231777,58.02971469164681,2025-10-09 21:48:39.782208,WP PMA 80466,No failure
1563,32.8,51.0,298.1,309.9,5446.44,23.249154431791236,1.3895731218270553,92.09673056674498,2025-10-09 21:51:36.782208,WP PMA 80467,door close delay
1435,40.3,197.0,297.5,308.3,5481.773521,0.23141928461537792,0.07472245806929266,55.608707715320435,2025-10-09 22:05:27.782208,WP PMA 80466,No failure
1501,44.0,128.0,303.5,312.9,5493.477924,0.5739288570755339,0.15732486418779337,59.69380495559896,2025-10-09 22:20:08.782208,WP PMA 80467,No failure
1358,60.4,102.0,300.5,310.0,5513.508009,3.348452112426895,0.066849464392352,63.09781982207877,2025-10-09 22:27:31.782208,WP PMA 80467,No failure
1802,24.4,151.0,299.9,311.3,5243.642569,1.0741087614325406,0.13159308262480254,62.85299128612961,2025-10-09 22:31:51.782208,WP PMA 80466,No failure
1515,43.8,6.0,298.1,308.4,5469.637849,4.263818011229848,0.14149415734214751,59.993293296967934,2025-10-09 22:42:18.782208,WP PMA 80467,No failure
1485,45.9,100.0,300.1,309.7,5514.696121,2.6836372957135475,0.04229032734440345,55.816917940780286,2025-10-09 22:54:01.782208,WP PMA 80467,No failure
1523,34.7,181.0,301.7,310.5,5431.69,21.90800351979119,1.6851328885107058,85.86132528801342,2025-10-09 22:57:11.782208,WP PMA 80271,door open delay
1587,37.3,203.0,298.6,309.1,5462.540281,4.426962607574579,0.1201278476680038,61.98683650099812,2025-10-09 22:58:44.782208,WP PMA 80467,No failure
1574,38.7,30.0,302.5,312.2,5268.001561,45.14604826414569,0.6896049610735586,92.43308617994987,2025-10-09 23:06:13.782208,WP PMA 80467,signal delay
1587,33.8,57.0,301.5,310.5,5256.830016,2.104862969431216,0.11101099604759025,58.002342959526544,2025-10-09 23:06:52.782208,WP PMA 80466,No failure
1457,40.4,213.0,301.8,310.2,5457.367876,3.638221904314208,0.11689582696734356,62.718686471876694,2025-10-09 23:19:12.782208,WP PMA 80466,No failure
1526,38.2,47.0,302.3,311.5,5445.111681,20.770653830747378,1.30602776858319,86.60692999486108,2025-10-09 23:30:37.782208,WP PMA 80467,signal delay
1911,21.5,164.0,298.5,309.4,5284.708416,2.5958806304595456,0.14167305904325458,60.27801777801971,2025-10-09 23:32:18.782208,WP PMA 80271,No failure
1358,53.1,194.0,302.0,310.6,5450.573584,1.3374106930207939,0.07927118872719222,56.7533022807237,2025-10-09 23:41:21.782208,WP PMA 80466,No failure
1356,45.8,126.0,300.1,310.5,5249.147401,4.122953420803999,0.08832989856004721,57.963788401252216,2025-10-09 23:47:36.782208,WP PMA 80271,No failure
1417,39.2,65.0,298.1,308.9,5402.544004,42.18444491739179,0.8419734264000982,90.26619371204663,2025-10-09 23:47:55.782208,WP PMA 80271,door close delay
1600,32.8,205.0,301.5,310.5,5257.120036,32.84282188032643,0.9163814461292255,84.44969552431002,2025-10-09 23:49:10.782208,WP PMA 80467,signal delay
1363,50.6,115.0,298.9,309.8,5462.983744,0.34272330025144154,0.012194047801884936,64.3154706286526,2025-10-10 00:05:01.782208,WP PMA 80467,No failure
1519,34.9,73.0,300.9,310.8,5517.369841,4.658874613262478,0.16673371377559856,57.565887267510014,2025-10-10 00:11:40.782208,WP PMA 80271,No failure
1392,46.4,174.0,297.4,308.7,5479.404529,49.82094774461507,1.7275260349496973,82.29807714007318,2025-10-10 00:14:53.782208,WP PMA 80466,signal delay
1451,40.5,168.0,299.4,308.9,5373.183204,0.879659810761439,0.16662450757259809,56.95598205506818,2025-10-10 00:38:47.782208,WP PMA 80466,No failure
1540,39.8,38.0,297.9,307.9,5359.996944,1.7335745884373956,0.051241695623605324,56.12944922876217,2025-10-10 00:39:19.782208,WP PMA 80467,No failure
1588,33.4,204.0,297.1,308.4,5416.224025,38.83808741520501,1.6968130959118022,95.07069908070774,2025-10-10 00:42:27.782208,WP PMA 80467,door open delay
1438,44.5,124.0,298.5,309.6,5405.337441,4.380424948806611,0.08250792007565234,56.55978370382518,2025-10-10 00:43:02.782208,WP PMA 80271,No failure
1417,39.2,65.0,298.1,308.9,5402.544004,42.18444491739179,0.8419734264000982,90.26619371204663,2025-10-10 00:54:38.782208,WP PMA 80271,door close delay
1695,26.7,28.0,300.5,310.5,5249.582116,31.321847723618333,0.611570596074849,91.54170591118405,2025-10-10 00:56:08.782208,WP PMA 80271,drive delay
1619,31.1,242.0,299.1,310.3,5465.940624,4.102774489389827,0.06545703304704692,57.63437089163104,2025-10-10 01:03:00.782208,WP PMA 80467,No failure
1384,54.8,48.0,303.3,311.5,5474.224144,4.848290619671149,0.07071467632180824,56.37085079905414,2025-10-10 01:12:28.782208,WP PMA 80271,No failure
1752,27.8,208.0,300.2,309.4,5416.518409,2.0383189115121993,0.04958274491539591,55.48195499114845,2025-10-10 01:16:50.782208,WP PMA 80467,No failure
1353,49.8,182.0,299.9,309.2,5413.133476,29.662009234732807,1.229492610046293,92.09581103221204,2025-10-10 01:27:09.782208,WP PMA 80271,drive delay
1502,43.2,139.0,297.6,308.3,5260.455841,45.25046550085902,0.681504933084405,84.61137984892757,2025-10-10 01:28:34.782208,WP PMA 80466,door close delay
1353,46.2,173.0,298.1,308.9,5356.044225,3.8438000500322524,0.089766574092284,57.87198607391868,2025-10-10 01:36:15.782208,WP PMA 80271,No failure
1320,57.9,168.0,300.4,311.8,5498.2225,2.51815084284307,0.1680060364734884,62.082331067834154,2025-10-10 01:41:27.782208,WP PMA 80467,No failure
1412,42.1,64.0,301.0,311.2,5507.420944,4.421289226706219,0.14843414421805085,62.91111892232078,2025-10-10 01:48:19.782208,WP PMA 80466,No failure
1565,42.8,163.0,302.4,311.1,5440.5376,4.543956657460332,0.18995213490566032,58.75856344332822,2025-10-10 01:56:15.782208,WP PMA 80466,No failure
1309,43.3,68.0,301.8,310.7,5430.068721,22.956864858730775,1.8043351812228186,97.79950059938305,2025-10-10 02:00:05.782208,WP PMA 80271,door open delay
1401,44.4,76.0,298.9,310.1,5466.975721,1.434730480029405,0.09166779717372885,59.20598539638314,2025-10-10 02:16:38.782208,WP PMA 80271,No failure
1396,47.3,158.0,303.7,312.7,5272.2121,1.4059339821799666,0.19454298056411504,58.37963934402507,2025-10-10 02:17:27.782208,WP PMA 80467,No failure
1509,47.2,202.0,300.5,311.6,5495.553424,2.8597897909874517,0.16247744688417975,60.66996362788622,2025-10-10 02:27:08.782208,WP PMA 80466,No failure
1415,44.2,106.0,296.5,307.6,5425.500964,3.4320199860055696,0.163960621184495,63.8286499848395,2025-10-10 02:38:51.782208,WP PMA 80271,No failure
1620,34.1,89.0,299.2,308.4,5386.385664,45.8446025594114,0.5034314840442716,96.88632719093115,2025-10-10 02:39:11.782208,WP PMA 80271,door open delay
1918,21.8,9.0,301.5,310.4,5426.237569,1.8636889791072593,0.13620878500346353,62.79004111063487,2025-10-10 02:39:45.782208,WP PMA 80466,No failure
1618,30.4,130.0,303.5,312.9,5271.340816,3.88248507831172,0.04959925987394642,59.31158262283392,2025-10-10 02:42:28.782208,WP PMA 80466,No failure
1370,55.9,143.0,300.5,309.8,5332.942729,30.02756191796996,1.83812244626275,94.53130435072775,2025-10-10 02:55:11.782208,WP PMA 80467,door close delay
1441,43.2,132.0,298.7,308.4,5469.489936,35.1055782720759,0.9394025035890767,81.07925966492373,2025-10-10 03:09:10.782208,WP PMA 80467,door close delay
1508,46.5,99.0,295.8,306.6,5338.786489,4.4238077545694345,0.11330208535705373,56.851720214368754,2025-10-10 03:12:33.782208,WP PMA 80271,No failure
1467,39.6,,298.4,309.1,5402.25,21.422795318204866,0.5162020865393773,91.32636453399321,2025-10-10 03:25:06.782208,WP PMA 80467,door open delay
1531,37.9,127.0,299.3,309.1,5353.8489,3.156715136293541,0.057824804765239816,63.920081689429296,2025-10-10 03:32:40.782208,WP PMA 80271,No failure
1630,29.5,51.0,301.1,311.3,5507.569369,0.869401242470413,0.011410280874355777,59.63361162017328,2025-10-10 03:33:18.782208,WP PMA 80466,No failure
1590,43.4,52.0,304.1,313.2,5273.519161,2.166742434784457,0.08542920382370485,56.41304467932071,2025-10-10 03:34:10.782208,WP PMA 80271,No failure
1459,42.1,146.0,298.0,308.2,5400.927081,3.14976277420149,0.11248933757838152,57.46044556883463,2025-10-10 03:38:58.782208,WP PMA 80467,No failure
1629,32.5,45.0,298.1,309.9,5446.587601,23.75340627019404,1.9241090702893169,87.54583502901593,2025-10-10 03:41:33.782208,WP PMA 80467,door close delay
1375,42.7,58.0,298.9,309.3,5474.816064,36.69009158864943,0.8981628206628844,98.64108579120862,2025-10-10 03:44:41.782208,WP PMA 80271,door close delay
1636,36.7,51.0,298.1,307.8,5363.072289,0.8126346077422608,0.1898212747881488,59.59998047097792,2025-10-10 03:47:38.782208,WP PMA 80466,No failure
1618,30.3,125.0,299.7,311.1,5488.290889,40.60410458568789,0.9727397823334152,91.90296894800397,2025-10-10 03:49:58.782208,WP PMA 80466,door close delay
1523,43.3,60.0,301.8,310.7,5310.182641,29.49868042780217,1.669398076973442,90.49945716483931,2025-10-10 03:53:48.782208,WP PMA 80271,signal delay
1620,35.4,199.0,299.0,308.7,5394.314916,3.328934595094441,0.14546082084338996,57.12342881423254,2025-10-10 03:58:20.782208,WP PMA 80467,No failure
1684,33.1,200.0,298.1,307.5,5391.524329,2.60523657629304,0.09192980832494171,55.99027988965244,2025-10-10 04:09:46.782208,WP PMA 80271,No failure
1738,24.0,195.0,297.5,308.9,5329.0,40.63022144617679,0.952472150300518,95.93287998331198,2025-10-10 04:16:56.782208,WP PMA 80466,door close delay
1523,43.3,60.0,301.8,310.7,5310.182641,29.49868042780217,1.669398076973442,90.49945716483931,2025-10-10 04:35:40.782208,WP PMA 80467,signal delay
1922,22.6,132.0,298.2,309.2,5472.448576,0.5034438958188359,0.08221661995909114,57.84337839603159,2025-10-10 04:36:46.782208,WP PMA 80271,No failure
1478,39.5,75.0,301.0,311.4,5507.420944,1.1045859650995755,0.16814014486191736,62.68765531030429,2025-10-10 04:38:38.782208,WP PMA 80271,No failure
1985,18.8,190.0,302.5,311.5,5288.343841,0.6165138398498051,0.13211106027278488,56.22348027093383,2025-10-10 04:39:10.782208,WP PMA 80466,No failure
1678,28.1,63.0,300.8,310.9,5518.706944,3.566224786262225,0.17768260274401712,61.88789881465299,2025-10-10 04:43:15.782208,WP PMA 80467,No failure
1701,30.4,55.0,300.9,310.8,5261.326225,0.7757855192929122,0.13291045036423677,63.8720319491407,2025-10-10 04:43:57.782208,WP PMA 80467,No failure
1695,26.7,28.0,300.5,310.5,5249.582116,31.321847723618333,0.611570596074849,91.54170591118405,2025-10-10 04:52:01.782208,WP PMA 80466,drive delay
1325,48.4,220.0,299.1,308.9,5391.230625,1.0348524094300287,0.16811810391705576,62.12407597902041,2025-10-10 04:55:26.782208,WP PMA 80467,No failure
1935,19.3,24.0,297.3,308.3,5476.740025,3.1517147420056153,0.08694030229785164,64.45570682059602,2025-10-10 04:56:17.782208,WP PMA 80467,No failure
1451,45.3,183.0,301.4,310.5,5511.874564,32.175175006445365,1.5074271932726768,89.3904760538535,2025-10-10 05:06:21.782208,WP PMA 80466,Random failure
1522,41.7,115.0,300.8,310.9,5519.747025,4.516806943182418,0.030564116739269023,64.51145084407233,2025-10-10 05:06:21.782208,WP PMA 80467,No failure
1685,28.9,179.0,299.7,309.2,5344.487236,0.5986866124856922,0.07126011317021684,62.04214818658643,2025-10-10 05:09:43.782208,WP PMA 80466,No failure
1410,45.8,71.0,298.1,308.1,5371.130944,1.4084282366301326,0.0407558010094054,55.8760167368423,2025-10-10 05:17:58.782208,WP PMA 80466,No failure
1315,48.9,127.0,298.5,309.5,5355.458761,41.06519945448606,1.6344147895833567,95.67090294936038,2025-10-10 05:24:27.782208,WP PMA 80467,door close delay
1599,41.7,116.0,301.6,310.4,5430.805636,4.855460294016705,0.06232859379860055,55.14269570602576,2025-10-10 05:36:01.782208,WP PMA 80466,No failure
1720,28.1,178.0,302.3,310.9,5440.832644,3.965402840237005,0.038218766260215295,59.91403349363712,2025-10-10 05:51:08.782208,WP PMA 80466,No failure
1588,41.3,0.0,299.6,309.1,5372.157025,26.46854447660091,1.4917981431887635,95.72411595126835,2025-10-10 06:01:46.782208,WP PMA 80271,Random failure
1497,38.4,28.0,302.1,311.3,5435.670529,26.28941107100395,1.7209206689441916,99.77365236649493,2025-10-10 06:03:25.782208,WP PMA 80271,door close delay
1794,24.4,211.0,300.6,310.3,5251.611024,2.1778917095075094,0.0958103538333032,58.304660346546484,2025-10-10 06:10:08.782208,WP PMA 80466,No failure
1486,38.9,106.0,300.7,310.9,5518.558369,27.887507757506174,1.9882297442715522,90.94967991009187,2025-10-10 06:24:33.782208,WP PMA 80271,door close delay
1613,42.5,97.0,301.6,310.6,5510.983696,1.0577906744996073,0.10354038207493488,57.24261810909195,2025-10-10 06:26:34.782208,WP PMA 80466,No failure
1462,46.0,166.0,300.9,312.1,5241.76,0.6412916851675888,0.1383560729646596,59.50027112190862,2025-10-10 06:29:31.782208,WP PMA 80466,No failure
1436,54.1,90.0,301.4,310.7,5512.320025,48.21507638039077,1.0595772874397975,95.62059277481504,2025-10-10 06:36:30.782208,WP PMA 80467,signal delay
1450,39.4,62.0,300.8,310.4,5251.321156,1.7634043161861892,0.035415019348617106,58.91724307048598,2025-10-10 06:43:45.782208,WP PMA 80467,No failure
1282,60.7,216.0,298.4,308.2,5312.223225,46.054799096900865,0.516679854665987,93.82813388686158,2025-10-10 06:48:29.782208,WP PMA 80466,door open delay
1340,55.7,204.0,301.9,310.5,5283.981481,2.8135978394185295,0.020463515036045245,58.43885532917466,2025-10-10 07:07:16.782208,WP PMA 80467,No failure
1450,44.2,63.0,298.6,309.5,5302.315489,4.5963747121365275,0.1358308335969196,61.43115602992148,2025-10-10 07:10:23.782208,WP PMA 80271,No failure
2008,17.5,3.0,296.9,307.7,5423.586025,1.841793016537549,0.06070560410313085,57.30952529209215,2025-10-10 07:17:53.782208,WP PMA 80466,No failure
1521,42.3,215.0,299.2,308.9,5356.483344,48.52642714523353,0.5951679291380665,96.63168155565477,2025-10-10 07:19:37.782208,WP PMA 80271,signal delay
1407,55.2,86.0,297.6,308.4,5318.930761,3.5333770571427263,0.15868772866879283,63.02939445854268,2025-10-10 07:20:41.782208,WP PMA 80271,No failure
1716,28.4,66.0,298.4,309.3,5482.513936,0.7390997543403321,0.15992141176412034,63.64293873179215,2025-10-10 07:24:24.782208,WP PMA 80467,No failure
1729,23.6,96.0,302.9,312.2,5505.788401,3.809432788069072,0.11494464057770307,57.34474913651561,2025-10-10 07:26:28.782208,WP PMA 80271,No failure
1431,39.3,22.0,300.7,310.7,5263.357401,45.30621408858687,1.6214025308819116,97.16558546598277,2025-10-10 07:39:13.782208,WP PMA 80271,door open delay
1395,59.1,4.0,303.3,311.4,5470.377444,2.4375362640209812,0.034146348016130895,55.75702868061913,2025-10-10 07:57:31.782208,WP PMA 80271,No failure
1550,34.9,111.0,301.0,312.3,5241.76,40.43445593905051,1.6685544741278708,90.85306688363391,2025-10-10 08:35:20.782208,WP PMA 80466,door open delay
1448,44.3,195.0,303.8,312.5,5275.552689,0.7954086832924205,0.024935146587382447,57.7866229910563,2025-10-10 08:37:05.782208,WP PMA 80271,No failure
1440,39.1,188.0,299.2,308.8,5364.830025,28.70156658921013,1.8130553264197087,85.95014107372285,2025-10-10 08:42:46.782208,WP PMA 80466,Random failure
1392,46.4,174.0,297.4,308.7,5479.404529,49.82094774461507,1.7275260349496973,82.29807714007318,2025-10-10 08:42:55.782208,WP PMA 80467,signal delay
1355,51.4,76.0,297.0,308.1,5418.284881,21.531168293332144,1.2389006808121412,85.78997715095218,2025-10-10 08:47:28.782208,WP PMA 80467,Random failure
1584,35.5,158.0,302.5,310.3,5462.983744,2.5667946160197874,0.12723809751330606,64.28235508345067,2025-10-10 09:26:18.782208,WP PMA 80271,No failure
1530,34.5,110.0,303.5,312.9,5496.294769,0.22465989550331827,0.12066439305573202,64.7001125373271,2025-10-10 09:49:53.782208,WP PMA 80466,No failure
2157,17.8,17.0,302.0,310.7,5282.963856,26.262641810156918,1.6362138319307393,90.81689443895104,2025-10-10 09:51:16.782208,WP PMA 80467,signal delay
1523,40.9,141.0,299.3,310.8,5467.715136,32.60338432946594,1.4731501023736493,97.8371124133434,2025-10-10 10:06:03.782208,WP PMA 80467,door open delay
1370,55.9,143.0,300.5,309.8,5332.942729,30.02756191796996,1.83812244626275,94.53130435072775,2025-10-10 10:10:28.782208,WP PMA 80467,door close delay
1588,33.4,204.0,297.1,308.4,5416.224025,38.83808741520501,1.6968130959118022,95.07069908070774,2025-10-10 10:15:24.782208,WP PMA 80466,door open delay
1466,49.0,66.0,302.2,311.7,5508.459961,46.56475728244531,1.788039593172544,96.4904334654153,2025-10-10 10:33:47.782208,WP PMA 80271,signal delay
1344,59.4,200.0,298.6,309.6,5253.205441,0.39646159449263196,0.18530955242185917,57.57694379655607,2025-10-10 10:33:53.782208,WP PMA 80271,No failure
1523,43.3,60.0,301.8,310.7,5310.182641,29.49868042780217,1.669398076973442,90.49945716483931,2025-10-10 10:34:16.782208,WP PMA 80467,signal delay
1557,39.3,174.0,301.4,310.9,5513.0625,0.6276824361595975,0.09281895589584102,57.45897312523125,2025-10-10 10:36:22.782208,WP PMA 80466,No failure
1705,31.2,181.0,300.6,310.7,5505.491601,0.969065158718983,0.12123142860679953,56.448724121884,2025-10-10 10:54:27.782208,WP PMA 80466,No failure
1889,23.8,170.0,301.1,311.1,5262.777025,0.5512510509219892,0.10100372296704342,56.311748086277184,2025-10-10 11:26:17.782208,WP PMA 80271,No failure
2161,16.5,105.0,295.7,306.2,5336.156401,4.69373835513469,0.08891825936030943,64.40773491080162,2025-10-10 11:29:14.782208,WP PMA 80467,No failure
1323,51.1,130.0,297.4,308.7,5479.700625,42.30312527421579,0.671909255936029,90.0225145439153,2025-10-10 11:46:07.782208,WP PMA 80466,signal delay
1400,40.8,118.0,299.6,310.8,5488.290889,1.3731781629202047,0.09327287511145642,56.743912138592655,2025-10-10 11:47:10.782208,WP PMA 80271,No failure
1436,49.0,214.0,301.8,309.6,5281.074241,0.41860800003680243,0.13999154262954971,63.81942027997714,2025-10-10 12:01:47.782208,WP PMA 80271,No failure
1497,38.4,28.0,302.1,311.3,5435.670529,26.28941107100395,1.7209206689441916,99.77365236649493,2025-10-10 12:04:17.782208,WP PMA 80466,door close delay
1500,40.6,124.0,304.0,313.2,5273.954884,4.171760651038777,0.17373634834541007,62.481570066202224,2025-10-10 12:05:40.782208,WP PMA 80467,No failure
1620,34.1,89.0,299.2,308.4,5386.385664,45.8446025594114,0.5034314840442716,96.88632719093115,2025-10-10 12:18:14.782208,WP PMA 80271,door open delay
1463,49.2,235.0,300.6,309.4,5404.455225,3.850674086801952,0.1375316155620384,57.6832490430704,2025-10-10 12:27:46.782208,WP PMA 80467,No failure
1674,30.0,54.0,297.5,308.3,5458.845456,2.1484115433376574,0.10822671342913256,58.014167139947254,2025-10-10 12:58:46.782208,WP PMA 80466,No failure
1414,50.2,51.0,295.9,306.6,5434.343524,27.145965124586027,1.2118314560594747,98.77282882670414,2025-10-10 13:01:50.782208,WP PMA 80271,door close delay
1290,57.4,119.0,300.6,309.6,5333.526961,4.421695523602856,0.12579008147289455,59.843166162217535,2025-10-10 13:21:53.782208,WP PMA 80271,No failure
1706,28.8,111.0,299.9,311.4,5493.626161,41.441868880496905,0.5863150585353729,86.83961198318863,2025-10-10 13:29:03.782208,WP PMA 80271,door close delay
1414,51.7,197.0,301.6,310.7,5422.702321,4.558863119404039,0.10913003551187656,57.43931247340327,2025-10-10 13:29:10.782208,WP PMA 80466,No failure
1354,52.2,165.0,302.3,312.0,5509.795984,3.186549124928499,0.03175517852771431,57.07380427361113,2025-10-10 13:37:14.782208,WP PMA 80271,No failure
1353,49.8,182.0,299.9,309.2,5413.133476,29.662009234732807,1.229492610046293,92.09581103221204,2025-10-10 13:40:19.782208,WP PMA 80467,drive delay
1439,51.9,188.0,297.4,308.6,5320.389481,4.278891128639014,0.14462246077514612,56.75539340124346,2025-10-10 14:14:06.782208,WP PMA 80271,No failure
1564,39.9,97.0,299.0,310.2,5294.454169,3.26640526706178,0.07102253644972736,58.36890704768618,2025-10-10 14:18:59.782208,WP PMA 80271,No failure
1693,31.6,65.0,299.1,308.4,5359.264849,1.0648182659838588,0.06329249093182202,64.49180022142033,2025-10-10 14:23:56.782208,WP PMA 80467,No failure
2344,15.2,146.0,303.8,312.5,5481.625444,2.107744041187544,0.13381887445621357,59.73169581622589,2025-10-10 14:42:47.782208,WP PMA 80467,No failure
1366,49.7,74.0,299.2,308.5,5386.238881,45.32958564048296,1.215939721799948,82.21845222297605,2025-10-10 14:59:21.782208,WP PMA 80466,signal delay
1522,38.0,33.0,297.4,308.6,5418.873769,43.959348730009694,1.0402470399825932,82.86441012075419,2025-10-10 15:11:48.782208,WP PMA 80466,door close delay
1355,45.8,60.0,297.8,307.4,5368.199824,4.533478989383781,0.05500786769247508,62.817310915499,2025-10-10 15:12:51.782208,WP PMA 80466,No failure
1589,36.0,190.0,299.7,310.8,5467.419364,24.81802571081649,1.7230158856927384,92.27456179038798,2025-10-10 15:15:54.782208,WP PMA 80466,drive delay
1550,34.9,111.0,301.0,312.3,5241.76,40.43445593905051,1.6685544741278708,90.85306688363391,2025-10-10 15:27:40.782208,WP PMA 80271,door open delay
1485,40.5,188.0,300.2,310.1,5503.117489,44.27777270700361,1.00731822680138,85.07467411154907,2025-10-10 16:01:00.782208,WP PMA 80466,door close delay
1444,40.5,170.0,298.5,308.2,5461.653409,1.2407880135599432,0.12654688306987777,61.863747005453334,2025-10-10 16:01:02.782208,WP PMA 80467,No failure
1789,25.5,114.0,300.9,311.2,5252.770576,29.099466842190104,1.738325870197019,93.84443719569134,2025-10-10 16:08:41.782208,WP PMA 80466,signal delay
1282,60.7,216.0,298.4,308.2,5312.223225,46.054799096900865,0.516679854665987,93.82813388686158,2025-10-10 16:26:15.782208,WP PMA 80466,door open delay
1486,38.9,106.0,300.7,310.9,5518.558369,27.887507757506174,1.9882297442715522,90.94967991009187,2025-10-10 16:29:44.782208,WP PMA 80466,door close delay
1441,43.2,132.0,298.7,308.4,5469.489936,35.1055782720759,0.9394025035890767,81.07925966492373,2025-10-10 16:30:41.782208,WP PMA 80466,door close delay
1506,37.2,95.0,302.6,311.0,5282.527761,0.7509232715923135,0.1677803177202479,62.2926798331309,2025-10-10 16:32:19.782208,WP PMA 80466,No failure
1286,51.1,177.0,296.3,307.2,5428.005625,23.4303106810246,1.4262639106760326,88.00815197335469,2025-10-10 16:44:33.782208,WP PMA 80467,door open delay
1600,42.1,190.0,297.4,308.5,5456.185956,39.53285650511512,1.1928274910068417,93.8165756167538,2025-10-10 16:51:04.782208,WP PMA 80467,signal delay
1691,30.3,49.0,298.1,308.7,5283.254596,4.769595976175658,0.12926541585558332,63.95608502780419,2025-10-10 17:00:06.782208,WP PMA 80466,No failure
1782,26.5,6.0,301.4,310.8,5255.090064,0.43034193382891794,0.03620125074111166,56.347010401588214,2025-10-10 17:00:08.782208,WP PMA 80466,No failure
1522,38.0,33.0,297.4,308.6,5418.873769,43.959348730009694,1.0402470399825932,82.86441012075419,2025-10-10 17:09:00.782208,WP PMA 80466,door close delay
1451,43.2,189.0,302.5,312.0,5268.291889,4.73015596342249,0.1382848076322004,62.467999614402714,2025-10-10 17:39:27.782208,WP PMA 80466,No failure
1436,45.6,9.0,303.6,312.4,5479.848676,2.238600448064636,0.1406404452873339,64.08270619109932,2025-10-10 17:50:47.782208,WP PMA 80466,No failure
1581,47.4,51.0,298.1,308.7,5470.525369,49.33111180790905,0.5420956171257758,97.1445135404005,2025-10-10 17:53:56.782208,WP PMA 80466,door close delay
1635,31.6,147.0,297.0,307.9,5344.633449,4.567613836581403,0.1489451783911935,64.98212100623128,2025-10-10 18:00:30.782208,WP PMA 80467,No failure
1464,49.1,171.0,303.9,313.4,5271.195609,49.98468948636307,0.7407190196670943,80.1908078185052,2025-10-10 18:02:02.782208,WP PMA 80466,door open delay
1538,36.8,208.0,302.5,311.1,5438.177536,2.868750099419004,0.08273271400693023,62.59467816905935,2025-10-10 18:03:58.782208,WP PMA 80466,No failure
1522,38.0,33.0,297.4,308.6,5418.873769,43.959348730009694,1.0402470399825932,82.86441012075419,2025-10-10 18:13:41.782208,WP PMA 80466,door close delay
1639,33.3,191.0,298.2,308.3,5400.045225,1.191816271518488,0.05023269235289329,63.18065042216527,2025-10-10 18:19:18.782208,WP PMA 80466,No failure
2016,19.9,199.0,302.8,310.6,5280.202225,4.894764821741479,0.011997266787554344,63.795279795567815,2025-10-10 18:30:42.782208,WP PMA 80467,No failure
1416,61.8,209.0,300.7,310.4,5504.304481,21.449680119185427,1.6055801123947226,87.14991297931678,2025-10-10 18:37:58.782208,WP PMA 80271,signal delay
1428,46.3,175.0,299.0,310.3,5350.337316,2.8464975671315065,0.019077628907437316,58.22682436955755,2025-10-10 18:46:22.782208,WP PMA 80271,No failure
1598,33.7,149.0,300.7,309.7,5336.448601,0.8812766389946636,0.1916338419808786,61.10926514019937,2025-10-10 18:55:29.782208,WP PMA 80466,No failure
1671,31.6,137.0,301.7,310.8,5316.888889,29.42162169453939,1.7513437119216573,96.732082886829,2025-10-10 19:04:06.782208,WP PMA 80467,door open delay
1509,46.6,125.0,300.3,309.9,5514.5476,20.02023079033625,0.7215698637292967,88.48214630717786,2025-10-10 19:13:55.782208,WP PMA 80467,door close delay
1674,33.0,,300.4,311.6,5244.366724,2.1731825242313363,0.06740690652293242,64.3988618550411,2025-10-10 19:43:33.782208,WP PMA 80271,No failure
1383,48.7,147.0,295.6,306.1,5432.574436,42.06220479764772,0.8198605991308731,86.20096073009861,2025-10-10 19:44:01.782208,WP PMA 80466,door close delay
1497,43.9,91.0,297.5,308.6,5481.033156,0.5046649347121924,0.18411811937079092,64.80842095754667,2025-10-10 19:52:26.782208,WP PMA 80271,No failure
1634,29.2,149.0,300.8,310.8,5262.922116,0.2688914249432971,0.1669862489505043,63.14602144149869,2025-10-10 20:01:45.782208,WP PMA 80467,No failure
1575,34.4,149.0,298.8,309.6,5462.835921,3.67859693155033,0.14844506431577087,62.71902998130116,2025-10-10 20:07:11.782208,WP PMA 80466,No failure
1494,42.6,161.0,297.4,308.6,5263.647601,2.516175599191553,0.13346988439466326,63.17583056536843,2025-10-10 20:17:50.782208,WP PMA 80466,No failure
1478,42.9,183.0,298.2,308.4,5464.609929,1.6095720799977553,0.05522502711738332,62.279035668509565,2025-10-10 20:27:22.782208,WP PMA 80467,No failure
1364,55.6,163.0,297.2,308.5,5347.558129,36.461385699506096,1.9983719108979061,90.26570522546112,2025-10-10 20:45:26.782208,WP PMA 80466,door open delay
1563,32.8,51.0,298.1,309.9,5446.44,23.249154431791236,1.3895731218270553,92.09673056674498,2025-10-10 20:45:28.782208,WP PMA 80466,door close delay
1451,53.6,194.0,302.5,310.4,5466.679969,36.78689161924535,0.6298700216043418,95.66295953662588,2025-10-10 20:48:03.782208,WP PMA 80467,Random failure
1404,46.6,119.0,303.7,312.4,5276.714881,4.567439027522605,0.16699921185972,62.52107504734846,2025-10-10 20:48:30.782208,WP PMA 80466,No failure
1452,40.8,56.0,298.1,308.1,5462.835921,3.637934611829224,0.15277973298267325,58.91707023499701,2025-10-10 20:57:03.782208,WP PMA 80466,No failure
1576,36.4,149.0,299.7,309.1,5345.218321,0.5682359391097772,0.1108425323227417,56.021209611619774,2025-10-10 21:11:42.782208,WP PMA 80271,No failure
1568,33.7,175.0,297.4,309.0,5452.493281,30.817869178878684,1.1978453154513014,94.86165932455624,2025-10-10 21:17:51.782208,WP PMA 80466,door close delay
1417,39.2,65.0,298.1,308.9,5402.544004,42.18444491739179,0.8419734264000982,90.26619371204663,2025-10-10 21:20:25.782208,WP PMA 80466,door close delay
1392,52.9,173.0,301.0,310.9,5254.365169,41.6977753684972,0.7231161539905369,99.45713980477058,2025-10-10 21:38:59.782208,WP PMA 80466,signal delay
1370,55.9,143.0,300.5,309.8,5332.942729,30.02756191796996,1.83812244626275,94.53130435072775,2025-10-10 21:42:01.782208,WP PMA 80467,door close delay
1428,39.9,88.0,304.1,313.5,5486.809329,1.5585963172574755,0.1984231529995526,57.13777182422679,2025-10-10 21:47:20.782208,WP PMA 80466,No failure
1614,30.3,161.0,300.4,309.6,5415.782464,2.1935234827640184,0.04842904133759642,58.3024751715114,2025-10-10 22:00:16.782208,WP PMA 80467,No failure
1654,29.6,188.0,296.3,307.1,5427.858276,1.332468412880822,0.0924005572431516,59.07197501983692,2025-10-10 22:03:50.782208,WP PMA 80271,No failure
1416,45.9,47.0,299.0,310.1,5291.1076,0.6938887753647419,0.18609328561589344,60.03364394573611,2025-10-10 22:11:57.782208,WP PMA 80271,No failure
2232,16.8,0.0,303.6,312.4,5275.407424,2.8466167617197886,0.05936908658066735,58.26659921046755,2025-10-10 22:21:21.782208,WP PMA 80466,No failure
1512,39.0,75.0,299.1,309.5,5307.851025,2.006738886354366,0.01629549334504902,63.20907744198281,2025-10-10 22:34:58.782208,WP PMA 80467,No failure
1440,42.4,190.0,297.4,308.0,5274.535876,3.0335196634146446,0.08351335824522917,60.08912174382263,2025-10-10 22:36:22.782208,WP PMA 80271,No failure
1467,39.6,,298.4,309.1,5402.25,21.422795318204866,0.5162020865393773,91.32636453399321,2025-10-10 22:37:01.782208,WP PMA 80466,door open delay
1441,43.2,132.0,298.7,308.4,5469.489936,35.1055782720759,0.9394025035890767,81.07925966492373,2025-10-10 22:46:28.782208,WP PMA 80466,door close delay
1487,39.5,30.0,298.9,308.9,5471.5609,2.433674992897074,0.16865342993023932,64.35104756980303,2025-10-10 22:55:56.782208,WP PMA 80467,No failure
1427,50.3,137.0,300.7,311.1,5505.788401,2.98722268589952,0.02205783116628699,57.50483809698356,2025-10-10 23:09:45.782208,WP PMA 80271,No failure
1413,43.5,83.0,302.2,311.5,5433.311521,46.06769449253791,1.9129662103062164,91.80974319114351,2025-10-10 23:19:48.782208,WP PMA 80467,door open delay
1370,52.5,107.0,300.9,310.9,5262.0516,0.7899264827090737,0.07452824087532284,61.59362806456584,2025-10-10 23:22:47.782208,WP PMA 80467,No failure
1519,36.7,117.0,304.0,313.3,5487.253776,2.382556274559413,0.1723174188598788,55.119086434381565,2025-10-10 23:38:27.782208,WP PMA 80467,No failure
1531,39.4,159.0,303.8,313.2,5493.922641,3.802003147289389,0.08505032512362362,59.621461455780796,2025-10-10 23:41:35.782208,WP PMA 80271,No failure
1623,33.4,74.0,297.5,309.3,5450.130625,35.32667695115313,1.498253405644066,95.89964159155058,2025-10-10 23:49:28.782208,WP PMA 80466,door close delay
1479,39.2,151.0,297.0,307.9,5344.633449,37.76349785678516,1.8037052538950937,99.3437260437338,2025-10-10 23:49:38.782208,WP PMA 80466,door open delay
1466,47.3,77.0,301.5,310.7,5314.118404,3.595468351782911,0.018173725924057235,56.26940201131353,2025-10-11 00:07:10.782208,WP PMA 80466,No failure
1489,40.6,89.0,298.2,309.0,5259.875625,26.47058142682505,1.4778885915777045,89.33932847526452,2025-10-11 00:07:52.782208,WP PMA 80466,door open delay
1673,30.8,141.0,298.7,309.5,5303.189329,3.777274478813186,0.01675947203713509,62.367229039847054,2025-10-11 00:26:31.782208,WP PMA 80467,No failure
1506,36.1,141.0,300.2,311.4,5498.370801,1.3050656397103695,0.05598461348407563,64.01100193733109,2025-10-11 00:37:12.782208,WP PMA 80271,No failure
1392,46.4,174.0,297.4,308.7,5479.404529,49.82094774461507,1.7275260349496973,82.29807714007318,2025-10-11 00:47:57.782208,WP PMA 80466,signal delay
1522,43.8,70.0,301.8,310.6,5427.121561,1.805721629312876,0.034363938380048996,55.53010751172127,2025-10-11 01:08:07.782208,WP PMA 80271,No failure
1802,25.4,170.0,304.3,313.5,5487.994561,1.2610149305702854,0.019040240321694882,61.74682256947042,2025-10-11 01:35:46.782208,WP PMA 80271,No failure
1413,43.5,83.0,302.2,311.5,5433.311521,46.06769449253791,1.9129662103062164,91.80974319114351,2025-10-11 01:37:34.782208,WP PMA 80466,door open delay
1661,34.2,109.0,296.7,307.4,5476.148001,39.530100823585144,1.8141870939694895,80.63461521403563,2025-10-11 01:45:08.782208,WP PMA 80466,door open delay
1512,44.9,86.0,301.0,310.4,5260.310784,39.36836299538538,1.6935308256837749,96.5270926355088,2025-10-11 01:57:20.782208,WP PMA 80271,door open delay
1425,47.8,179.0,300.0,311.1,5248.133136,31.892833073046287,0.9683666427343691,94.56991747011459,2025-10-11 02:06:27.782208,WP PMA 80467,signal delay
1423,49.5,200.0,298.7,309.1,5462.540281,44.33656037912953,1.588388563096027,90.18336290840858,2025-10-11 02:10:51.782208,WP PMA 80467,door open delay
1488,41.9,196.0,297.8,308.5,5460.175449,45.36625728238058,0.586463643662795,88.59180885604579,2025-10-11 02:12:10.782208,WP PMA 80466,Random failure
1523,34.7,181.0,301.7,310.5,5431.69,21.90800351979119,1.6851328885107058,85.86132528801342,2025-10-11 02:12:42.782208,WP PMA 80467,door open delay
1364,55.6,163.0,297.2,308.5,5347.558129,36.461385699506096,1.9983719108979061,90.26570522546112,2025-10-11 02:16:08.782208,WP PMA 80466,door open delay
1556,39.0,72.0,301.3,310.6,5255.670016,3.0238130058431003,0.11531660533746188,61.57884811776917,2025-10-11 02:18:45.782208,WP PMA 80466,No failure
1789,25.5,114.0,300.9,311.2,5252.770576,29.099466842190104,1.738325870197019,93.84443719569134,2025-10-11 02:42:45.782208,WP PMA 80467,signal delay
1404,46.6,201.0,298.0,308.5,5469.785764,2.40161903664921,0.06519730786809416,55.63565785212359,2025-10-11 02:44:36.782208,WP PMA 80467,No failure
1695,26.7,28.0,300.5,310.5,5249.582116,31.321847723618333,0.611570596074849,91.54170591118405,2025-10-11 02:48:51.782208,WP PMA 80467,drive delay
1523,45.9,99.0,298.3,310.1,5327.686081,1.6583388898704912,0.1219238779541698,57.596646373504534,2025-10-11 02:54:02.782208,WP PMA 80467,No failure
1405,38.3,58.0,303.6,313.1,5271.631236,0.8169895819889222,0.05678800854680135,56.87835223134295,2025-10-11 03:07:26.782208,WP PMA 80467,No failure
1404,40.7,184.0,297.0,307.8,5345.0721,3.056878914586677,0.1167473534450199,57.90662145122468,2025-10-11 03:11:00.782208,WP PMA 80466,No failure
1706,29.5,193.0,301.6,310.9,5255.235049,2.2677553225634277,0.04368085829623015,63.362586762836585,2025-10-11 03:14:09.782208,WP PMA 80467,No failure
1536,39.0,202.0,297.5,308.6,5266.840329,2.990429355098661,0.14004704562607123,61.08756452426572,2025-10-11 03:37:13.782208,WP PMA 80467,No failure
1533,38.1,137.0,300.9,310.2,5260.020676,4.004549544543684,0.15464276542872044,59.18922782594227,2025-10-11 03:44:15.782208,WP PMA 80467,No failure
1680,33.7,185.0,298.1,308.3,5464.462084,40.53621110002542,1.861302562403293,99.0882319471089,2025-10-11 03:53:01.782208,WP PMA 80466,signal delay
1482,39.1,45.0,298.8,309.9,5354.287929,3.7259893030906523,0.13286906586310498,64.66643457633289,2025-10-11 04:08:13.782208,WP PMA 80466,No failure
1620,34.1,89.0,299.2,308.4,5386.385664,45.8446025594114,0.5034314840442716,96.88632719093115,2025-10-11 04:12:38.782208,WP PMA 80467,door open delay
1489,38.9,179.0,301.4,310.9,5513.211001,46.01291865485403,1.7532549414630427,85.77953653546403,2025-10-11 04:17:29.782208,WP PMA 80271,door open delay
1397,46.9,82.0,302.6,311.9,5268.582225,46.33389815864494,0.5851979464331976,90.61406537998971,2025-10-11 04:21:44.782208,WP PMA 80467,Random failure
1674,32.7,76.0,303.3,312.5,5495.849956,2.0610032404913556,0.12424273644359199,57.940888774810205,2025-10-11 04:38:37.782208,WP PMA 80271,No failure
1489,38.9,179.0,301.4,310.9,5513.211001,46.01291865485403,1.7532549414630427,85.77953653546403,2025-10-11 04:43:29.782208,WP PMA 80466,door open delay
1393,55.9,79.0,298.0,309.0,5281.074241,38.304028882010535,1.803235441130456,87.01367158265482,2025-10-11 04:53:56.782208,WP PMA 80467,door open delay
1526,35.3,46.0,300.2,309.4,5330.4601,21.583542943926396,0.7296964552860199,87.23862919341,2025-10-11 04:56:50.782208,WP PMA 80466,signal delay
1555,41.2,131.0,301.3,310.3,5312.9521,1.889752345586274,0.0361484113442372,63.37405709293322,2025-10-11 05:14:40.782208,WP PMA 80466,No failure
1578,35.4,34.0,300.7,309.5,5407.837444,4.464603519305122,0.12302281709832111,62.09608459173643,2025-10-11 05:29:06.782208,WP PMA 80271,No failure
1366,56.1,177.0,300.4,311.2,5246.249761,3.5978484940524993,0.01645087374247771,57.83540389245485,2025-10-11 05:52:36.782208,WP PMA 80271,No failure
1434,42.5,175.0,304.2,313.4,5487.994561,29.469631294351835,1.4768985738303422,80.94332617051371,2025-10-11 05:54:36.782208,WP PMA 80271,door open delay
1435,48.1,12.0,301.7,310.2,5457.663376,1.7500617901886137,0.14659037524863883,63.78440791846798,2025-10-11 06:00:16.782208,WP PMA 80466,No failure
1721,29.4,170.0,298.5,309.2,5463.870724,2.711521696237379,0.1122502180554986,59.8645307859323,2025-10-11 06:09:30.782208,WP PMA 80271,No failure
1595,35.4,15.0,300.4,311.0,5245.960041,40.671410585650555,1.7663676320787438,91.29257725331573,2025-10-11 06:26:20.782208,WP PMA 80466,door open delay
1546,40.0,55.0,301.2,310.5,5512.468516,0.7597886582494893,0.03365644572122197,62.414579561321254,2025-10-11 06:32:39.782208,WP PMA 80466,No failure
1536,40.9,22.0,300.8,311.4,5253.205441,2.223528166566342,0.14117514226607306,64.17015046775475,2025-10-11 06:38:11.782208,WP PMA 80467,No failure
1671,28.8,149.0,300.2,311.6,5498.370801,1.1029180752649967,0.04876557049645504,63.19956622594186,2025-10-11 06:51:27.782208,WP PMA 80466,No failure
1416,46.0,128.0,304.0,313.2,5272.2121,44.99963458848886,1.0455234908797713,94.8928400794894,2025-10-11 06:54:59.782208,WP PMA 80466,door close delay
1574,36.2,181.0,298.8,310.1,5464.905625,3.0756486625262918,0.16253623624727612,64.26166175042509,2025-10-11 07:06:10.782208,WP PMA 80271,No failure
1744,31.5,0.0,299.0,310.2,5296.346176,28.026300229149285,1.337665464463818,86.65910951714694,2025-10-11 07:35:38.782208,WP PMA 80271,Random failure
1440,42.4,190.0,297.4,308.0,5475.704004,3.1248946341091886,0.17853630133465878,59.642408862820844,2025-10-11 07:35:46.782208,WP PMA 80466,No failure
1516,39.1,138.0,296.2,306.9,5428.7424,3.4113617288927864,0.04751099458841543,61.29254194634704,2025-10-11 07:36:11.782208,WP PMA 80271,No failure
1620,34.1,89.0,299.2,308.4,5386.385664,45.8446025594114,0.5034314840442716,96.88632719093115,2025-10-11 07:49:14.782208,WP PMA 80467,door open delay
1583,36.7,104.0,297.9,309.0,5477.4801,3.9233870908372803,0.11189932884289654,60.15022565704743,2025-10-11 07:49:40.782208,WP PMA 80466,No failure
1567,31.7,97.0,303.6,311.8,5471.5609,4.325874165489522,0.06180865105709622,59.54914299239762,2025-10-11 07:54:43.782208,WP PMA 80271,No failure
1433,43.7,13.0,302.7,310.7,5279.184964,1.0815630526830173,0.031055597033502337,61.015882292069826,2025-10-11 08:00:57.782208,WP PMA 80467,No failure
1473,39.9,184.0,298.4,308.3,5468.6025,26.055495263783655,1.7852296960269574,95.2760721632894,2025-10-11 08:08:57.782208,WP PMA 80467,door close delay
1417,39.2,65.0,298.1,308.9,5402.544004,42.18444491739179,0.8419734264000982,90.26619371204663,2025-10-11 08:24:30.782208,WP PMA 80466,door close delay
1513,40.0,51.0,300.4,311.7,5244.077056,25.14323664801961,0.5049198162018053,96.51196761417759,2025-10-11 08:26:54.782208,WP PMA 80467,door close delay
1546,37.7,159.0,298.9,310.4,5255.380036,3.8450594778854033,0.16744895145430508,60.94636145335515,2025-10-11 08:35:24.782208,WP PMA 80466,No failure
1600,32.8,205.0,301.5,310.5,5257.120036,32.84282188032643,0.9163814461292255,84.44969552431002,2025-10-11 08:49:44.782208,WP PMA 80466,signal delay
1453,44.6,38.0,300.8,311.4,5506.382025,0.2810198008217283,0.1176538912632189,62.73354847131482,2025-10-11 08:56:37.782208,WP PMA 80466,No failure
1387,57.6,50.0,298.6,309.6,5464.462084,31.02007056378983,1.924982620112702,85.77319677094144,2025-10-11 08:58:12.782208,WP PMA 80466,signal delay
1355,49.4,209.0,298.2,308.4,5359.411264,4.420138576559388,0.12001281010856635,58.29416275645903,2025-10-11 09:20:21.782208,WP PMA 80467,No failure
1706,28.8,111.0,299.9,311.4,5493.626161,41.441868880496905,0.5863150585353729,86.83961198318863,2025-10-11 09:24:45.782208,WP PMA 80466,door close delay
1514,37.9,9.0,298.0,308.2,5463.575056,46.10254144113112,0.6079530709041836,88.48324434748507,2025-10-11 09:27:49.782208,WP PMA 80466,signal delay
1410,45.8,71.0,298.1,308.1,5382.569956,27.52074409551031,0.5276270527141842,96.37082823466986,2025-10-11 09:32:20.782208,WP PMA 80467,drive delay
1509,42.8,190.0,299.9,309.4,5397.106225,3.5167343017821917,0.07106116845792271,62.364636608486066,2025-10-11 09:44:47.782208,WP PMA 80271,No failure
1513,38.0,38.0,300.9,311.9,5491.254609,45.398608991025895,1.6628507955465734,97.30340726359175,2025-10-11 09:49:53.782208,WP PMA 80466,door open delay
1450,43.4,80.0,300.7,310.7,5518.261225,2.0844549927885376,0.0891129131617749,58.922663756951295,2025-10-11 10:02:02.782208,WP PMA 80466,No failure
2157,17.8,17.0,302.0,310.7,5282.963856,26.262641810156918,1.6362138319307393,90.81689443895104,2025-10-11 10:02:46.782208,WP PMA 80271,signal delay
1512,40.7,156.0,298.8,309.1,5473.188361,3.097273333647949,0.16223026015358136,55.89429267327149,2025-10-11 10:11:16.782208,WP PMA 80466,No failure
1470,51.3,180.0,298.2,307.5,5364.683536,0.7049965449166621,0.14191527378376978,59.539248747007996,2025-10-11 10:14:05.782208,WP PMA 80271,No failure
1353,53.7,71.0,298.9,309.8,5465.497041,0.9894629840341992,0.1371110351764448,59.616703913576295,2025-10-11 10:25:30.782208,WP PMA 80466,No failure
1594,33.3,147.0,299.1,310.4,5352.824569,3.725258014016846,0.034129614846017675,63.473870457169824,2025-10-11 10:47:35.782208,WP PMA 80466,No failure
1364,55.6,163.0,297.2,308.5,5347.558129,36.461385699506096,1.9983719108979061,90.26570522546112,2025-10-11 10:49:21.782208,WP PMA 80467,door open delay
1489,38.9,179.0,301.4,310.9,5513.211001,46.01291865485403,1.7532549414630427,85.77953653546403,2025-10-11 11:39:54.782208,WP PMA 80467,door open delay
1423,42.7,82.0,298.6,309.6,5484.8836,1.810927419321057,0.15874788407539428,58.85075147056417,2025-10-11 11:51:11.782208,WP PMA 80467,No failure
1738,24.0,195.0,297.5,308.9,5329.0,40.63022144617679,0.952472150300518,95.93287998331198,2025-10-11 11:55:58.782208,WP PMA 80466,door close delay
1882,23.8,84.0,300.0,309.1,5329.730025,2.771097977915454,0.09520247953127307,60.54822062550716,2025-10-11 12:20:12.782208,WP PMA 80467,No failure
1616,33.5,25.0,300.9,310.5,5260.6009,0.9505618801558322,0.09161683909357249,59.99339045779449,2025-10-11 12:40:07.782208,WP PMA 80271,No failure
1445,43.5,224.0,299.2,308.4,5364.244081,3.795998472879994,0.04931766818002207,60.77251168637071,2025-10-11 12:47:16.782208,WP PMA 80466,No failure
1378,49.3,18.0,298.9,310.0,5407.396225,4.275121548591777,0.11258636120688725,56.4387867938663,2025-10-11 12:49:26.782208,WP PMA 80271,No failure
1841,22.8,40.0,299.2,308.4,5363.365225,2.5191043488588316,0.15719781353883325,62.24840824360533,2025-10-11 12:55:14.782208,WP PMA 80466,No failure
1281,59.8,15.0,299.3,310.5,5467.271481,0.6798342080568941,0.15757672473776338,59.59676400322914,2025-10-11 13:11:27.782208,WP PMA 80466,No failure
1878,24.3,24.0,300.7,311.2,5506.530436,0.16001163514025385,0.08389612395519482,60.47001036907864,2025-10-11 13:11:45.782208,WP PMA 80466,No failure
1496,38.5,162.0,299.5,310.9,5292.5625,2.4353014723411506,0.18075361445483012,63.379345044027076,2025-10-11 13:17:26.782208,WP PMA 80466,No failure
1416,46.0,128.0,304.0,313.2,5272.2121,44.99963458848886,1.0455234908797713,94.8928400794894,2025-10-11 13:47:23.782208,WP PMA 80467,door close delay
1589,32.7,74.0,299.3,308.5,5382.863424,0.5112469380922404,0.03476458463563937,63.98956190102685,2025-10-11 14:03:23.782208,WP PMA 80467,No failure
1403,45.1,193.0,298.2,307.9,5380.369201,0.48907890131370413,0.19771894030493528,64.37329563977839,2025-10-11 14:23:58.782208,WP PMA 80466,No failure
1517,42.4,113.0,301.7,311.2,5265.824356,2.075448167580336,0.1087103751940152,64.01529237865525,2025-10-11 14:25:29.782208,WP PMA 80466,No failure
1677,31.1,191.0,299.6,309.4,5376.555625,1.6523275299068867,0.05095099177019604,55.26613452422911,2025-10-11 14:44:39.782208,WP PMA 80467,No failure
1521,42.3,215.0,299.2,308.9,5356.483344,48.52642714523353,0.5951679291380665,96.63168155565477,2025-10-11 14:48:27.782208,WP PMA 80271,signal delay
1455,39.8,145.0,299.1,308.5,5365.709001,1.7105551039580265,0.04392663863894091,60.862261705836715,2025-10-11 14:56:21.782208,WP PMA 80466,No failure
1623,33.4,74.0,297.5,309.3,5450.130625,35.32667695115313,1.498253405644066,95.89964159155058,2025-10-11 15:12:00.782208,WP PMA 80466,door close delay
1467,36.7,68.0,297.6,308.3,5458.549924,4.175431718821584,0.036715905499410686,61.04211647623287,2025-10-11 15:12:28.782208,WP PMA 80466,No failure
1638,32.0,,302.5,311.1,5453.8225,0.447538669298988,0.12063135276480945,64.74530525674561,2025-10-11 15:20:24.782208,WP PMA 80271,No failure
1440,39.1,188.0,299.2,308.8,5364.830025,28.70156658921013,1.8130553264197087,85.95014107372285,2025-10-11 15:51:24.782208,WP PMA 80466,Random failure
1387,52.7,2.0,298.9,310.6,5486.513041,0.7542968080415274,0.17274936667910934,59.507926249467936,2025-10-11 16:45:56.782208,WP PMA 80466,No failure
1698,28.1,39.0,302.0,310.7,5282.818489,0.3352617447007084,0.033388514631163956,56.91507714433703,2025-10-11 16:52:22.782208,WP PMA 80271,No failure
1423,40.2,63.0,300.9,312.1,5242.049604,3.75714844574445,0.03452640838560914,61.988680925864074,2025-10-11 16:59:00.782208,WP PMA 80467,No failure
1472,35.3,73.0,301.0,311.3,5253.930256,0.7029972782542555,0.06293371727134894,64.90832217924566,2025-10-11 17:04:10.782208,WP PMA 80467,No failure
1740,29.2,110.0,301.4,310.8,5512.171536,4.64856021924756,0.0967147017223808,61.66027536385042,2025-10-11 17:09:40.782208,WP PMA 80466,No failure
1568,33.7,175.0,297.4,309.0,5452.493281,30.817869178878684,1.1978453154513014,94.86165932455624,2025-10-11 17:10:33.782208,WP PMA 80467,door close delay
1347,54.3,136.0,300.5,309.7,5258.280196,1.9553320531665055,0.029943067171656408,61.74176207140991,2025-10-11 17:49:50.782208,WP PMA 80271,No failure
1452,45.7,164.0,301.6,310.4,5431.395204,1.7092503573973201,0.1199976799919949,63.06168979724447,2025-10-11 18:10:34.782208,WP PMA 80466,No failure
1534,33.7,47.0,298.1,310.0,5446.44,36.52876351172468,0.8635648460473964,87.49703042419631,2025-10-11 18:27:35.782208,WP PMA 80467,door close delay
1368,45.3,129.0,297.5,309.4,5449.244761,4.56331283731781,0.011284067158003236,62.1860682492508,2025-10-11 18:30:38.782208,WP PMA 80467,No failure
1545,40.1,165.0,302.5,311.2,5292.708001,1.9203048296590308,0.06934041096577369,57.54240552703611,2025-10-11 18:37:03.782208,WP PMA 80467,No failure
1419,48.3,91.0,299.0,309.4,5474.372121,2.956897783654668,0.0480506443732205,60.36204605358252,2025-10-11 18:42:15.782208,WP PMA 80271,No failure
1468,41.8,112.0,300.7,310.9,5519.747025,1.2337949048537982,0.03745105554389279,58.469324611004986,2025-10-11 18:46:22.782208,WP PMA 80467,No failure
1804,25.1,118.0,298.1,308.9,5284.126864,39.21335321839662,1.9275975390562305,80.33006919824466,2025-10-11 19:01:29.782208,WP PMA 80467,door open delay
1432,47.7,61.0,300.3,311.7,5247.5536,3.651727740265187,0.18019859117851178,59.22227838915899,2025-10-11 19:21:25.782208,WP PMA 80271,No failure
1664,28.9,174.0,297.3,308.5,5263.792704,4.5034395003802015,0.10622748930054757,58.79973213995237,2025-10-11 19:48:29.782208,WP PMA 80466,No failure
1433,44.2,17.0,302.7,312.4,5498.370801,0.24406455948163866,0.0867623261262726,58.12106744930016,2025-10-11 19:59:18.782208,WP PMA 80466,No failure
1429,50.5,129.0,297.5,308.6,5279.184964,2.460431335179472,0.15548376033550668,55.54954408431049,2025-10-11 20:01:34.782208,WP PMA 80271,No failure
1408,46.3,3.0,298.2,308.7,5306.976801,4.776407818224795,0.15709362473157212,63.697655107421525,2025-10-11 20:09:02.782208,WP PMA 80466,No failure
1465,43.8,7.0,302.3,310.8,5295.618441,2.8354287981554553,0.06365762509838403,55.63078627418496,2025-10-11 20:14:51.782208,WP PMA 80466,No failure
1502,46.7,198.0,298.7,309.6,5485.476096,3.5497433284395985,0.03209503827531297,63.43044183646886,2025-10-11 20:17:29.782208,WP PMA 80466,No failure
1583,35.7,116.0,298.8,310.2,5352.3856,37.92661578444592,0.6317103864251624,92.65824473217468,2025-10-11 20:27:02.782208,WP PMA 80271,door open delay
1498,47.3,160.0,297.8,308.3,5469.933681,4.985571338942689,0.12389358070070478,64.57099526372052,2025-10-11 20:33:54.782208,WP PMA 80271,No failure
1578,40.5,174.0,301.7,311.1,5509.202176,2.2240736114913737,0.18216837185928708,57.25402100644922,2025-10-11 20:40:58.782208,WP PMA 80466,No failure
1459,50.3,115.0,298.1,308.9,5284.126864,2.804272402304559,0.03831827618898548,64.84717715871722,2025-10-11 20:41:28.782208,WP PMA 80467,No failure
1281,57.0,144.0,303.2,312.6,5496.591321,0.7432103590034427,0.10658226450423257,60.291353359484255,2025-10-11 20:53:32.782208,WP PMA 80467,No failure
1910,21.9,37.0,301.0,310.9,5517.5184,4.241667144368484,0.10131134744224375,59.65737663005277,2025-10-11 20:57:31.782208,WP PMA 80271,No failure
1615,33.3,41.0,298.5,308.7,5304.500224,0.18919057681395549,0.1639192724129479,60.691066729343824,2025-10-11 21:22:31.782208,WP PMA 80271,No failure
1525,39.6,202.0,300.4,309.3,5404.014144,2.693125878146177,0.0678551306217235,59.26203376308828,2025-10-11 21:23:57.782208,WP PMA 80271,No failure
1526,35.3,46.0,300.2,309.4,5330.4601,21.583542943926396,0.7296964552860199,87.23862919341,2025-10-11 21:26:13.782208,WP PMA 80271,signal delay
1696,32.4,202.0,301.3,310.0,5419.462689,0.13055753107046927,0.17509794430981598,56.906548537492775,2025-10-11 21:45:03.782208,WP PMA 80466,No failure
1983,20.8,83.0,300.2,310.6,5249.437209,3.904155460141435,0.0995792209067545,56.826845422462036,2025-10-11 21:52:02.782208,WP PMA 80271,No failure
1780,27.9,35.0,298.2,308.7,5470.673296,1.9127983249670424,0.10600332666129701,63.6582418425363,2025-10-11 21:52:26.782208,WP PMA 80271,No failure
1440,39.1,188.0,299.2,308.8,5364.830025,28.70156658921013,1.8130553264197087,85.95014107372285,2025-10-11 21:53:22.782208,WP PMA 80271,Random failure
1430,55.0,102.0,300.2,309.8,5514.696121,2.1659431399500266,0.09724137451438472,57.299827419390965,2025-10-11 21:55:07.782208,WP PMA 80466,No failure
1598,29.4,148.0,297.3,308.0,5273.954884,2.7622257429485932,0.04390700668688474,64.28195433037672,2025-10-11 22:01:30.782208,WP PMA 80466,No failure
1523,43.3,60.0,301.8,310.7,5310.182641,29.49868042780217,1.669398076973442,90.49945716483931,2025-10-11 22:02:56.782208,WP PMA 80466,signal delay
1477,52.3,2.0,297.3,308.1,5277.441316,4.199306241661307,0.16999288847228924,63.15907971194334,2025-10-11 22:08:35.782208,WP PMA 80466,No failure
1535,40.3,71.0,300.8,312.3,5242.918464,4.023394947259756,0.10231758768311502,55.975830871728895,2025-10-11 22:13:30.782208,WP PMA 80466,No failure
1580,33.9,70.0,298.6,309.5,5463.279396,2.122587447708594,0.13656511571539925,63.00810305579524,2025-10-11 22:28:35.782208,WP PMA 80466,No failure
1454,43.0,108.0,302.5,310.2,5279.620921,4.4930797608191995,0.07692038750384284,61.22632856063986,2025-10-11 22:32:34.782208,WP PMA 80467,No failure
1485,42.9,38.0,298.6,308.4,5379.489025,1.664431204547976,0.06771362292779594,62.225056704141245,2025-10-11 22:44:46.782208,WP PMA 80467,No failure
1369,54.5,82.0,298.2,307.6,5393.580481,38.50290665050511,1.2820817618376699,95.37527025830784,2025-10-11 22:45:45.782208,WP PMA 80466,signal delay
1665,29.6,20.0,298.1,308.5,5469.637849,37.238730558246914,1.0025553265776534,99.00835330996256,2025-10-11 22:51:24.782208,WP PMA 80466,Random failure
1555,32.6,197.0,298.7,310.0,5298.820849,1.3416006070215982,0.08024802206498184,63.52737145615639,2025-10-11 23:15:20.782208,WP PMA 80466,No failure
1409,54.8,140.0,298.9,310.2,5409.308304,0.9219528939962687,0.10088775390519969,55.55902585954214,2025-10-11 23:37:18.782208,WP PMA 80271,No failure
1358,54.6,61.0,302.4,310.1,5461.505604,1.3671210857946816,0.10951053415321989,64.36645063937874,2025-10-11 23:37:35.782208,WP PMA 80271,No failure
1523,43.3,60.0,301.8,310.7,5310.182641,29.49868042780217,1.669398076973442,90.49945716483931,2025-10-11 23:41:28.782208,WP PMA 80466,signal delay
2009,18.9,59.0,302.4,310.1,5461.505604,3.8650305724751814,0.07465335728646423,59.605377945102084,2025-10-11 23:41:42.782208,WP PMA 80466,No failure
1520,44.9,94.0,302.5,311.9,5502.6724,4.7014498114166035,0.16150871427375427,55.22018744760262,2025-10-11 23:47:25.782208,WP PMA 80467,No failure
1509,46.6,125.0,300.3,309.9,5514.5476,20.02023079033625,0.7215698637292967,88.48214630717786,2025-10-11 23:52:43.782208,WP PMA 80466,door close delay
1489,39.5,96.0,297.5,308.4,5458.106641,2.0554398918771803,0.1609805371255712,56.03219712876549,2025-10-11 23:57:10.782208,WP PMA 80271,No failure
1615,29.9,176.0,302.1,310.1,5281.219584,2.348222773545691,0.1122200625421634,59.96867554723198,2025-10-12 00:15:50.782208,WP PMA 80467,No failure
1597,39.2,66.0,301.0,311.3,5253.930256,2.498002012840526,0.03357007011622205,56.34245419008023,2025-10-12 00:19:14.782208,WP PMA 80467,No failure
1466,49.0,66.0,302.2,311.7,5508.459961,46.56475728244531,1.788039593172544,96.4904334654153,2025-10-12 00:25:55.782208,WP PMA 80467,signal delay
1388,45.6,190.0,297.7,308.8,5473.336324,4.370390300084703,0.11006252555725714,61.8975987874601,2025-10-12 00:26:44.782208,WP PMA 80467,No failure
1530,42.3,21.0,302.3,311.5,5507.866225,30.450301760589426,1.1058661088010444,87.95387877662486,2025-10-12 00:28:07.782208,WP PMA 80466,signal delay
1692,28.4,201.0,299.4,309.3,5376.408976,1.3974968756921524,0.03987424811621636,55.937332864101364,2025-10-12 00:34:41.782208,WP PMA 80467,No failure
1629,32.5,45.0,298.1,309.9,5446.587601,23.75340627019404,1.9241090702893169,87.54583502901593,2025-10-12 00:37:29.782208,WP PMA 80467,door close delay
1854,22.6,19.0,303.1,311.1,5278.167801,2.7538952542411717,0.16013931908413515,63.86363396342615,2025-10-12 00:39:18.782208,WP PMA 80467,No failure
1416,46.0,128.0,304.0,313.2,5272.2121,44.99963458848886,1.0455234908797713,94.8928400794894,2025-10-12 00:46:28.782208,WP PMA 80466,door close delay
1760,25.4,55.0,300.1,309.6,5414.310724,3.178423096312783,0.08201985280641695,60.15805521325346,2025-10-12 01:11:49.782208,WP PMA 80467,No failure
1467,39.6,,298.4,309.1,5402.25,21.422795318204866,0.5162020865393773,91.32636453399321,2025-10-12 01:18:33.782208,WP PMA 80271,door open delay
1452,43.5,,298.2,308.4,5358.679209,4.496273572355403,0.047291921570305054,61.22908420661006,2025-10-12 01:20:07.782208,WP PMA 80466,No failure
1454,41.9,33.0,301.0,311.9,5242.049604,3.157554998566569,0.0722474571248928,64.42942269104779,2025-10-12 01:24:03.782208,WP PMA 80271,No failure
1370,44.8,20.0,300.5,311.9,5492.736769,2.388055926649698,0.08089734033599742,62.70053706999679,2025-10-12 01:29:10.782208,WP PMA 80271,No failure
1489,40.2,214.0,297.2,308.6,5348.143161,1.8459616238977479,0.06615538998461509,59.44665434965855,2025-10-12 01:50:02.782208,WP PMA 80467,No failure
1597,37.2,16.0,295.5,306.0,5431.100416,27.77411025179005,1.0458909826573568,84.61157931227865,2025-10-12 01:53:47.782208,WP PMA 80271,door open delay
1377,49.9,124.0,300.7,311.0,5252.770576,3.0857002783094174,0.07105731759417647,61.794316447130534,2025-10-12 02:07:14.782208,WP PMA 80271,No failure
1614,36.0,74.0,302.6,310.4,5279.766244,1.1995809856876443,0.05822139178408488,64.79852401167886,2025-10-12 02:13:33.782208,WP PMA 80467,No failure
1469,49.0,51.0,297.9,308.8,5472.892441,0.7422069364074869,0.10667859871873908,59.329020952849184,2025-10-12 02:14:32.782208,WP PMA 80271,No failure
1422,42.7,186.0,298.4,308.3,5311.931689,4.635570627737597,0.07926717580114907,61.398937398573594,2025-10-12 02:15:11.782208,WP PMA 80466,No failure
1657,31.0,129.0,299.1,310.4,5486.957476,0.8647046380333099,0.04186814693183203,64.35771220868114,2025-10-12 02:16:35.782208,WP PMA 80271,No failure
1434,45.4,118.0,300.9,311.4,5253.785289,3.4803526997892997,0.10752219236873525,64.59960186499288,2025-10-12 02:43:57.782208,WP PMA 80271,No failure
1588,33.4,204.0,297.1,308.4,5416.224025,38.83808741520501,1.6968130959118022,95.07069908070774,2025-10-12 03:03:42.782208,WP PMA 80467,door open delay
1483,41.1,208.0,299.7,309.1,5344.048609,2.774760058450902,0.12160172686175548,57.88851687318132,2025-10-12 03:17:12.782208,WP PMA 80467,No failure
1431,39.3,22.0,300.7,310.7,5263.357401,45.30621408858687,1.6214025308819116,97.16558546598277,2025-10-12 03:18:14.782208,WP PMA 80271,door open delay
1733,28.7,50.0,297.1,308.5,5480.144784,2.5397312735001014,0.12193749708629037,61.84094463524196,2025-10-12 03:27:59.782208,WP PMA 80466,No failure
1399,47.6,84.0,295.8,306.4,5429.921344,1.5716478341503919,0.18116907560322495,60.24479107972079,2025-10-12 03:29:43.782208,WP PMA 80466,No failure
1600,32.8,205.0,301.5,310.5,5257.120036,32.84282188032643,0.9163814461292255,84.44969552431002,2025-10-12 03:50:37.782208,WP PMA 80466,signal delay
1623,33.4,74.0,297.5,309.3,5450.130625,35.32667695115313,1.498253405644066,95.89964159155058,2025-10-12 03:55:24.782208,WP PMA 80466,door close delay
1487,46.9,173.0,297.2,308.5,5477.184064,3.518380680216111,0.06858687570637252,59.80160962159317,2025-10-12 04:04:27.782208,WP PMA 80271,No failure
1686,28.9,59.0,301.7,310.2,5281.800976,41.80940364666146,1.806523433807369,93.02853967611605,2025-10-12 04:27:09.782208,WP PMA 80466,door open delay
1373,44.1,81.0,299.4,309.1,5377.142241,0.3009997201905315,0.06429291618680759,58.95993404832934,2025-10-12 04:27:16.782208,WP PMA 80271,No failure
1804,25.1,118.0,298.1,308.9,5284.126864,39.21335321839662,1.9275975390562305,80.33006919824466,2025-10-12 04:39:45.782208,WP PMA 80466,door open delay
1528,46.3,203.0,296.7,308.1,5331.628324,27.188963976400803,1.6875662775840243,86.29292509365149,2025-10-12 04:39:47.782208,WP PMA 80466,signal delay
1438,41.4,66.0,302.2,310.8,5282.673124,0.33219706098730134,0.024785653589540935,59.4662639618536,2025-10-12 04:46:48.782208,WP PMA 80466,No failure
1610,33.7,212.0,298.0,308.8,5356.483344,1.0507624196844632,0.12372513856989543,64.77056575987392,2025-10-12 04:56:43.782208,WP PMA 80467,No failure
1485,36.0,169.0,296.1,307.1,5428.152976,3.495875237119046,0.10135185310139659,61.001964016948364,2025-10-12 05:07:54.782208,WP PMA 80467,No failure
1555,35.8,190.0,297.8,307.3,5388.000409,3.45747193567979,0.049764419484660684,57.754103621438716,2025-10-12 05:25:45.782208,WP PMA 80467,No failure
1413,42.6,79.0,301.7,311.2,5511.726081,3.7180614895281603,0.0457712149037856,60.80323136097519,2025-10-12 05:30:04.782208,WP PMA 80271,No failure
1855,23.8,33.0,298.9,308.3,5359.850521,3.7689172170982173,0.12841398475383656,64.49451157564286,2025-10-12 05:36:25.782208,WP PMA 80467,No failure
1383,48.7,147.0,295.6,306.1,5432.574436,42.06220479764772,0.8198605991308731,86.20096073009861,2025-10-12 05:39:31.782208,WP PMA 80466,door close delay
1386,62.7,142.0,302.0,309.7,5281.364929,2.7617022715589785,0.1477326369469669,64.61149497480271,2025-10-12 05:53:41.782208,WP PMA 80466,No failure
1325,46.9,28.0,299.1,308.3,5368.053289,3.2234524816650807,0.0527508183729756,59.96808740418652,2025-10-12 05:59:45.782208,WP PMA 80466,No failure
1343,49.5,140.0,301.6,310.8,5316.743056,4.422143464069987,0.0617156513613978,59.76049693190028,2025-10-12 06:03:17.782208,WP PMA 80466,No failure
1326,47.5,35.0,299.4,309.4,5375.529124,3.5866024424140406,0.04430891093512873,57.389185013143496,2025-10-12 06:04:59.782208,WP PMA 80466,No failure
1734,30.7,177.0,297.7,308.1,5469.933681,3.732332914522824,0.12886259005962492,62.05587682869891,2025-10-12 06:28:35.782208,WP PMA 80271,No failure
1661,38.2,82.0,298.1,309.0,5482.513936,35.00952125655859,1.783869388811883,99.12664194372854,2025-10-12 06:32:19.782208,WP PMA 80466,door open delay
1312,50.3,159.0,297.5,308.8,5263.647601,3.7380743623934496,0.012790291425924007,64.2275080257829,2025-10-12 06:37:34.782208,WP PMA 80271,No failure
1639,32.9,94.0,302.0,310.5,5452.3456,1.6364727754291055,0.036593575266817294,55.00723946098043,2025-10-12 06:42:33.782208,WP PMA 80466,No failure
1419,38.6,31.0,300.6,311.5,5495.108641,1.5604721240912494,0.12117036646169303,60.62607820225565,2025-10-12 07:05:33.782208,WP PMA 80467,No failure
1662,26.9,183.0,297.1,307.9,5277.150736,23.362238882353317,1.8939072927671246,84.03490101665102,2025-10-12 07:18:07.782208,WP PMA 80466,signal delay
1518,40.1,142.0,300.7,310.8,5262.922116,2.280304408801519,0.1794881547135234,64.73081508102888,2025-10-12 07:25:26.782208,WP PMA 80271,No failure
1610,34.6,187.0,301.4,310.8,5315.8681,2.548629430604867,0.017238444415371236,55.48886228094127,2025-10-12 07:30:04.782208,WP PMA 80466,No failure
1438,51.0,106.0,302.6,311.0,5282.527761,23.436251011580417,1.008899545945385,91.43758397735473,2025-10-12 07:41:54.782208,WP PMA 80271,signal delay
1383,56.5,98.0,297.8,307.8,5360.875524,4.09406767201287,0.09958710832912339,63.98913439900828,2025-10-12 07:46:01.782208,WP PMA 80466,No failure
1738,24.0,195.0,297.5,308.9,5329.0,40.63022144617679,0.952472150300518,95.93287998331198,2025-10-12 07:51:34.782208,WP PMA 80466,door close delay
1533,42.6,180.0,300.0,311.4,5243.497744,3.950562114843659,0.11152835014016578,63.20686019709591,2025-10-12 08:01:41.782208,WP PMA 80466,No failure
1523,43.3,60.0,301.8,310.7,5310.182641,29.49868042780217,1.669398076973442,90.49945716483931,2025-10-12 09:00:04.782208,WP PMA 80467,signal delay
1405,45.6,10.0,303.5,311.9,5476.740025,2.376153919222672,0.05134013095883778,58.461876230475276,2025-10-12 09:04:54.782208,WP PMA 80467,No failure
1450,42.8,101.0,304.0,313.1,5272.357321,1.8084114966515912,0.07542049714291772,64.48105433360291,2025-10-12 09:26:06.782208,WP PMA 80467,No failure
1959,22.3,157.0,303.5,311.7,5472.448576,29.43254792505012,0.8841722655722568,98.0943208432986,2025-10-12 09:36:02.782208,WP PMA 80271,signal delay
1738,24.0,195.0,297.5,308.9,5329.0,40.63022144617679,0.952472150300518,95.93287998331198,2025-10-12 09:40:35.782208,WP PMA 80467,door close delay
1420,49.5,5.0,299.5,309.1,5379.048964,4.359452329239787,0.17386173818567455,60.6490969203384,2025-10-12 09:44:44.782208,WP PMA 80466,No failure
1623,33.4,74.0,297.5,309.3,5450.130625,35.32667695115313,1.498253405644066,95.89964159155058,2025-10-12 10:05:28.782208,WP PMA 80467,door close delay
1632,32.5,55.0,298.9,309.3,5474.964049,3.6462064041876645,0.051165677933702684,58.548997651389996,2025-10-12 10:08:27.782208,WP PMA 80467,No failure
1661,34.2,109.0,296.7,307.4,5476.148001,39.530100823585144,1.8141870939694895,80.63461521403563,2025-10-12 10:12:05.782208,WP PMA 80466,door open delay
1671,31.6,137.0,301.7,310.8,5316.888889,29.42162169453939,1.7513437119216573,96.732082886829,2025-10-12 10:13:46.782208,WP PMA 80271,door open delay
1483,47.2,71.0,303.9,313.1,5486.513041,4.793680341704558,0.04449033223170537,59.05742135846052,2025-10-12 10:14:31.782208,WP PMA 80466,No failure
1423,41.2,124.0,303.7,313.1,5271.340816,3.9083364298172993,0.019651403714327165,64.10427691169737,2025-10-12 10:26:29.782208,WP PMA 80271,No failure
1754,26.9,209.0,302.9,312.3,5270.179216,31.064126655309654,0.7271846408765829,96.36983679144254,2025-10-12 10:28:50.782208,WP PMA 80466,signal delay
1448,48.6,44.0,299.4,309.3,5395.196304,3.2653024443263794,0.07817382931962037,63.24029321542408,2025-10-12 10:28:51.782208,WP PMA 80271,No failure
1336,47.8,176.0,303.8,313.2,5494.219129,4.986539169054918,0.08247529057740988,60.166604336911035,2025-10-12 10:40:15.782208,WP PMA 80466,No failure
1553,43.9,75.0,300.4,309.6,5401.956004,1.6797232829584776,0.17344162968559987,59.11510839099878,2025-10-12 10:41:23.782208,WP PMA 80466,No failure
1397,46.9,82.0,302.6,311.9,5268.582225,46.33389815864494,0.5851979464331976,90.61406537998971,2025-10-12 10:45:41.782208,WP PMA 80466,Random failure
1359,51.4,21.0,298.3,309.2,5463.575056,1.8968465544100084,0.06887447383650955,58.65963919055863,2025-10-12 10:46:36.782208,WP PMA 80466,No failure
1512,35.3,51.0,298.4,309.4,5482.662025,1.4001305994397604,0.12929605487871015,60.80242363500838,2025-10-12 10:58:13.782208,WP PMA 80467,No failure
1417,44.6,49.0,301.5,310.0,5281.800976,3.9401968038745143,0.015429694081082329,62.536181229817906,2025-10-12 11:18:21.782208,WP PMA 80466,No failure
1420,47.9,200.0,303.8,312.8,5491.254609,3.3009721626481343,0.021549779278446604,55.62920971866366,2025-10-12 11:25:29.782208,WP PMA 80271,No failure
1521,42.3,215.0,299.2,308.9,5356.483344,48.52642714523353,0.5951679291380665,96.63168155565477,2025-10-12 11:35:58.782208,WP PMA 80467,signal delay
1452,44.4,33.0,300.7,311.2,5506.382025,3.2880846233219825,0.09221167024274826,58.33082801321181,2025-10-12 11:39:56.782208,WP PMA 80466,No failure
1622,37.2,103.0,297.5,308.3,5457.958884,47.56231038168288,0.695912273194448,80.02490348311116,2025-10-12 11:41:54.782208,WP PMA 80271,Random failure
1362,51.9,117.0,299.7,309.4,5399.457361,2.377745219873784,0.18605382135215273,61.67379559643002,2025-10-12 11:43:54.782208,WP PMA 80466,No failure
1355,51.4,76.0,297.0,308.1,5418.284881,21.531168293332144,1.2389006808121412,85.78997715095218,2025-10-12 11:46:01.782208,WP PMA 80271,Random failure
1649,29.4,49.0,303.3,311.8,5477.332081,2.083632217869403,0.1893846489686502,58.42448428217842,2025-10-12 11:48:12.782208,WP PMA 80271,No failure
1530,40.4,112.0,300.4,309.4,5333.526961,3.5810894886484053,0.03663348465964521,56.870760805800224,2025-10-12 12:02:37.782208,WP PMA 80467,No failure
1802,26.9,83.0,298.1,309.2,5477.628121,3.9295333322072263,0.10155000000263832,55.237623513124674,2025-10-12 12:10:02.782208,WP PMA 80466,No failure
1541,33.7,165.0,297.6,309.7,5325.642529,42.66027321379279,0.5957421488515693,81.39217013180169,2025-10-12 12:10:23.782208,WP PMA 80467,door close delay
1695,26.7,28.0,300.5,310.5,5249.582116,31.321847723618333,0.611570596074849,91.54170591118405,2025-10-12 12:16:58.782208,WP PMA 80466,drive delay
1484,39.2,8.0,298.8,308.4,5461.357801,38.09016038139223,0.9003470073560125,93.988876876617,2025-10-12 12:34:55.782208,WP PMA 80467,signal delay
1370,58.8,199.0,297.3,308.1,5474.5201,3.084537482922216,0.061081386524906356,61.896124650601706,2025-10-12 12:44:14.782208,WP PMA 80467,No failure
1741,32.8,112.0,298.4,308.5,5465.940624,0.7508129822849596,0.17789900234510636,60.36182407159115,2025-10-12 12:57:07.782208,WP PMA 80466,No failure
1423,49.5,200.0,298.7,309.1,5462.540281,44.33656037912953,1.588388563096027,90.18336290840858,2025-10-12 13:12:51.782208,WP PMA 80466,door open delay
1748,28.2,2.0,302.6,310.5,5279.184964,3.756749375254466,0.0840787662050682,63.31698610782995,2025-10-12 13:25:33.782208,WP PMA 80466,No failure
1461,40.2,127.0,303.0,312.5,5500.150569,3.783062243195969,0.0741056583868419,58.51400978681727,2025-10-12 13:31:51.782208,WP PMA 80271,No failure
1431,43.2,0.0,300.4,310.2,5263.5025,2.617322059018046,0.16300296822281063,60.21878172085398,2025-10-12 13:35:22.782208,WP PMA 80467,No failure
1674,28.2,14.0,299.2,308.2,5363.804644,0.42950498331396136,0.08823187045688348,61.04516572090897,2025-10-12 13:52:02.782208,WP PMA 80467,No failure
1489,38.9,179.0,301.4,310.9,5513.211001,46.01291865485403,1.7532549414630427,85.77953653546403,2025-10-12 13:52:44.782208,WP PMA 80271,door open delay
1595,35.4,15.0,300.4,311.0,5245.960041,40.671410585650555,1.7663676320787438,91.29257725331573,2025-10-12 13:57:46.782208,WP PMA 80467,door open delay
1906,22.9,165.0,300.2,309.9,5503.265856,4.119062742377172,0.0912973722729503,63.29425775521046,2025-10-12 14:14:07.782208,WP PMA 80466,No failure
1723,26.3,213.0,302.3,310.8,5282.963856,3.710857499979574,0.17445116954231105,61.36239612576659,2025-10-12 14:17:20.782208,WP PMA 80466,No failure
1406,40.9,77.0,298.0,308.9,5472.744484,2.678297738296879,0.06756570413227993,59.343115548429935,2025-10-12 14:23:00.782208,WP PMA 80271,No failure
1451,53.6,194.0,302.5,310.4,5466.679969,36.78689161924535,0.6298700216043418,95.66295953662588,2025-10-12 14:38:07.782208,WP PMA 80467,Random failure
1540,38.7,45.0,296.7,307.4,5343.317604,4.810651964748223,0.08181745982462002,64.06972505109447,2025-10-12 14:42:32.782208,WP PMA 80466,No failure
1373,49.9,96.0,300.7,311.1,5506.085209,3.0244200254673266,0.08729042832970232,57.89213055398158,2025-10-12 14:43:25.782208,WP PMA 80271,No failure
1410,55.4,188.0,297.9,309.9,5325.934441,3.5862009300669095,0.0705229009127089,60.54627399620663,2025-10-12 14:50:11.782208,WP PMA 80467,No failure
2240,15.9,144.0,299.0,309.8,5485.772356,3.7211481480952684,0.18135980890957776,59.48416213896997,2025-10-12 14:54:50.782208,WP PMA 80467,No failure
1623,32.7,0.0,300.7,309.7,5339.078761,1.0523067766938832,0.19253608848749879,57.36574892001377,2025-10-12 15:24:05.782208,WP PMA 80466,No failure
1665,29.6,20.0,298.1,308.5,5469.637849,37.238730558246914,1.0025553265776534,99.00835330996256,2025-10-12 15:26:09.782208,WP PMA 80466,Random failure
1979,20.4,68.0,296.9,307.9,5346.5344,3.483206550655083,0.03292778567181972,55.98179224942511,2025-10-12 15:27:54.782208,WP PMA 80271,No failure
1228,66.4,109.0,300.9,310.9,5262.0516,2.6678044705281887,0.1379132296702954,64.67936567880209,2025-10-12 15:31:12.782208,WP PMA 80466,No failure
1696,27.5,73.0,300.7,310.2,5258.570256,2.4887035643425652,0.0351859569576205,59.91766321627765,2025-10-12 15:32:31.782208,WP PMA 80467,No failure
1366,49.7,74.0,299.2,308.5,5386.238881,45.32958564048296,1.215939721799948,82.21845222297605,2025-10-12 15:59:33.782208,WP PMA 80467,signal delay
1584,38.8,132.0,301.7,311.3,5512.468516,0.3104693133708734,0.04117633404976088,57.015193203835466,2025-10-12 16:08:22.782208,WP PMA 80467,No failure
1954,24.8,13.0,302.7,312.4,5498.370801,1.503345498923907,0.05513019402429434,57.17068336400588,2025-10-12 16:08:51.782208,WP PMA 80271,No failure
1509,35.0,205.0,304.4,313.7,5272.792996,2.075939738561748,0.046632191821127246,61.78017753306915,2025-10-12 16:19:21.782208,WP PMA 80467,No failure
1332,51.7,71.0,299.1,308.4,5359.118436,3.9675545517050232,0.13831370733633183,56.456298717905526,2025-10-12 16:28:55.782208,WP PMA 80271,No failure
1291,56.4,188.0,299.8,309.3,5397.106225,4.207060906098098,0.058992336915456016,58.15595791011736,2025-10-12 16:29:31.782208,WP PMA 80271,No failure
2861,4.6,,298.9,309.1,5473.484289,2.8298707530743505,0.011781422148447492,58.50947124142282,2025-10-12 16:33:40.782208,WP PMA 80467,No failure
1416,58.7,156.0,303.8,312.8,5272.2121,33.788869839697,1.2694095011541886,98.03901176263835,2025-10-12 16:34:08.782208,WP PMA 80467,door open delay
1488,41.9,196.0,297.8,308.5,5460.175449,45.36625728238058,0.586463643662795,88.59180885604579,2025-10-12 16:37:27.782208,WP PMA 80467,Random failure
1416,61.8,209.0,300.7,310.4,5504.304481,21.449680119185427,1.6055801123947226,87.14991297931678,2025-10-12 16:46:59.782208,WP PMA 80467,signal delay
1595,35.4,15.0,300.4,311.0,5245.960041,40.671410585650555,1.7663676320787438,91.29257725331573,2025-10-12 16:52:34.782208,WP PMA 80466,door open delay
1579,33.4,50.0,296.7,307.9,5438.177536,29.652550279830812,1.5245415270414138,90.68371500473029,2025-10-12 16:58:02.782208,WP PMA 80467,signal delay
1436,54.1,90.0,301.4,310.7,5512.320025,48.21507638039077,1.0595772874397975,95.62059277481504,2025-10-12 17:06:13.782208,WP PMA 80271,signal delay
1286,51.1,177.0,296.3,307.2,5428.005625,23.4303106810246,1.4262639106760326,88.00815197335469,2025-10-12 17:19:19.782208,WP PMA 80466,door open delay
1386,46.6,2.0,299.7,310.3,5500.447225,1.8371185568763386,0.11544108323537601,64.1121838409483,2025-10-12 17:21:30.782208,WP PMA 80466,No failure
1546,41.4,58.0,304.2,313.5,5272.502544,2.9442126394267785,0.04650842764612822,60.02851578230241,2025-10-12 17:36:20.782208,WP PMA 80467,No failure
1298,57.5,57.0,302.5,311.9,5505.046416,48.88448593685028,1.744296866483037,88.80251842704857,2025-10-12 17:41:14.782208,WP PMA 80466,door close delay
1606,33.6,67.0,298.3,308.5,5466.827844,44.7178826205094,1.1768198578144409,82.56248054352427,2025-10-12 17:47:21.782208,WP PMA 80467,drive delay
1349,51.3,176.0,299.9,309.5,5348.874496,2.7965635199873056,0.1358427597904262,62.381819202560344,2025-10-12 17:52:08.782208,WP PMA 80271,No failure
1581,47.4,51.0,298.1,308.7,5470.525369,49.33111180790905,0.5420956171257758,97.1445135404005,2025-10-12 17:57:04.782208,WP PMA 80467,door close delay
1517,40.2,45.0,298.5,309.4,5259.295441,3.051068793370006,0.1706515914186342,63.699137293058,2025-10-12 17:59:08.782208,WP PMA 80467,No failure
1460,48.6,204.0,298.2,307.6,5391.524329,1.4386390157926234,0.08263466616822235,60.159669872466395,2025-10-12 18:00:13.782208,WP PMA 80467,No failure
1390,43.3,221.0,297.6,309.2,5451.607225,28.963313423812117,1.223664621780105,96.11862697857715,2025-10-12 18:12:46.782208,WP PMA 80271,door close delay
1600,32.8,205.0,301.5,310.5,5257.120036,32.84282188032643,0.9163814461292255,84.44969552431002,2025-10-12 18:33:58.782208,WP PMA 80271,signal delay
1412,55.6,67.0,303.3,311.5,5277.877201,4.224127907086762,0.16170800251207346,57.85420119487241,2025-10-12 18:37:48.782208,WP PMA 80466,No failure
1369,54.5,82.0,298.2,307.6,5393.580481,38.50290665050511,1.2820817618376699,95.37527025830784,2025-10-12 18:51:06.782208,WP PMA 80271,signal delay
1581,47.4,51.0,298.1,308.7,5470.525369,49.33111180790905,0.5420956171257758,97.1445135404005,2025-10-12 18:53:18.782208,WP PMA 80467,door close delay
1661,38.2,82.0,298.1,309.0,5482.513936,35.00952125655859,1.783869388811883,99.12664194372854,2025-10-12 18:54:47.782208,WP PMA 80271,door open delay
1459,40.2,69.0,298.7,310.0,5251.755961,4.522922402404313,0.05388074856145876,62.74460394165235,2025-10-12 18:55:26.782208,WP PMA 80271,No failure
1465,40.7,13.0,302.1,310.7,5282.963856,3.4658073477869853,0.1559939056716513,61.82660655311956,2025-10-12 19:03:01.782208,WP PMA 80467,No failure
1494,47.3,118.0,300.6,310.4,5504.749636,3.978297899180894,0.15970692208207848,61.488093837495974,2025-10-12 19:21:22.782208,WP PMA 80271,No failure
1629,32.1,55.0,300.0,311.3,5246.829225,27.554756501884274,1.2394743242853634,86.1081681006253,2025-10-12 19:42:44.782208,WP PMA 80467,door close delay
1366,47.3,162.0,302.4,311.9,5503.710969,3.2872696970153954,0.0734651923886017,55.298178506854285,2025-10-12 19:52:30.782208,WP PMA 80467,No failure
1527,36.4,26.0,302.7,312.5,5498.519104,1.4526808651614393,0.08117186501400848,63.246530919372354,2025-10-12 20:11:00.782208,WP PMA 80271,No failure
1446,36.6,227.0,297.1,308.1,5419.609924,43.297600346955875,1.571528479618523,90.93819912138767,2025-10-12 20:19:14.782208,WP PMA 80271,door close delay
1393,55.9,79.0,298.0,309.0,5281.074241,38.304028882010535,1.803235441130456,87.01367158265482,2025-10-12 20:33:57.782208,WP PMA 80271,door open delay
1371,46.5,121.0,297.5,308.7,5477.4801,0.6268596871916932,0.12951949310687907,61.5751577657088,2025-10-12 20:55:53.782208,WP PMA 80466,No failure
1354,50.2,103.0,297.7,308.8,5472.596529,1.4269127555845642,0.1955243615642259,60.32365199339575,2025-10-12 20:59:29.782208,WP PMA 80271,No failure
1383,49.1,33.0,300.1,311.5,5246.829225,0.7355314927341947,0.039234978438460535,63.8212469836358,2025-10-12 21:02:17.782208,WP PMA 80466,No failure
1434,42.5,175.0,304.2,313.4,5487.994561,29.469631294351835,1.4768985738303422,80.94332617051371,2025-10-12 21:12:30.782208,WP PMA 80466,door open delay
1422,50.3,146.0,302.1,311.2,5285.29,3.564176107771068,0.0931055699121324,60.318345726986195,2025-10-12 21:19:23.782208,WP PMA 80271,No failure
1471,44.7,119.0,298.5,309.3,5300.422416,2.955158791889181,0.16926729744996544,58.364409202532464,2025-10-12 21:19:30.782208,WP PMA 80467,No failure
1349,51.1,9.0,303.2,311.4,5470.377444,0.27212658051202304,0.015569276171208584,61.37294947306345,2025-10-12 21:20:42.782208,WP PMA 80467,No failure
1903,22.9,55.0,302.3,311.2,5290.525696,4.938644197743396,0.07753694465522594,59.95538290832741,2025-10-12 21:22:00.782208,WP PMA 80466,No failure
1798,29.6,81.0,298.4,309.1,5357.654416,4.52837158437944,0.17278229964924216,60.52579883235421,2025-10-12 21:25:16.782208,WP PMA 80271,No failure
1568,39.6,85.0,300.3,309.6,5402.103001,1.7855573942429752,0.14822100173408173,56.303593792929505,2025-10-12 21:36:29.782208,WP PMA 80467,No failure
1425,53.9,,298.8,309.2,5473.484289,0.5803803362145494,0.07784319390347358,62.93697921557792,2025-10-12 21:52:56.782208,WP PMA 80466,No failure
1738,24.0,195.0,297.5,308.9,5329.0,40.63022144617679,0.952472150300518,95.93287998331198,2025-10-12 22:01:09.782208,WP PMA 80466,door close delay
1630,32.4,53.0,299.8,309.4,5371.277521,3.9270728301536333,0.041469139949196474,55.57634181294837,2025-10-12 22:03:33.782208,WP PMA 80467,No failure
1694,31.4,116.0,304.0,313.1,5484.439249,3.098851524060901,0.15850899050164738,59.089277500707354,2025-10-12 22:03:55.782208,WP PMA 80467,No failure
1600,42.1,190.0,297.4,308.5,5456.185956,39.53285650511512,1.1928274910068417,93.8165756167538,2025-10-12 22:28:46.782208,WP PMA 80271,signal delay
1616,34.5,46.0,301.9,310.9,5306.539716,4.386203631999693,0.06330747142743719,55.13939992663783,2025-10-12 23:01:21.782208,WP PMA 80466,No failure
1363,45.5,28.0,298.7,310.2,5411.220721,2.2069385188449013,0.016206042906194172,58.6284248595712,2025-10-12 23:29:57.782208,WP PMA 80467,No failure
1451,42.0,110.0,302.4,311.8,5266.840329,1.4687018058782906,0.04519981009763914,63.59920681556107,2025-10-13 00:00:16.782208,WP PMA 80271,No failure
1506,44.0,97.0,300.7,310.8,5518.409796,0.6907024365966468,0.11610318775934216,64.0145439830309,2025-10-13 00:00:34.782208,WP PMA 80466,No failure
1399,41.8,125.0,301.8,311.1,5512.320025,0.31879044134072887,0.0834026318730722,58.83552203915373,2025-10-13 00:00:50.782208,WP PMA 80466,No failure
1424,53.9,132.0,297.6,308.3,5482.217764,4.802175213831778,0.13556645777001994,64.27284807902326,2025-10-13 00:11:03.782208,WP PMA 80467,No failure
1605,37.0,84.0,296.9,307.8,5333.234841,23.86851950907212,0.9415366239424456,83.55504684964758,2025-10-13 00:19:57.782208,WP PMA 80466,door close delay
1294,66.7,12.0,298.5,309.5,5464.609929,3.910128910792213,0.052108688906176856,56.309898641643166,2025-10-13 00:27:11.782208,WP PMA 80466,No failure
1364,55.6,163.0,297.2,308.5,5347.558129,36.461385699506096,1.9983719108979061,90.26570522546112,2025-10-13 00:29:56.782208,WP PMA 80466,door open delay
1542,39.9,184.0,302.6,310.5,5466.532096,1.013309181336537,0.08473904930583255,56.980257572368,2025-10-13 00:31:20.782208,WP PMA 80466,No failure
1422,48.9,83.0,299.3,308.6,5358.825616,0.21879149445334256,0.09232332788816934,55.41462247521439,2025-10-13 00:42:18.782208,WP PMA 80271,No failure
1508,35.5,217.0,303.3,311.7,5277.296025,4.681671248121682,0.19037467811975492,55.43005807006301,2025-10-13 00:49:56.782208,WP PMA 80466,No failure
1622,37.2,103.0,297.5,308.3,5457.958884,47.56231038168288,0.695912273194448,80.02490348311116,2025-10-13 01:03:25.782208,WP PMA 80467,Random failure
1523,34.7,181.0,301.7,310.5,5431.69,21.90800351979119,1.6851328885107058,85.86132528801342,2025-10-13 01:43:03.782208,WP PMA 80467,door open delay
1416,46.0,128.0,304.0,313.2,5272.2121,44.99963458848886,1.0455234908797713,94.8928400794894,2025-10-13 01:48:13.782208,WP PMA 80466,door close delay
1394,42.9,206.0,297.8,309.7,5326.0804,2.1370011781547356,0.09743734217751684,63.14544584449127,2025-10-13 01:54:10.782208,WP PMA 80466,No failure
1669,32.2,191.0,301.9,311.0,5307.996736,0.6337887969536451,0.054933331468024545,56.02652981469721,2025-10-13 01:57:51.782208,WP PMA 80271,No failure
1526,35.3,46.0,300.2,309.4,5330.4601,21.583542943926396,0.7296964552860199,87.23862919341,2025-10-13 02:01:49.782208,WP PMA 80271,signal delay
1540,36.3,175.0,299.2,310.7,5486.661184,0.3420041609643367,0.15505370891809617,61.00272132530795,2025-10-13 02:49:32.782208,WP PMA 80271,No failure
1611,35.7,23.0,298.6,309.6,5464.609929,3.2690865165581,0.03163173265031241,56.821862356150206,2025-10-13 02:51:58.782208,WP PMA 80466,No failure
1341,50.9,137.0,300.5,309.7,5409.308304,2.924349822607954,0.09559884206607237,57.374155929547555,2025-10-13 02:53:19.782208,WP PMA 80271,No failure
1360,52.9,69.0,298.7,308.5,5378.902281,2.9563802683794176,0.023697941799166487,57.79929674254584,2025-10-13 03:05:55.782208,WP PMA 80467,No failure
1712,26.8,136.0,297.5,308.5,5319.660096,2.744213088534867,0.04896058985134884,61.173154260986664,2025-10-13 03:05:59.782208,WP PMA 80271,No failure
1547,34.7,150.0,296.7,307.6,5436.407824,3.537447397067873,0.030248621565304265,62.86178150089501,2025-10-13 03:08:13.782208,WP PMA 80466,No failure
1510,39.9,134.0,298.2,308.4,5401.074064,0.8421445953299534,0.04793360444078516,60.43580782697327,2025-10-13 03:27:51.782208,WP PMA 80467,No failure
1489,38.9,179.0,301.4,310.9,5513.211001,46.01291865485403,1.7532549414630427,85.77953653546403,2025-10-13 03:42:42.782208,WP PMA 80271,door open delay
1416,39.6,45.0,297.9,308.9,5477.776144,4.1605758975485925,0.15724820393385747,57.35052591342203,2025-10-13 03:42:57.782208,WP PMA 80467,No failure
1600,32.8,205.0,301.5,310.5,5257.120036,32.84282188032643,0.9163814461292255,84.44969552431002,2025-10-13 03:43:34.782208,WP PMA 80466,signal delay
1499,38.0,111.0,300.9,311.0,5262.0516,0.7246961151655854,0.11207866653020264,56.56713734926111,2025-10-13 03:45:54.782208,WP PMA 80271,No failure
1651,35.7,167.0,296.1,307.1,5428.300329,2.228208203732259,0.17058460832569408,63.42697998812397,2025-10-13 03:48:13.782208,WP PMA 80466,No failure
1721,32.3,170.0,300.7,310.1,5259.875625,2.7125726010058058,0.024235234282794504,62.51524338176895,2025-10-13 04:00:41.782208,WP PMA 80466,No failure
1497,46.8,72.0,298.8,308.8,5310.474129,2.7061910950892765,0.16445133934273884,63.15807228343188,2025-10-13 04:02:32.782208,WP PMA 80271,No failure
1607,37.7,93.0,301.7,309.9,5281.655625,1.4933534523844256,0.03072589575734968,56.49496417684761,2025-10-13 04:20:47.782208,WP PMA 80467,No failure
1416,46.0,128.0,304.0,313.2,5272.2121,44.99963458848886,1.0455234908797713,94.8928400794894,2025-10-13 04:21:24.782208,WP PMA 80467,door close delay
1612,36.0,158.0,300.3,309.3,5340.6864,4.479888412990997,0.1907732039320848,59.777255310868135,2025-10-13 04:28:25.782208,WP PMA 80466,No failure
1426,45.4,38.0,298.6,309.5,5482.662025,3.8458915800563687,0.13902175977692693,57.93724361364211,2025-10-13 04:30:12.782208,WP PMA 80467,No failure
1486,40.7,39.0,299.1,310.1,5465.792761,3.7258894964800002,0.19072519895213932,62.07484195976607,2025-10-13 04:36:06.782208,WP PMA 80466,No failure
1612,36.0,158.0,300.3,309.3,5403.279049,1.3294242469580506,0.08775234657235616,55.66206400814536,2025-10-13 04:37:06.782208,WP PMA 80466,No failure
1516,40.4,48.0,301.7,310.8,5509.944441,1.3367583702965662,0.0169113194095756,64.26236588935217,2025-10-13 04:44:53.782208,WP PMA 80467,No failure
1488,41.9,196.0,297.8,308.5,5460.175449,45.36625728238058,0.586463643662795,88.59180885604579,2025-10-13 04:45:16.782208,WP PMA 80466,Random failure
1601,36.1,0.0,300.4,311.8,5497.925904,2.5955866950416575,0.08729991929675131,59.22913899396186,2025-10-13 04:51:22.782208,WP PMA 80271,No failure
1431,39.3,22.0,300.7,310.7,5263.357401,45.30621408858687,1.6214025308819116,97.16558546598277,2025-10-13 04:52:56.782208,WP PMA 80466,door open delay
1521,42.3,215.0,299.2,308.9,5356.483344,48.52642714523353,0.5951679291380665,96.63168155565477,2025-10-13 04:54:32.782208,WP PMA 80271,signal delay
1550,34.9,111.0,301.0,312.3,5241.76,40.43445593905051,1.6685544741278708,90.85306688363391,2025-10-13 05:20:22.782208,WP PMA 80467,door open delay
1564,36.8,7.0,301.1,310.1,5512.765504,3.076023817953583,0.08318161910266335,63.45186699823244,2025-10-13 05:26:42.782208,WP PMA 80466,No failure
1589,36.0,190.0,299.7,310.8,5467.419364,24.81802571081649,1.7230158856927384,92.27456179038798,2025-10-13 05:28:11.782208,WP PMA 80467,drive delay
1605,31.3,128.0,296.7,307.8,5341.855744,0.36207474475588364,0.1961354694606396,62.272638555855984,2025-10-13 05:35:02.782208,WP PMA 80467,No failure
1522,38.0,33.0,297.4,308.6,5418.873769,43.959348730009694,1.0402470399825932,82.86441012075419,2025-10-13 05:35:31.782208,WP PMA 80466,door close delay
1566,31.4,76.0,297.4,308.5,5275.843225,3.495947698158298,0.16067658440392302,55.779074908201146,2025-10-13 06:02:37.782208,WP PMA 80271,No failure
1601,34.0,181.0,300.9,310.9,5519.301264,2.3214733548349042,0.10080712389510528,59.56464234619902,2025-10-13 06:19:17.782208,WP PMA 80271,No failure
1616,36.5,121.0,301.4,310.7,5257.410064,0.8142259193839445,0.08914005199052327,61.676814045947495,2025-10-13 06:20:33.782208,WP PMA 80467,No failure
1458,40.2,137.0,298.7,309.9,5413.574929,4.612730514388354,0.07904369223829631,55.4092185193584,2025-10-13 06:23:53.782208,WP PMA 80466,No failure
1364,47.6,45.0,300.3,309.2,5417.254404,3.56148066021133,0.04761800548084117,56.57931440236118,2025-10-13 06:24:17.782208,WP PMA 80466,No failure
1434,42.5,175.0,304.2,313.4,5487.994561,29.469631294351835,1.4768985738303422,80.94332617051371,2025-10-13 06:25:39.782208,WP PMA 80271,door open delay
1438,51.0,106.0,302.6,311.0,5282.527761,23.436251011580417,1.008899545945385,91.43758397735473,2025-10-13 06:44:15.782208,WP PMA 80467,signal delay
1545,40.1,165.0,302.5,311.2,5440.5376,4.447446181289915,0.17547169356833928,62.437627529779,2025-10-13 06:49:28.782208,WP PMA 80466,No failure
1425,40.0,35.0,297.1,308.5,5264.663364,1.8328163592039144,0.0954715718780941,62.03755881852382,2025-10-13 07:02:32.782208,WP PMA 80466,No failure
1706,28.8,111.0,299.9,311.4,5493.626161,41.441868880496905,0.5863150585353729,86.83961198318863,2025-10-13 07:03:16.782208,WP PMA 80271,door close delay
1559,39.7,24.0,300.1,309.4,5401.221049,32.44510658974924,1.7117118145834187,97.35954246520838,2025-10-13 07:06:11.782208,WP PMA 80271,door open delay
1466,49.0,66.0,302.2,311.7,5508.459961,46.56475728244531,1.788039593172544,96.4904334654153,2025-10-13 07:25:50.782208,WP PMA 80466,signal delay
1675,33.3,28.0,299.2,310.6,5487.550084,3.2080098703874107,0.04230555622737844,63.13068522502142,2025-10-13 07:55:53.782208,WP PMA 80467,No failure
1381,58.4,201.0,302.0,310.5,5283.981481,1.269511277709548,0.16531950316996052,60.387281073950135,2025-10-13 07:58:53.782208,WP PMA 80271,No failure
1615,37.7,153.0,301.1,311.1,5518.261225,4.846519255911061,0.1543383510749784,60.962431059456364,2025-10-13 08:18:48.782208,WP PMA 80467,No failure
1588,41.3,0.0,299.6,309.1,5372.157025,26.46854447660091,1.4917981431887635,95.72411595126835,2025-10-13 08:29:30.782208,WP PMA 80467,Random failure
1550,34.8,177.0,302.1,311.2,5434.6384,2.2812658914930948,0.020235382319249318,64.31141964422218,2025-10-13 08:37:11.782208,WP PMA 80467,No failure
1485,40.7,57.0,298.1,308.2,5312.9521,2.6958093523290394,0.07281969910346948,64.98971070993144,2025-10-13 10:19:17.782208,WP PMA 80466,No failure
1358,47.6,110.0,297.3,308.6,5479.700625,2.5823087893540557,0.08264781723868098,57.86042416809578,2025-10-13 10:32:05.782208,WP PMA 80467,No failure
1595,35.4,15.0,300.4,311.0,5245.960041,40.671410585650555,1.7663676320787438,91.29257725331573,2025-10-13 10:55:16.782208,WP PMA 80271,door open delay
1530,39.9,107.0,301.4,310.8,5512.171536,2.3237167479782714,0.19600799311802009,64.06304442010993,2025-10-13 11:33:24.782208,WP PMA 80271,No failure
1507,37.5,55.0,302.3,311.5,5445.111681,1.585146796212744,0.1588098665424087,59.44022481397286,2025-10-13 11:36:05.782208,WP PMA 80466,No failure
1568,33.7,175.0,297.4,309.0,5452.493281,30.817869178878684,1.1978453154513014,94.86165932455624,2025-10-13 12:03:10.782208,WP PMA 80466,door close delay
1490,47.9,163.0,300.3,309.2,5340.6864,1.6308461533344394,0.040923532730571595,63.68896357817503,2025-10-13 12:12:46.782208,WP PMA 80467,No failure
1660,28.7,66.0,301.7,310.6,5511.280644,4.694843877964384,0.06465421971844683,57.08927183689114,2025-10-13 12:17:43.782208,WP PMA 80467,No failure
1762,28.0,202.0,300.0,310.1,5501.782276,4.043486316033427,0.17196584353110272,61.961724653750075,2025-10-13 12:20:51.782208,WP PMA 80467,No failure
1507,37.5,134.0,299.0,308.7,5390.055889,3.3375100613481226,0.1716023824125399,56.96596482737394,2025-10-13 12:23:27.782208,WP PMA 80466,No failure
1620,34.1,89.0,299.2,308.4,5386.385664,45.8446025594114,0.5034314840442716,96.88632719093115,2025-10-13 12:26:17.782208,WP PMA 80466,door open delay
1892,21.8,177.0,301.9,310.5,5450.425929,43.654580946114876,0.9529393734897191,97.87179433207908,2025-10-13 12:27:02.782208,WP PMA 80271,door close delay
1684,29.3,167.0,303.8,312.6,5478.9604,45.95904206895359,1.5958608150105298,83.515013763323,2025-10-13 12:39:07.782208,WP PMA 80467,door close delay
1362,56.3,179.0,299.9,310.1,5501.930625,1.7956322738673864,0.06589108666825781,60.46116265927608,2025-10-13 12:59:58.782208,WP PMA 80271,No failure
1360,44.0,67.0,302.3,310.9,5439.210001,0.6446859282125967,0.1826927601283296,60.248270978028586,2025-10-13 13:04:51.782208,WP PMA 80467,No failure
1432,42.7,68.0,302.3,311.2,5290.234756,3.0130894219500157,0.18822810548486862,58.38909876897554,2025-10-13 13:38:11.782208,WP PMA 80467,No failure
1423,49.5,200.0,298.7,309.1,5462.540281,44.33656037912953,1.588388563096027,90.18336290840858,2025-10-13 13:40:32.782208,WP PMA 80271,door open delay
1661,38.2,82.0,298.1,309.0,5482.513936,35.00952125655859,1.783869388811883,99.12664194372854,2025-10-13 13:41:14.782208,WP PMA 80271,door open delay
1455,48.0,203.0,300.6,311.6,5491.699236,2.320970504221735,0.12819738197905117,58.63204010718257,2025-10-13 13:56:15.782208,WP PMA 80271,No failure
1315,48.9,127.0,298.5,309.5,5355.458761,41.06519945448606,1.6344147895833567,95.67090294936038,2025-10-13 14:23:53.782208,WP PMA 80466,door close delay
1397,46.9,82.0,302.6,311.9,5268.582225,46.33389815864494,0.5851979464331976,90.61406537998971,2025-10-13 14:29:10.782208,WP PMA 80467,Random failure
1323,51.1,130.0,297.4,308.7,5265.824356,2.2443521857028794,0.10763638843171755,55.22535109954161,2025-10-13 14:54:37.782208,WP PMA 80466,No failure
1550,34.9,111.0,301.0,312.3,5241.76,40.43445593905051,1.6685544741278708,90.85306688363391,2025-10-13 14:56:01.782208,WP PMA 80271,door open delay
1335,51.1,161.0,303.7,312.7,5272.2121,4.733791920976123,0.017398867641404216,59.45614948406324,2025-10-13 14:58:28.782208,WP PMA 80466,No failure
1738,24.0,195.0,297.5,308.9,5329.0,40.63022144617679,0.952472150300518,95.93287998331198,2025-10-13 15:04:59.782208,WP PMA 80466,door close delay
1494,35.3,54.0,301.3,310.8,5508.756841,0.3788775026422002,0.16732284206856177,58.94845886671834,2025-10-13 15:12:28.782208,WP PMA 80271,No failure
1335,58.3,9.0,300.4,311.9,5246.974096,1.6881099405632893,0.016187476327203503,55.4701899720974,2025-10-13 15:22:18.782208,WP PMA 80466,No failure
1530,34.8,211.0,304.0,313.3,5494.663876,4.6599498088423035,0.10135060597312047,64.04377835365281,2025-10-13 15:44:25.782208,WP PMA 80271,No failure
1462,48.2,204.0,298.0,308.7,5356.336969,3.783904229602901,0.012944862232661936,60.51319117527842,2025-10-13 15:50:35.782208,WP PMA 80467,No failure
1357,54.5,49.0,301.2,310.3,5318.639041,1.5945685228387954,0.08881068058273661,55.12310234249809,2025-10-13 15:54:13.782208,WP PMA 80466,No failure
1529,42.2,157.0,297.0,307.9,5420.935129,4.913959727080384,0.16017671624402186,62.239113048150436,2025-10-13 16:29:27.782208,WP PMA 80271,No failure
1526,35.3,46.0,300.2,309.4,5330.4601,21.583542943926396,0.7296964552860199,87.23862919341,2025-10-13 16:36:47.782208,WP PMA 80466,signal delay
1438,46.6,63.0,299.2,308.5,5367.320644,1.9922596518934332,0.17593004077099178,58.63950082159632,2025-10-13 16:38:08.782208,WP PMA 80271,No failure
1451,45.3,183.0,301.4,310.5,5511.874564,32.175175006445365,1.5074271932726768,89.3904760538535,2025-10-13 16:55:23.782208,WP PMA 80467,Random failure
1550,39.0,35.0,297.9,307.6,5362.779361,1.2430579519864497,0.038090692778217465,62.19818901393492,2025-10-13 16:56:32.782208,WP PMA 80271,No failure
1569,35.8,146.0,304.1,313.2,5484.735481,3.0142113167564544,0.02081011790420321,58.6601942191923,2025-10-13 16:59:02.782208,WP PMA 80466,No failure
1334,48.0,42.0,298.6,310.0,5410.926481,44.6921753251622,1.7757381645190178,97.48377633205858,2025-10-13 17:04:49.782208,WP PMA 80467,door open delay
1305,55.2,20.0,302.7,310.4,5464.1664,2.265665302023259,0.0870006809801934,62.79403099857192,2025-10-13 17:20:47.782208,WP PMA 80466,No failure
1364,54.0,95.0,298.9,310.3,5406.072676,2.402036908536174,0.07138194600791727,62.933916417178686,2025-10-13 17:34:04.782208,WP PMA 80467,No failure
1671,29.9,204.0,302.4,311.9,5504.1561,0.9512335765409072,0.1563264607396516,63.35214943963184,2025-10-13 17:48:22.782208,WP PMA 80271,No failure
2237,17.0,95.0,300.8,311.2,5507.272521,3.3019885903848096,0.07461463344722769,60.85509721912129,2025-10-13 18:21:38.782208,WP PMA 80467,No failure
1353,49.8,182.0,299.9,309.2,5413.133476,29.662009234732807,1.229492610046293,92.09581103221204,2025-10-13 18:27:05.782208,WP PMA 80467,drive delay
1619,32.7,85.0,300.5,311.7,5496.146496,3.3287548990959923,0.11769284132762638,59.722341312011785,2025-10-13 18:28:40.782208,WP PMA 80271,No failure
1972,21.3,67.0,301.9,310.3,5283.690721,2.850970079913088,0.11803723304541755,64.30443617373972,2025-10-13 18:33:28.782208,WP PMA 80467,No failure
1581,47.4,51.0,298.1,308.7,5470.525369,49.33111180790905,0.5420956171257758,97.1445135404005,2025-10-13 18:35:12.782208,WP PMA 80467,door close delay
1392,52.9,173.0,301.0,310.9,5254.365169,41.6977753684972,0.7231161539905369,99.45713980477058,2025-10-13 18:45:14.782208,WP PMA 80467,signal delay
1255,71.8,149.0,300.2,311.0,5246.394624,1.6968064415331994,0.14243727210682,60.96618767459688,2025-10-13 18:47:28.782208,WP PMA 80271,No failure
1315,48.9,127.0,298.5,309.5,5355.458761,41.06519945448606,1.6344147895833567,95.67090294936038,2025-10-13 18:55:18.782208,WP PMA 80466,door close delay
1671,31.6,137.0,301.7,310.8,5316.888889,29.42162169453939,1.7513437119216573,96.732082886829,2025-10-13 19:07:08.782208,WP PMA 80466,door open delay
1567,39.3,9.0,301.9,310.8,5447.9161,0.2320292784820727,0.16153167465501075,62.57728773150993,2025-10-13 19:08:40.782208,WP PMA 80467,No failure
1569,35.6,173.0,298.0,307.6,5369.665284,2.2538083842722596,0.1261508523246177,59.5462557502438,2025-10-13 19:16:33.782208,WP PMA 80271,No failure
1638,33.6,218.0,298.9,310.7,5486.513041,2.854253723987621,0.09151142475815108,56.09826004730455,2025-10-13 19:21:33.782208,WP PMA 80467,No failure
1473,39.9,184.0,298.4,308.3,5468.6025,26.055495263783655,1.7852296960269574,95.2760721632894,2025-10-13 19:27:45.782208,WP PMA 80466,door close delay
1572,35.9,71.0,297.6,308.5,5262.486849,3.2194476704918924,0.07836907774406834,55.29626422616764,2025-10-13 19:44:10.782208,WP PMA 80467,No failure
1663,28.4,67.0,298.3,308.2,5304.791556,1.5038122823568258,0.01783763216576638,56.91927200988155,2025-10-13 19:48:48.782208,WP PMA 80467,No failure
1579,36.3,211.0,299.3,308.7,5384.917924,0.1843134979444579,0.06132916821867841,55.44482206412477,2025-10-13 19:59:46.782208,WP PMA 80466,No failure
1448,43.3,199.0,298.2,308.3,5399.898256,2.8569299258818344,0.17233567671572647,60.06922674760672,2025-10-13 20:05:40.782208,WP PMA 80467,No failure
1754,26.9,209.0,302.9,312.3,5270.179216,31.064126655309654,0.7271846408765829,96.36983679144254,2025-10-13 20:06:36.782208,WP PMA 80271,signal delay
1464,49.1,171.0,303.9,313.4,5271.195609,49.98468948636307,0.7407190196670943,80.1908078185052,2025-10-13 20:28:33.782208,WP PMA 80271,door open delay
1406,41.9,48.0,303.7,312.9,5270.76,0.1342842767944919,0.04474891244737572,59.24732190307425,2025-10-13 20:35:59.782208,WP PMA 80467,No failure
1353,51.0,172.0,303.5,312.5,5276.5696,0.9226515301507785,0.06414445952243394,55.799316126348785,2025-10-13 20:44:22.782208,WP PMA 80467,No failure
1365,52.9,218.0,298.0,308.2,5359.411264,2.2319273768258308,0.1373282651656158,63.68131008667479,2025-10-13 20:52:35.782208,WP PMA 80271,No failure
1557,31.6,52.0,300.8,310.9,5520.044209,23.535299894024025,1.8677102114598112,91.6199465983229,2025-10-13 20:54:24.782208,WP PMA 80466,door open delay
1375,46.4,48.0,298.7,308.5,5373.476416,26.69484987609539,0.88461271440945,80.9906377364198,2025-10-13 20:54:29.782208,WP PMA 80467,door close delay
1588,33.4,204.0,297.1,308.4,5416.224025,38.83808741520501,1.6968130959118022,95.07069908070774,2025-10-13 21:01:44.782208,WP PMA 80466,door open delay
1416,46.0,128.0,304.0,313.2,5272.2121,44.99963458848886,1.0455234908797713,94.8928400794894,2025-10-13 21:03:24.782208,WP PMA 80467,door close delay
1521,42.3,215.0,299.2,308.9,5356.483344,48.52642714523353,0.5951679291380665,96.63168155565477,2025-10-13 21:07:59.782208,WP PMA 80466,signal delay
1530,42.3,21.0,302.3,311.5,5507.866225,30.450301760589426,1.1058661088010444,87.95387877662486,2025-10-13 21:19:35.782208,WP PMA 80271,signal delay
1409,43.2,9.0,300.3,310.0,5514.102049,2.3281517548020476,0.16997492470736245,63.71606737964328,2025-10-13 21:23:44.782208,WP PMA 80271,No failure
1462,46.8,4.0,298.7,309.7,5407.690369,3.088098655059549,0.08985725237849997,61.60142281494787,2025-10-13 21:40:50.782208,WP PMA 80467,No failure
1434,48.0,82.0,299.8,309.6,5502.524041,2.040286090200663,0.19843059105386224,60.08528869498199,2025-10-13 21:46:08.782208,WP PMA 80467,No failure
1497,38.4,28.0,302.1,311.3,5435.670529,26.28941107100395,1.7209206689441916,99.77365236649493,2025-10-13 21:53:38.782208,WP PMA 80466,door close delay
1364,65.3,208.0,300.7,310.2,5264.518249,2.125468584103019,0.07451278441215105,60.666496577142006,2025-10-13 21:55:25.782208,WP PMA 80466,No failure
1434,43.3,96.0,297.8,309.0,5441.865361,1.9421488781517418,0.10347400762446896,56.16860761682888,2025-10-13 21:57:37.782208,WP PMA 80271,No failure
1425,47.8,179.0,300.0,311.1,5248.133136,31.892833073046287,0.9683666427343691,94.56991747011459,2025-10-13 22:10:50.782208,WP PMA 80271,signal delay
1355,50.1,104.0,302.3,311.8,5268.582225,2.7603583491454247,0.1893887361985006,58.94523590971663,2025-10-13 22:14:33.782208,WP PMA 80467,No failure
1734,32.4,161.0,299.0,308.6,5390.4964,36.16471629499442,0.9531873013492951,95.43673005245326,2025-10-13 22:24:02.782208,WP PMA 80467,Random failure
1655,31.5,172.0,298.9,310.1,5464.905625,1.976357188272957,0.08306270995080704,57.83553283570213,2025-10-13 22:26:53.782208,WP PMA 80271,No failure
1393,45.7,99.0,298.7,309.7,5485.920489,22.951023860642238,1.950191784586998,84.35485044656178,2025-10-13 22:28:52.782208,WP PMA 80271,door close delay
1386,42.2,30.0,299.3,308.5,5363.511696,2.3679687626018433,0.07013356834665946,56.28499298918598,2025-10-13 22:29:55.782208,WP PMA 80467,No failure
1761,26.2,164.0,297.5,308.7,5479.404529,2.440538133530399,0.023272651960519537,58.43925316966617,2025-10-13 22:31:04.782208,WP PMA 80466,No failure
1278,60.5,32.0,298.6,308.3,5379.635716,1.141631339605319,0.1809342780089995,58.39082939823193,2025-10-13 22:45:42.782208,WP PMA 80467,No failure
1366,49.7,74.0,299.2,308.5,5386.238881,45.32958564048296,1.215939721799948,82.21845222297605,2025-10-13 22:48:22.782208,WP PMA 80466,signal delay
1480,40.0,148.0,300.5,309.9,5324.912784,3.1004366636185527,0.13582776879320854,55.001624444251526,2025-10-13 22:53:16.782208,WP PMA 80467,No failure
1774,23.0,30.0,297.2,308.6,5264.518249,2.728922334449699,0.08453276468687504,55.720933031595244,2025-10-13 22:56:04.782208,WP PMA 80271,No failure
1629,32.5,45.0,298.1,309.9,5446.587601,23.75340627019404,1.9241090702893169,87.54583502901593,2025-10-13 22:57:18.782208,WP PMA 80466,door close delay
1301,58.5,155.0,298.0,307.6,5372.157025,2.349119731639589,0.11481181043014993,57.7878952681647,2025-10-13 22:59:25.782208,WP PMA 80466,No failure
1428,43.0,53.0,299.1,310.5,5487.401929,4.866204937381361,0.035300243989336455,60.6528295116681,2025-10-13 22:59:59.782208,WP PMA 80467,No failure
1736,26.1,146.0,299.6,309.0,5380.956025,1.0242392374453817,0.12141427796908537,57.280377864446585,2025-10-13 23:02:39.782208,WP PMA 80271,No failure
1453,37.6,112.0,297.5,308.7,5330.4601,2.443785150161028,0.1490400802883156,62.92781758152263,2025-10-13 23:12:51.782208,WP PMA 80467,No failure
1502,39.8,34.0,299.2,310.4,5468.306704,0.6873613069280532,0.05903233243511956,57.81058253114102,2025-10-13 23:42:22.782208,WP PMA 80466,No failure
1242,60.9,117.0,299.0,308.1,5362.047076,1.5804169937237444,0.0689378759091354,62.49292478922109,2025-10-14 00:00:33.782208,WP PMA 80466,No failure
1372,54.7,95.0,301.8,310.6,5305.6656,4.447798365744909,0.1999057737543278,56.87543378461094,2025-10-14 00:05:21.782208,WP PMA 80467,No failure
1665,29.6,20.0,298.1,308.5,5469.637849,37.238730558246914,1.0025553265776534,99.00835330996256,2025-10-14 00:12:30.782208,WP PMA 80467,Random failure
1375,42.7,58.0,298.9,309.3,5474.816064,36.69009158864943,0.8981628206628844,98.64108579120862,2025-10-14 00:35:30.782208,WP PMA 80466,door close delay
1618,30.3,125.0,299.7,311.1,5488.290889,40.60410458568789,0.9727397823334152,91.90296894800397,2025-10-14 00:41:15.782208,WP PMA 80467,door close delay
1581,47.4,51.0,298.1,308.7,5470.525369,49.33111180790905,0.5420956171257758,97.1445135404005,2025-10-14 01:38:43.782208,WP PMA 80467,door close delay
1654,31.1,158.0,298.9,310.2,5413.133476,3.6670050261125775,0.17033452969815938,56.90217571726911,2025-10-14 01:42:21.782208,WP PMA 80466,No failure
1609,27.6,108.0,300.7,310.6,5252.045841,27.408002308158085,1.5516235058130665,90.91280030971026,2025-10-14 01:50:05.782208,WP PMA 80466,door close delay
1436,54.1,90.0,301.4,310.7,5512.320025,48.21507638039077,1.0595772874397975,95.62059277481504,2025-10-14 02:10:30.782208,WP PMA 80466,signal delay
1352,52.0,69.0,301.2,310.6,5257.7001,2.18105697808911,0.11192453487547659,61.64373348726052,2025-10-14 02:21:07.782208,WP PMA 80271,No failure
1534,33.7,47.0,298.1,310.0,5446.44,36.52876351172468,0.8635648460473964,87.49703042419631,2025-10-14 02:26:44.782208,WP PMA 80271,door close delay
1604,39.4,9.0,297.2,308.3,5419.462689,3.492781977513472,0.022348195455917402,57.42128382393878,2025-10-14 02:27:17.782208,WP PMA 80467,No failure
1268,58.0,90.0,299.8,309.1,5380.2225,2.609332386814435,0.07335254632022424,61.08990081966259,2025-10-14 02:27:38.782208,WP PMA 80271,No failure
1373,51.2,215.0,298.0,308.2,5359.411264,4.503456542085939,0.05079256309715719,58.16186467123621,2025-10-14 03:04:14.782208,WP PMA 80467,No failure
1486,38.9,106.0,300.7,310.9,5518.558369,27.887507757506174,1.9882297442715522,90.94967991009187,2025-10-14 03:19:41.782208,WP PMA 80467,door close delay
1434,42.5,175.0,304.2,313.4,5487.994561,29.469631294351835,1.4768985738303422,80.94332617051371,2025-10-14 03:21:05.782208,WP PMA 80466,door open delay
1390,53.4,175.0,297.6,308.6,5279.766244,4.226294250223021,0.12096134190582969,56.12482763883907,2025-10-14 03:24:29.782208,WP PMA 80467,No failure
1618,35.1,173.0,298.8,309.3,5303.626276,4.597234284306193,0.10659339523840819,64.68222092286808,2025-10-14 03:32:23.782208,WP PMA 80467,No failure
1498,39.5,47.0,299.3,308.6,5385.945321,4.6305837179850675,0.03679553271952133,56.565780437880484,2025-10-14 03:33:38.782208,WP PMA 80467,No failure
1600,42.1,190.0,297.4,308.5,5456.185956,39.53285650511512,1.1928274910068417,93.8165756167538,2025-10-14 03:35:30.782208,WP PMA 80271,signal delay
1475,47.9,79.0,302.4,311.0,5282.673124,37.29116374458573,1.6642971181662811,88.8607658808726,2025-10-14 03:38:31.782208,WP PMA 80466,Random failure
1514,37.9,9.0,298.0,308.2,5463.575056,46.10254144113112,0.6079530709041836,88.48324434748507,2025-10-14 03:42:38.782208,WP PMA 80467,signal delay
1372,48.5,,298.8,309.2,5473.780225,2.9777874284752683,0.027273007392514224,58.99547388797408,2025-10-14 03:45:48.782208,WP PMA 80466,No failure
1364,55.6,163.0,297.2,308.5,5347.558129,36.461385699506096,1.9983719108979061,90.26570522546112,2025-10-14 03:58:20.782208,WP PMA 80467,door open delay
1532,36.3,2.0,301.3,310.0,5419.757161,3.198556285585527,0.14202909271022698,55.424965369569854,2025-10-14 04:03:21.782208,WP PMA 80466,No failure
1410,48.1,23.0,297.3,308.3,5419.168225,4.385176439351734,0.04616047051723046,55.71918536629496,2025-10-14 04:07:26.782208,WP PMA 80467,No failure
1513,40.0,51.0,300.4,311.7,5244.077056,25.14323664801961,0.5049198162018053,96.51196761417759,2025-10-14 04:08:15.782208,WP PMA 80271,door close delay
1553,44.7,173.0,301.4,310.4,5510.538289,3.9342473628485046,0.1737374706695621,63.063682926086585,2025-10-14 04:10:33.782208,WP PMA 80466,No failure
1513,38.0,38.0,300.9,311.9,5491.254609,45.398608991025895,1.6628507955465734,97.30340726359175,2025-10-14 04:27:47.782208,WP PMA 80467,door open delay
1397,46.9,82.0,302.6,311.9,5268.582225,46.33389815864494,0.5851979464331976,90.61406537998971,2025-10-14 04:39:13.782208,WP PMA 80271,Random failure
1528,46.3,203.0,296.7,308.1,5331.628324,27.188963976400803,1.6875662775840243,86.29292509365149,2025-10-14 04:54:13.782208,WP PMA 80467,signal delay
1623,33.4,74.0,297.5,309.3,5450.130625,35.32667695115313,1.498253405644066,95.89964159155058,2025-10-14 05:22:28.782208,WP PMA 80271,door close delay
1579,33.4,50.0,296.7,307.9,5438.177536,29.652550279830812,1.5245415270414138,90.68371500473029,2025-10-14 05:42:05.782208,WP PMA 80467,signal delay
1564,37.5,20.0,297.5,309.3,5451.311889,3.3611790992889885,0.1765301956023231,55.13558317932628,2025-10-14 05:51:15.782208,WP PMA 80466,No failure
1483,41.5,96.0,299.0,310.4,5487.105625,1.6579731271535305,0.03949398600517087,64.53680334773256,2025-10-14 06:19:54.782208,WP PMA 80466,No failure
1605,37.0,84.0,296.9,307.8,5333.234841,23.86851950907212,0.9415366239424456,83.55504684964758,2025-10-14 06:31:56.782208,WP PMA 80466,door close delay
1605,31.0,18.0,298.4,307.9,5391.083776,3.3116085839133076,0.04582211945911172,64.49064014301655,2025-10-14 06:36:01.782208,WP PMA 80271,No failure
1476,42.3,107.0,297.4,308.6,5453.674801,2.7064843153339213,0.011547743630171808,56.10362282577387,2025-10-14 06:39:19.782208,WP PMA 80271,No failure
1395,43.7,215.0,300.7,311.7,5495.405161,4.625097391193423,0.19883217274139495,63.968613043662195,2025-10-14 06:49:52.782208,WP PMA 80466,No failure
1504,44.8,111.0,303.5,312.9,5271.486025,1.7858148489006147,0.015418278696202915,55.69668831252157,2025-10-14 06:59:53.782208,WP PMA 80467,No failure
1423,49.5,200.0,298.7,309.1,5462.540281,44.33656037912953,1.588388563096027,90.18336290840858,2025-10-14 07:00:25.782208,WP PMA 80271,door open delay
1557,31.6,52.0,300.8,310.9,5520.044209,23.535299894024025,1.8677102114598112,91.6199465983229,2025-10-14 07:14:42.782208,WP PMA 80466,door open delay
1686,29.1,60.0,298.1,309.9,5446.144804,43.922000807869985,1.3483092713247107,80.57454392069313,2025-10-14 07:14:47.782208,WP PMA 80271,door close delay
1329,50.6,148.0,302.5,310.2,5280.347556,0.6935264656428402,0.06982769325614753,62.49459332029488,2025-10-14 07:26:36.782208,WP PMA 80466,No failure
1683,31.5,8.0,300.5,310.3,5520.341401,1.6508138340933576,0.0332983373157916,57.35951843219969,2025-10-14 07:34:59.782208,WP PMA 80271,No failure
1447,47.1,185.0,298.2,309.4,5258.425225,3.952957513275378,0.16305494366134446,64.4383358473313,2025-10-14 07:42:54.782208,WP PMA 80467,No failure
1915,22.3,116.0,303.6,312.3,5275.843225,30.152304086590867,1.3571095834850015,96.856841139973,2025-10-14 07:50:27.782208,WP PMA 80271,door close delay
1730,30.2,106.0,300.5,311.6,5244.6564,2.4847634854945646,0.1987185968855241,63.25953094144696,2025-10-14 07:56:46.782208,WP PMA 80466,No failure
1355,51.4,76.0,297.0,308.1,5418.284881,21.531168293332144,1.2389006808121412,85.78997715095218,2025-10-14 08:01:48.782208,WP PMA 80467,Random failure
1368,49.1,,298.8,309.1,5473.780225,3.07972647461377,0.12078732188834004,60.14013512475964,2025-10-14 08:02:56.782208,WP PMA 80271,No failure
1664,28.1,67.0,297.4,308.4,5275.697956,3.781397175151503,0.10957085284664464,55.5552951685874,2025-10-14 08:04:43.782208,WP PMA 80467,No failure
1502,43.2,139.0,297.6,308.3,5260.455841,45.25046550085902,0.681504933084405,84.61137984892757,2025-10-14 08:05:04.782208,WP PMA 80271,door close delay
1571,38.3,59.0,299.3,309.1,5395.343209,3.3266060799228097,0.03774416021985573,60.109771501607504,2025-10-14 08:11:23.782208,WP PMA 80467,No failure
1528,39.9,160.0,297.5,308.4,5319.951844,3.1875173700637465,0.19598164098484352,64.0644464671149,2025-10-14 08:16:34.782208,WP PMA 80271,No failure
1383,48.7,147.0,295.6,306.1,5432.574436,42.06220479764772,0.8198605991308731,86.20096073009861,2025-10-14 08:18:10.782208,WP PMA 80466,door close delay
2041,19.2,174.0,302.6,311.6,5443.783524,0.5010258748578803,0.15793400974231978,57.99546216176539,2025-10-14 08:23:30.782208,WP PMA 80271,No failure
1464,49.1,171.0,303.9,313.4,5271.195609,49.98468948636307,0.7407190196670943,80.1908078185052,2025-10-14 08:25:51.782208,WP PMA 80271,door open delay
1665,29.6,20.0,298.1,308.5,5469.637849,37.238730558246914,1.0025553265776534,99.00835330996256,2025-10-14 08:34:23.782208,WP PMA 80271,Random failure
1383,48.7,147.0,295.6,306.1,5432.574436,42.06220479764772,0.8198605991308731,86.20096073009861,2025-10-14 08:35:29.782208,WP PMA 80466,door close delay
1472,45.1,70.0,297.9,308.5,5470.377444,1.2703493129196313,0.16763540470827737,58.92731497317267,2025-10-14 08:45:43.782208,WP PMA 80466,No failure
1702,29.3,,300.9,310.5,5516.329984,3.695941861811869,0.029540499254755673,57.789175823497494,2025-10-14 08:52:41.782208,WP PMA 80466,No failure
1686,28.9,59.0,301.7,310.2,5281.800976,41.80940364666146,1.806523433807369,93.02853967611605,2025-10-14 09:05:55.782208,WP PMA 80271,door open delay
1893,24.6,15.0,297.7,309.3,5323.745296,2.555540011335278,0.05325393322567434,61.67926229337655,2025-10-14 09:15:29.782208,WP PMA 80466,No failure
1509,39.9,25.0,302.0,311.3,5303.043684,27.239929425481904,1.4595475697774438,80.04445211653625,2025-10-14 09:17:46.782208,WP PMA 80466,door open delay
1533,35.2,92.0,298.4,310.1,5445.702025,3.778136157724413,0.09448923862649262,64.97219865032133,2025-10-14 09:21:39.782208,WP PMA 80467,No failure
1406,50.5,187.0,302.0,311.1,5434.785841,3.0273754266160964,0.06771760186129537,56.63910802789619,2025-10-14 09:37:13.782208,WP PMA 80466,No failure
1440,52.5,200.0,300.6,310.7,5519.895616,1.4116931181827963,0.1264052990819329,58.06420971585978,2025-10-14 09:41:59.782208,WP PMA 80467,No failure
1704,29.7,103.0,300.4,311.5,5495.998225,2.8657846487660525,0.05315599660335025,58.40288590740095,2025-10-14 09:58:48.782208,WP PMA 80467,No failure
1641,31.1,,298.7,310.1,5251.466089,4.819455002840332,0.07771455143011706,62.96516525352267,2025-10-14 10:09:28.782208,WP PMA 80271,No failure
1438,51.0,106.0,302.6,311.0,5282.527761,23.436251011580417,1.008899545945385,91.43758397735473,2025-10-14 10:11:33.782208,WP PMA 80271,signal delay
1460,46.7,150.0,297.6,308.7,5319.805969,1.8478502077282513,0.14756884133431605,60.97144585659387,2025-10-14 10:14:09.782208,WP PMA 80271,No failure
1542,35.1,204.0,301.3,311.0,5265.534096,3.5180140071521326,0.1718324381753311,59.69507813377886,2025-10-14 10:19:19.782208,WP PMA 80466,No failure
2077,19.1,80.0,296.4,307.3,5422.407769,1.339000394426422,0.17287248190938978,64.79199573252141,2025-10-14 10:41:20.782208,WP PMA 80466,No failure
1695,30.9,108.0,301.3,310.4,5313.389449,2.3019428831785755,0.18523421123159953,64.05534628563794,2025-10-14 10:56:07.782208,WP PMA 80467,No failure
1937,21.8,205.0,301.4,310.1,5319.805969,2.847683139036371,0.060546839944186095,64.82129590423453,2025-10-14 11:02:16.782208,WP PMA 80466,No failure
1649,29.4,49.0,303.3,311.8,5276.133769,3.476299546764457,0.05533669504962434,56.076065494450354,2025-10-14 11:10:15.782208,WP PMA 80271,No failure
1906,21.2,110.0,302.4,310.1,5280.492889,27.30105111905368,0.7259684380530005,99.21154813216347,2025-10-14 11:30:43.782208,WP PMA 80271,door close delay
1386,49.0,35.0,303.5,312.3,5480.144784,2.8815349626154747,0.07080780469503145,60.26705144762112,2025-10-14 11:38:30.782208,WP PMA 80466,No failure
1504,42.6,109.0,301.5,311.0,5264.808481,0.676318727104152,0.16186388252394038,62.73557790499354,2025-10-14 12:01:27.782208,WP PMA 80466,No failure
1489,38.9,179.0,301.4,310.9,5513.211001,46.01291865485403,1.7532549414630427,85.77953653546403,2025-10-14 12:03:35.782208,WP PMA 80467,door open delay
1546,36.2,177.0,298.3,309.6,5258.425225,0.9134737182348585,0.19144421381642412,60.72893412954958,2025-10-14 12:14:21.782208,WP PMA 80271,No failure
1473,39.9,184.0,298.4,308.3,5468.6025,26.055495263783655,1.7852296960269574,95.2760721632894,2025-10-14 12:14:42.782208,WP PMA 80271,door close delay
1719,31.9,0.0,301.9,309.7,5281.074241,0.23815835379136366,0.019992258783387715,58.480842848319725,2025-10-14 12:19:35.782208,WP PMA 80271,No failure
1381,65.2,136.0,300.3,311.2,5246.394624,0.7018042635397472,0.03173648840419998,64.85439001124408,2025-10-14 12:20:04.782208,WP PMA 80271,No failure
1577,36.5,4.0,300.5,311.6,5495.2569,2.049555504591137,0.1666203275179162,60.946624925834556,2025-10-14 12:24:59.782208,WP PMA 80271,No failure
1578,34.1,120.0,301.5,310.6,5317.180561,1.8860024525355796,0.09258951892930291,60.892669735720865,2025-10-14 12:39:51.782208,WP PMA 80466,No failure
1563,32.8,51.0,298.1,309.9,5446.44,23.249154431791236,1.3895731218270553,92.09673056674498,2025-10-14 12:40:31.782208,WP PMA 80466,door close delay
1416,58.7,156.0,303.8,312.8,5272.2121,33.788869839697,1.2694095011541886,98.03901176263835,2025-10-14 12:57:26.782208,WP PMA 80466,door open delay
1502,46.7,197.0,299.1,308.8,5352.3856,2.0258274998161605,0.055423755945690795,60.511138511231664,2025-10-14 13:40:55.782208,WP PMA 80271,No failure
1508,37.8,150.0,300.5,309.8,5409.455401,0.3915324481011424,0.0655648276995362,59.05728875470591,2025-10-14 13:41:18.782208,WP PMA 80466,No failure
1411,51.3,43.0,298.9,308.2,5388.734464,4.870896882134754,0.1876400247688658,63.41238041957318,2025-10-14 13:49:31.782208,WP PMA 80271,No failure
1416,61.8,209.0,300.7,310.4,5504.304481,21.449680119185427,1.6055801123947226,87.14991297931678,2025-10-14 14:03:31.782208,WP PMA 80467,signal delay
1742,28.9,150.0,299.2,308.5,5361.314841,2.246528604175497,0.1127789417487984,59.534104253254,2025-10-14 14:05:16.782208,WP PMA 80467,No failure
1558,37.6,44.0,298.7,310.1,5486.216761,1.2225597730769922,0.030020886135693592,59.981159410647635,2025-10-14 14:23:05.782208,WP PMA 80271,No failure
1407,51.1,157.0,300.6,310.4,5504.601249,1.96928488872385,0.05747630883804616,59.39216100810555,2025-10-14 14:34:31.782208,WP PMA 80467,No failure
1412,52.4,142.0,300.0,310.5,5500.892224,2.3711548306109025,0.07298619443314049,64.89110213624352,2025-10-14 14:34:34.782208,WP PMA 80467,No failure
1695,26.7,28.0,300.5,310.5,5249.582116,31.321847723618333,0.611570596074849,91.54170591118405,2025-10-14 14:38:10.782208,WP PMA 80271,drive delay
1387,57.6,50.0,298.6,309.6,5464.462084,31.02007056378983,1.924982620112702,85.77319677094144,2025-10-14 14:47:04.782208,WP PMA 80467,signal delay
1648,29.6,157.0,302.0,310.3,5284.272249,45.846751847405464,1.916727041356644,80.06354773317213,2025-10-14 14:51:50.782208,WP PMA 80271,drive delay
1706,28.8,111.0,299.9,311.4,5493.626161,41.441868880496905,0.5863150585353729,86.83961198318863,2025-10-14 15:04:40.782208,WP PMA 80271,door close delay
1686,27.9,135.0,301.5,310.7,5257.410064,0.5303393610971427,0.09170350216409434,59.86418678702289,2025-10-14 15:12:06.782208,WP PMA 80271,No failure
1691,30.3,49.0,298.1,308.7,5471.708841,3.510320634437692,0.14304551856525338,62.42581880694528,2025-10-14 15:12:46.782208,WP PMA 80467,No failure
1387,57.6,50.0,298.6,309.6,5464.462084,31.02007056378983,1.924982620112702,85.77319677094144,2025-10-14 15:20:44.782208,WP PMA 80466,signal delay
1484,39.2,8.0,298.8,308.4,5461.357801,38.09016038139223,0.9003470073560125,93.988876876617,2025-10-14 15:24:04.782208,WP PMA 80466,signal delay
1664,27.6,145.0,298.1,307.7,5366.881081,0.29961560747806326,0.022948929197934308,62.5818545879713,2025-10-14 16:10:12.782208,WP PMA 80466,No failure
1446,36.6,227.0,297.1,308.1,5419.609924,43.297600346955875,1.571528479618523,90.93819912138767,2025-10-14 16:58:08.782208,WP PMA 80271,door close delay
1686,28.9,59.0,301.7,310.2,5281.800976,41.80940364666146,1.806523433807369,93.02853967611605,2025-10-14 17:09:15.782208,WP PMA 80467,door open delay
1388,49.4,128.0,300.3,311.1,5497.184449,2.3705114739777664,0.13664660282980806,56.646196341760856,2025-10-14 17:14:15.782208,WP PMA 80271,No failure
1543,39.6,205.0,297.1,308.4,5264.082916,4.94308482842757,0.1046997172261796,61.39873193698419,2025-10-14 17:17:47.782208,WP PMA 80466,No failure
1811,26.8,47.0,300.5,311.7,5493.922641,1.705216537269652,0.139117545892717,60.027147316766026,2025-10-14 17:19:07.782208,WP PMA 80271,No failure
1429,48.5,164.0,298.2,309.1,5355.897856,3.1759036855343177,0.08746647083830271,57.5739160384234,2025-10-14 17:30:44.782208,WP PMA 80466,No failure
1471,44.9,14.0,297.6,307.1,5367.760225,0.7955045377152741,0.16944629001447645,60.001596693181256,2025-10-14 17:33:05.782208,WP PMA 80467,No failure
1394,40.3,11.0,298.7,309.8,5353.995241,1.0989322753735469,0.17724694551207923,55.62618684755149,2025-10-14 17:37:29.782208,WP PMA 80271,No failure
1557,31.6,52.0,300.8,310.9,5520.044209,23.535299894024025,1.8677102114598112,91.6199465983229,2025-10-14 17:39:37.782208,WP PMA 80466,door open delay
1442,40.9,23.0,304.2,313.0,5485.920489,2.096378909659218,0.055560290846376745,60.143804956347616,2025-10-14 17:50:59.782208,WP PMA 80467,No failure
1828,26.3,82.0,302.0,310.4,5283.545344,1.5052425050264886,0.14988607169509918,64.89639973546485,2025-10-14 17:56:59.782208,WP PMA 80467,No failure
1644,37.2,195.0,302.4,311.8,5267.275776,4.584523712621522,0.1278926230769005,62.40344445146116,2025-10-14 18:10:59.782208,WP PMA 80466,No failure
1366,50.4,74.0,297.2,308.6,5479.996729,3.0516643789535896,0.04945317411227061,62.23365483843929,2025-10-14 18:19:25.782208,WP PMA 80467,No failure
1716,28.2,117.0,299.9,309.8,5250.161764,3.3551112034029344,0.03157986899909111,62.4638384479448,2025-10-14 18:21:16.782208,WP PMA 80271,No failure
1689,30.6,110.0,301.4,310.4,5317.472241,3.7086313493089613,0.03787199987751491,62.3156088099899,2025-10-14 18:23:22.782208,WP PMA 80466,No failure
1772,28.4,177.0,298.9,308.7,5390.643241,2.2299296454127164,0.024083388754418907,58.63978852501554,2025-10-14 18:33:16.782208,WP PMA 80467,No failure
1362,47.6,188.0,300.4,311.8,5244.366724,1.571724131613386,0.10850404839871379,58.317049920425966,2025-10-14 18:38:26.782208,WP PMA 80271,No failure
1674,30.8,0.0,303.5,312.1,5276.424321,4.787490747477492,0.10552830843486627,58.094507222757755,2025-10-14 18:56:56.782208,WP PMA 80271,No failure
1582,37.2,68.0,297.4,308.4,5321.556601,3.4776986882533536,0.1116148650692135,59.84243307894039,2025-10-14 19:05:32.782208,WP PMA 80271,No failure
1529,36.6,105.0,298.2,307.9,5305.228569,3.702523801969299,0.1292557264220442,56.27057941995248,2025-10-14 19:32:46.782208,WP PMA 80271,No failure
1608,31.4,86.0,301.3,310.7,5254.8001,3.559974065291417,0.0630997670170054,61.70352363406012,2025-10-14 19:45:39.782208,WP PMA 80466,No failure
1387,57.6,50.0,298.6,309.6,5464.462084,31.02007056378983,1.924982620112702,85.77319677094144,2025-10-14 19:49:49.782208,WP PMA 80271,signal delay
1701,28.4,127.0,301.4,311.0,5515.884361,2.829354659189854,0.1272694825011557,60.61126989235596,2025-10-14 19:56:45.782208,WP PMA 80271,No failure
1639,36.6,121.0,302.3,311.7,5433.901225,3.5498424840505347,0.16288614282789363,64.12031157631138,2025-10-14 20:01:55.782208,WP PMA 80466,No failure
1521,42.3,215.0,299.2,308.9,5356.483344,48.52642714523353,0.5951679291380665,96.63168155565477,2025-10-14 20:02:17.782208,WP PMA 80271,signal delay
1509,39.9,25.0,302.0,311.3,5303.043684,27.239929425481904,1.4595475697774438,80.04445211653625,2025-10-14 20:17:43.782208,WP PMA 80271,door open delay
1334,48.0,42.0,298.6,310.0,5410.926481,44.6921753251622,1.7757381645190178,97.48377633205858,2025-10-14 20:20:30.782208,WP PMA 80271,door open delay
1748,29.9,140.0,300.8,310.9,5262.922116,1.7505174700282826,0.127324070777768,57.74404330258477,2025-10-14 20:21:00.782208,WP PMA 80271,No failure
1309,43.3,68.0,301.8,310.7,5430.068721,22.956864858730775,1.8043351812228186,97.79950059938305,2025-10-14 20:36:44.782208,WP PMA 80271,door open delay
1380,51.6,184.0,301.9,311.1,5300.131204,3.701430319899766,0.07172769181268333,55.96918346668175,2025-10-14 20:43:48.782208,WP PMA 80466,No failure
1359,61.1,67.0,299.5,310.1,5248.567809,1.5250244320305968,0.03010985961319923,56.322047703252565,2025-10-14 20:49:57.782208,WP PMA 80271,No failure
1375,42.7,58.0,298.9,309.3,5474.816064,36.69009158864943,0.8981628206628844,98.64108579120862,2025-10-14 20:52:16.782208,WP PMA 80271,door close delay
1657,31.0,70.0,299.0,310.3,5354.580625,3.736252095699041,0.029261200695718165,56.996131606151046,2025-10-14 20:59:54.782208,WP PMA 80271,No failure
1465,43.5,140.0,302.2,310.9,5440.242564,4.000344303725637,0.12400751599738188,61.03944522060074,2025-10-14 21:12:53.782208,WP PMA 80467,No failure
1608,33.1,97.0,302.0,310.4,5283.545344,0.5307246904711702,0.13580526793728245,63.15681415708932,2025-10-14 21:14:51.782208,WP PMA 80467,No failure
1563,32.8,51.0,298.1,309.9,5446.44,23.249154431791236,1.3895731218270553,92.09673056674498,2025-10-14 21:26:53.782208,WP PMA 80466,door close delay
1446,45.4,86.0,300.7,312.3,5242.918464,2.188527020089466,0.013098665431271288,56.43506741847568,2025-10-14 21:45:35.782208,WP PMA 80466,No failure
1588,41.3,0.0,299.6,309.1,5372.157025,26.46854447660091,1.4917981431887635,95.72411595126835,2025-10-14 21:46:31.782208,WP PMA 80466,Random failure
1528,31.1,194.0,298.2,307.8,5395.930849,4.901499110883856,0.050555663572497266,64.54642882837105,2025-10-14 21:54:26.782208,WP PMA 80467,No failure
1449,44.1,112.0,298.9,309.9,5302.898041,1.3611679239800671,0.0774210371045907,61.73072172323778,2025-10-14 22:01:05.782208,WP PMA 80467,No failure
1550,34.9,111.0,301.0,312.3,5241.76,40.43445593905051,1.6685544741278708,90.85306688363391,2025-10-14 22:13:32.782208,WP PMA 80271,door open delay
1339,52.1,36.0,297.3,308.4,5418.873769,0.12355587037715875,0.10772942941397877,57.88550776187835,2025-10-14 22:19:00.782208,WP PMA 80466,No failure
1422,47.3,25.0,299.3,309.0,5394.9025,1.2539042454494782,0.11308651319776646,58.77298812090127,2025-10-14 22:30:17.782208,WP PMA 80271,No failure
1684,29.8,156.0,304.2,313.5,5273.083456,2.0675308561929415,0.14876844970364336,55.35118896679518,2025-10-14 22:52:11.782208,WP PMA 80271,No failure
1420,46.7,136.0,299.8,309.5,5396.3716,1.6326757757011152,0.05476482925222674,64.979897759403,2025-10-14 22:59:14.782208,WP PMA 80467,No failure
1377,41.6,34.0,303.4,311.9,5477.184064,4.434827550424944,0.0574258705497206,62.393936473245134,2025-10-14 23:07:28.782208,WP PMA 80466,No failure
1639,32.9,94.0,302.0,310.5,5283.545344,4.054253554667239,0.08377557070937024,61.248147374161306,2025-10-14 23:10:37.782208,WP PMA 80467,No failure
1602,37.3,31.0,299.6,309.2,5371.570681,2.5266020957592548,0.15599616183000958,64.90604932364322,2025-10-14 23:19:43.782208,WP PMA 80467,No failure
1751,23.8,196.0,302.9,311.2,5278.313104,2.27406798461663,0.0415424644924151,64.23065702126534,2025-10-14 23:26:32.782208,WP PMA 80271,No failure
1605,37.0,84.0,296.9,307.8,5333.234841,23.86851950907212,0.9415366239424456,83.55504684964758,2025-10-14 23:32:14.782208,WP PMA 80467,door close delay
1625,38.0,46.0,300.1,309.6,5398.428676,1.2606458998295351,0.10287812805609442,56.950666474771026,2025-10-14 23:33:06.782208,WP PMA 80466,No failure
1485,40.5,188.0,300.2,310.1,5503.117489,44.27777270700361,1.00731822680138,85.07467411154907,2025-10-14 23:34:42.782208,WP PMA 80467,door close delay
1366,49.7,74.0,299.2,308.5,5386.238881,45.32958564048296,1.215939721799948,82.21845222297605,2025-10-15 00:03:50.782208,WP PMA 80467,signal delay
1959,22.3,157.0,303.5,311.7,5472.448576,29.43254792505012,0.8841722655722568,98.0943208432986,2025-10-15 00:05:55.782208,WP PMA 80466,signal delay
1332,60.5,112.0,300.3,311.3,5246.539489,3.9824396067547427,0.09778543767645832,64.64910983496057,2025-10-15 00:27:34.782208,WP PMA 80467,No failure
1574,38.7,30.0,302.5,312.2,5268.001561,45.14604826414569,0.6896049610735586,92.43308617994987,2025-10-15 00:34:11.782208,WP PMA 80467,signal delay
1610,32.2,17.0,302.9,310.8,5467.1236,3.035410430741167,0.11831054648266384,58.378993045041724,2025-10-15 00:40:19.782208,WP PMA 80467,No failure
1534,33.2,75.0,298.3,308.2,5462.096836,38.38206123061534,1.8642989668196104,93.6352359612934,2025-10-15 00:44:08.782208,WP PMA 80467,door close delay
1383,48.7,147.0,295.6,306.1,5432.574436,42.06220479764772,0.8198605991308731,86.20096073009861,2025-10-15 00:55:57.782208,WP PMA 80467,door close delay
1465,49.4,109.0,298.3,307.7,5393.139844,4.819712834220102,0.11800392350882616,61.37385760393784,2025-10-15 01:01:21.782208,WP PMA 80467,No failure
1704,28.3,64.0,298.6,309.8,5256.975025,1.1586538005161409,0.15295200824183153,62.36763278641979,2025-10-15 01:01:25.782208,WP PMA 80271,No failure
1479,39.2,151.0,297.0,307.9,5344.633449,37.76349785678516,1.8037052538950937,99.3437260437338,2025-10-15 01:12:36.782208,WP PMA 80467,door open delay
1581,37.0,127.0,301.0,311.0,5262.0516,4.402823301876196,0.18926692841861292,58.60494327301246,2025-10-15 01:16:16.782208,WP PMA 80467,No failure
1475,47.9,79.0,302.4,311.0,5282.673124,37.29116374458573,1.6642971181662811,88.8607658808726,2025-10-15 01:17:08.782208,WP PMA 80271,Random failure
1417,39.2,65.0,298.1,308.9,5402.544004,42.18444491739179,0.8419734264000982,90.26619371204663,2025-10-15 01:20:37.782208,WP PMA 80466,door close delay
1556,38.6,145.0,302.2,311.7,5266.695184,3.277838610161762,0.06318963476504663,64.68288612805497,2025-10-15 01:36:34.782208,WP PMA 80271,No failure
1466,43.6,56.0,301.5,310.7,5423.733316,3.685010707418708,0.11553047260295315,58.42184786358321,2025-10-15 01:53:18.782208,WP PMA 80466,No failure
1183,61.4,170.0,300.2,309.7,5514.399081,4.90618374512889,0.09252313516961719,57.248785627198075,2025-10-15 02:18:19.782208,WP PMA 80467,No failure
1541,36.2,166.0,300.6,309.8,5258.135169,4.490188973920801,0.10166603490500904,57.63512450683993,2025-10-15 02:46:12.782208,WP PMA 80466,No failure
1528,46.3,203.0,296.7,308.1,5331.628324,27.188963976400803,1.6875662775840243,86.29292509365149,2025-10-15 03:03:45.782208,WP PMA 80467,signal delay
1370,53.4,162.0,297.7,308.2,5469.933681,4.093465311970942,0.09074910721695686,55.329218864897534,2025-10-15 03:05:41.782208,WP PMA 80271,No failure
1403,52.8,94.0,296.4,307.5,5341.417225,2.94177768464129,0.15941039706032772,63.9319355891553,2025-10-15 03:07:44.782208,WP PMA 80271,No failure
1509,39.3,66.0,297.2,308.7,5265.098721,0.2476445556540587,0.1778444856361567,57.29125598197216,2025-10-15 03:13:10.782208,WP PMA 80466,No failure
1502,43.2,139.0,297.6,308.3,5260.455841,45.25046550085902,0.681504933084405,84.61137984892757,2025-10-15 03:30:25.782208,WP PMA 80467,door close delay
1438,51.0,106.0,302.6,311.0,5282.527761,23.436251011580417,1.008899545945385,91.43758397735473,2025-10-15 03:44:39.782208,WP PMA 80466,signal delay
1553,40.9,49.0,298.1,310.0,5446.44,39.88486834584302,0.8926006580844067,94.3083083829584,2025-10-15 04:00:42.782208,WP PMA 80467,door close delay
1404,43.3,33.0,298.6,309.5,5259.1504,2.3533618581577116,0.14153513369082493,61.9342007712919,2025-10-15 04:12:46.782208,WP PMA 80271,No failure
1665,29.6,20.0,298.1,308.5,5469.637849,37.238730558246914,1.0025553265776534,99.00835330996256,2025-10-15 04:25:10.782208,WP PMA 80271,Random failure
1465,43.7,139.0,300.8,312.4,5492.143881,4.936917643576797,0.14731326503015915,59.43946394882215,2025-10-15 04:36:11.782208,WP PMA 80271,No failure
1392,52.9,173.0,301.0,310.9,5254.365169,41.6977753684972,0.7231161539905369,99.45713980477058,2025-10-15 05:11:56.782208,WP PMA 80466,signal delay
1876,22.1,99.0,301.7,310.6,5510.983696,0.852434809295294,0.01733991125284225,57.07049019331553,2025-10-15 05:17:27.782208,WP PMA 80467,No failure
1665,34.3,139.0,302.3,311.6,5434.196089,3.8960810706862867,0.08601930898399407,56.79877610259049,2025-10-15 05:20:12.782208,WP PMA 80271,No failure
1792,25.8,121.0,301.1,310.8,5261.036089,4.514795150003875,0.09658158503667275,59.00546282578661,2025-10-15 05:29:31.782208,WP PMA 80271,No failure
1431,39.3,22.0,300.7,310.7,5263.357401,45.30621408858687,1.6214025308819116,97.16558546598277,2025-10-15 05:29:48.782208,WP PMA 80271,door open delay
1665,29.6,20.0,298.1,308.5,5469.637849,37.238730558246914,1.0025553265776534,99.00835330996256,2025-10-15 05:32:22.782208,WP PMA 80467,Random failure
1590,35.5,59.0,297.3,308.3,5481.329296,0.9903768171296824,0.01231373023259783,55.49164866919083,2025-10-15 05:37:08.782208,WP PMA 80467,No failure
1789,25.5,114.0,300.9,311.2,5252.770576,29.099466842190104,1.738325870197019,93.84443719569134,2025-10-15 05:42:24.782208,WP PMA 80466,signal delay
1661,38.2,82.0,298.1,309.0,5482.513936,35.00952125655859,1.783869388811883,99.12664194372854,2025-10-15 05:43:13.782208,WP PMA 80466,door open delay
1646,34.6,238.0,296.7,307.8,5332.066441,3.99062632859861,0.01645500883942604,62.34820117410923,2025-10-15 05:45:27.782208,WP PMA 80467,No failure
1368,53.6,165.0,302.3,311.7,5300.568025,3.706776422194916,0.06224598696239787,59.988830626568046,2025-10-15 05:59:04.782208,WP PMA 80467,No failure
1410,51.4,189.0,300.2,311.8,5247.118969,0.49011485000673705,0.09798873061777409,59.450551618984704,2025-10-15 06:12:22.782208,WP PMA 80271,No failure
1523,43.3,60.0,301.8,310.7,5310.182641,29.49868042780217,1.669398076973442,90.49945716483931,2025-10-15 06:29:41.782208,WP PMA 80271,signal delay
1528,46.3,203.0,296.7,308.1,5331.628324,27.188963976400803,1.6875662775840243,86.29292509365149,2025-10-15 06:31:24.782208,WP PMA 80467,signal delay
1498,37.6,11.0,301.1,311.3,5507.717796,1.2627627173941025,0.136977763050646,58.20065161392728,2025-10-15 06:32:48.782208,WP PMA 80466,No failure
1754,26.9,209.0,302.9,312.3,5270.179216,31.064126655309654,0.7271846408765829,96.36983679144254,2025-10-15 06:52:58.782208,WP PMA 80467,signal delay
1414,50.2,51.0,295.9,306.6,5434.343524,27.145965124586027,1.2118314560594747,98.77282882670414,2025-10-15 06:56:51.782208,WP PMA 80467,door close delay
1389,53.6,184.0,300.2,310.0,5250.741444,0.8929442396557078,0.19727247090144306,57.69307518768204,2025-10-15 07:11:59.782208,WP PMA 80466,No failure
1453,45.1,151.0,300.5,312.0,5244.511561,1.0182550712571183,0.0342727289619569,64.24297779823212,2025-10-15 07:16:38.782208,WP PMA 80271,No failure
1420,45.9,144.0,302.0,311.0,5446.44,3.837972631110953,0.10213706641804898,57.73339807195388,2025-10-15 07:18:07.782208,WP PMA 80466,No failure
1623,33.4,74.0,297.5,309.3,5450.130625,35.32667695115313,1.498253405644066,95.89964159155058,2025-10-15 07:18:29.782208,WP PMA 80271,door close delay
1434,50.7,121.0,300.8,312.5,5242.773649,2.302486108410073,0.03846677139658862,55.46362074293851,2025-10-15 07:42:08.782208,WP PMA 80467,No failure
1526,38.2,47.0,302.3,311.5,5445.111681,20.770653830747378,1.30602776858319,86.60692999486108,2025-10-15 08:06:51.782208,WP PMA 80271,signal delay
1642,28.8,92.0,300.2,309.5,5342.001921,4.813266165988764,0.032647532959636,63.23823165641687,2025-10-15 08:11:32.782208,WP PMA 80467,No failure
1540,38.5,176.0,297.5,309.1,5268.872569,0.6893920730776051,0.11564492398271238,57.67832819319938,2025-10-15 08:21:42.782208,WP PMA 80467,No failure
1435,38.8,165.0,297.7,309.1,5328.562009,4.252781142882139,0.1675302973364864,60.20624486679577,2025-10-15 08:34:50.782208,WP PMA 80466,No failure
1511,41.0,33.0,303.7,312.9,5271.776449,0.5230908420894624,0.1027401079184777,59.53849904692743,2025-10-15 08:43:09.782208,WP PMA 80271,No failure
1407,52.8,154.0,302.0,309.9,5459.584321,2.5522898420403806,0.15311442590019106,63.739474705583724,2025-10-15 08:45:53.782208,WP PMA 80271,No failure
1750,30.6,171.0,300.6,310.7,5519.449849,1.6597369661093437,0.07723098006936027,62.86430983848818,2025-10-15 08:58:27.782208,WP PMA 80271,No failure
1556,45.3,135.0,302.9,311.1,5278.603716,2.6861139305420676,0.041731967298364654,56.13794889270184,2025-10-15 08:59:08.782208,WP PMA 80466,No failure
1489,40.6,89.0,298.2,309.0,5259.875625,26.47058142682505,1.4778885915777045,89.33932847526452,2025-10-15 09:13:35.782208,WP PMA 80466,door open delay
1448,39.7,107.0,300.4,309.8,5325.642529,1.8174339604408278,0.0741178268247779,60.83587604346765,2025-10-15 09:19:58.782208,WP PMA 80466,No failure
1353,49.8,182.0,299.9,309.2,5413.133476,29.662009234732807,1.229492610046293,92.09581103221204,2025-10-15 09:38:34.782208,WP PMA 80466,drive delay
1583,36.6,185.0,298.2,307.8,5380.515904,1.4274793045729053,0.1523880921736973,58.29000345314999,2025-10-15 09:39:02.782208,WP PMA 80466,No failure
1581,32.7,181.0,302.5,310.4,5466.384225,4.1514124555626575,0.06005854448077515,64.27730258878721,2025-10-15 09:52:15.782208,WP PMA 80466,No failure
1694,28.7,195.0,298.7,308.4,5306.394025,2.6470753372383053,0.0507754209345229,63.01973221430102,2025-10-15 09:54:18.782208,WP PMA 80271,No failure
1559,39.4,199.0,301.4,310.4,5425.7956,2.933342451407539,0.1529269903170626,55.13958099762887,2025-10-15 09:56:24.782208,WP PMA 80271,No failure
1648,29.6,157.0,302.0,310.3,5284.272249,45.846751847405464,1.916727041356644,80.06354773317213,2025-10-15 10:10:25.782208,WP PMA 80466,drive delay
1554,40.2,118.0,302.2,311.3,5445.997209,1.3413434623443206,0.12374489613812238,63.799470363665534,2025-10-15 10:28:42.782208,WP PMA 80467,No failure
1521,37.5,94.0,298.5,309.4,5464.1664,1.7082423203778296,0.19945817290316925,58.725598901447235,2025-10-15 10:30:14.782208,WP PMA 80467,No failure
1422,44.5,49.0,302.7,312.4,5498.964025,4.852578986973055,0.08811995016497226,58.3359363496761,2025-10-15 10:31:11.782208,WP PMA 80466,No failure
1706,28.8,111.0,299.9,311.4,5493.626161,41.441868880496905,0.5863150585353729,86.83961198318863,2025-10-15 10:51:53.782208,WP PMA 80467,door close delay
1606,33.6,67.0,298.3,308.5,5466.827844,44.7178826205094,1.1768198578144409,82.56248054352427,2025-10-15 11:01:15.782208,WP PMA 80467,drive delay
1595,35.4,15.0,300.4,311.0,5245.960041,40.671410585650555,1.7663676320787438,91.29257725331573,2025-10-15 11:17:23.782208,WP PMA 80271,door open delay
1426,42.6,23.0,298.2,308.7,5285.580804,1.8782823034437528,0.16645117606526538,58.94110287075503,2025-10-15 11:20:07.782208,WP PMA 80467,No failure
1517,36.0,142.0,303.9,313.0,5490.513604,4.2643757065802115,0.09309693433702217,64.0419612856915,2025-10-15 11:21:16.782208,WP PMA 80271,No failure
1485,40.5,188.0,300.2,310.1,5503.117489,44.27777270700361,1.00731822680138,85.07467411154907,2025-10-15 11:22:22.782208,WP PMA 80467,door close delay
1692,28.2,122.0,302.2,311.2,5285.726209,2.917955402507064,0.09438541741375606,63.581002570848995,2025-10-15 11:28:49.782208,WP PMA 80467,No failure
1702,29.1,141.0,303.7,312.6,5274.826384,1.3567347266126168,0.02071597780659639,61.22366901525539,2025-10-15 11:43:08.782208,WP PMA 80271,No failure
1420,56.4,57.0,302.6,310.5,5464.609929,1.9735573286302863,0.19427625387065742,57.62401944946704,2025-10-15 11:43:39.782208,WP PMA 80467,No failure
1558,37.7,206.0,303.7,312.8,5274.535876,4.108767707023389,0.11670454079455782,58.84179602684295,2025-10-15 11:45:34.782208,WP PMA 80466,No failure
1416,54.1,48.0,302.2,311.6,5511.132169,3.6638571659176833,0.03950913958364233,59.85210772182515,2025-10-15 12:11:55.782208,WP PMA 80467,No failure
1804,25.1,118.0,298.1,308.9,5284.126864,39.21335321839662,1.9275975390562305,80.33006919824466,2025-10-15 12:28:37.782208,WP PMA 80466,door open delay
1468,41.1,34.0,300.5,311.3,5496.443044,3.597040231086188,0.08302779687332569,63.48110693489214,2025-10-15 12:43:11.782208,WP PMA 80466,No failure
1323,51.1,130.0,297.4,308.7,5479.700625,42.30312527421579,0.671909255936029,90.0225145439153,2025-10-15 12:47:18.782208,WP PMA 80466,signal delay
1451,45.3,183.0,301.4,310.5,5511.874564,32.175175006445365,1.5074271932726768,89.3904760538535,2025-10-15 13:26:25.782208,WP PMA 80271,Random failure
1471,44.2,148.0,301.8,311.3,5265.679225,1.4230660437302018,0.17920655967133517,56.46206710199621,2025-10-15 13:28:15.782208,WP PMA 80271,No failure
1387,57.6,50.0,298.6,309.6,5464.462084,31.02007056378983,1.924982620112702,85.77319677094144,2025-10-15 13:41:50.782208,WP PMA 80467,signal delay
1590,34.3,106.0,301.9,310.9,5427.710929,4.163600260747738,0.021071635286310522,58.65458142915648,2025-10-15 13:43:10.782208,WP PMA 80271,No failure
1425,49.5,174.0,300.6,310.0,5259.875625,2.1688575505356624,0.11739811221470442,64.11136415345881,2025-10-15 13:43:31.782208,WP PMA 80466,No failure
1923,23.3,172.0,302.4,310.3,5279.330281,4.173723121608781,0.07085884300256831,64.6846398376759,2025-10-15 13:50:43.782208,WP PMA 80466,No failure
1413,41.8,153.0,299.9,311.3,5493.329689,1.6865840423166383,0.12076651398770016,62.8444532926755,2025-10-15 13:55:39.782208,WP PMA 80467,No failure
1568,33.7,175.0,297.4,309.0,5452.493281,30.817869178878684,1.1978453154513014,94.86165932455624,2025-10-15 14:00:47.782208,WP PMA 80271,door close delay
1323,51.1,130.0,297.4,308.7,5479.700625,42.30312527421579,0.671909255936029,90.0225145439153,2025-10-15 14:01:28.782208,WP PMA 80466,signal delay
1521,42.3,215.0,299.2,308.9,5356.483344,48.52642714523353,0.5951679291380665,96.63168155565477,2025-10-15 14:06:58.782208,WP PMA 80467,signal delay
1469,43.4,126.0,300.9,309.5,5321.118916,3.3166387303562415,0.19072672934432158,61.51949992835849,2025-10-15 14:13:36.782208,WP PMA 80466,No failure
1418,44.7,46.0,301.6,310.8,5509.944441,2.6845729172970576,0.09453406050103016,59.922336489394304,2025-10-15 14:31:10.782208,WP PMA 80466,No failure
1559,39.7,24.0,300.1,309.4,5401.221049,32.44510658974924,1.7117118145834187,97.35954246520838,2025-10-15 14:35:54.782208,WP PMA 80466,door open delay
1282,60.7,216.0,298.4,308.2,5312.223225,46.054799096900865,0.516679854665987,93.82813388686158,2025-10-15 14:42:43.782208,WP PMA 80466,door open delay
1381,56.7,102.0,299.4,308.7,5366.588049,0.36838523873019546,0.04916406873295994,56.468290136587996,2025-10-15 14:44:54.782208,WP PMA 80271,No failure
1478,38.6,141.0,301.8,310.5,5304.791556,37.28807496496765,1.3246250892014255,81.75641095592287,2025-10-15 14:57:14.782208,WP PMA 80271,door close delay
1680,33.7,185.0,298.1,308.3,5464.462084,40.53621110002542,1.861302562403293,99.0882319471089,2025-10-15 15:02:38.782208,WP PMA 80271,signal delay
2140,16.5,43.0,300.9,311.9,5242.049604,3.2615890084354024,0.16343098343520981,62.14979032061659,2025-10-15 15:14:27.782208,WP PMA 80271,No failure
1555,40.6,61.0,298.8,308.8,5470.969156,4.4880566687732335,0.04065336260337408,60.03624963162488,2025-10-15 15:31:32.782208,WP PMA 80466,No failure
1341,47.7,199.0,299.3,308.8,5378.608921,4.219018862520539,0.0419844431218846,61.52366802100309,2025-10-15 15:34:42.782208,WP PMA 80467,No failure
1466,49.0,66.0,302.2,311.7,5508.459961,46.56475728244531,1.788039593172544,96.4904334654153,2025-10-15 15:38:03.782208,WP PMA 80467,signal delay
1572,35.4,158.0,299.8,309.2,5400.045225,4.547599361186996,0.17237330609628201,57.320791219134065,2025-10-15 15:48:29.782208,WP PMA 80271,No failure
1392,46.4,174.0,297.4,308.7,5479.404529,49.82094774461507,1.7275260349496973,82.29807714007318,2025-10-15 15:57:01.782208,WP PMA 80467,signal delay
1327,63.7,21.0,297.7,308.9,5477.924169,2.1724238456546665,0.0857016432605853,61.69386295378188,2025-10-15 16:06:14.782208,WP PMA 80467,No failure
1416,61.8,209.0,300.7,310.4,5504.304481,21.449680119185427,1.6055801123947226,87.14991297931678,2025-10-15 16:15:50.782208,WP PMA 80466,signal delay
1590,35.5,59.0,297.3,308.3,5262.341764,2.4593018589704427,0.049319796289442476,59.75321567017469,2025-10-15 16:22:32.782208,WP PMA 80271,No failure
1385,46.1,120.0,300.1,309.2,5412.397761,1.5035025986898325,0.1163270482116631,59.2336591541203,2025-10-15 16:36:07.782208,WP PMA 80467,No failure
1413,43.5,83.0,302.2,311.5,5433.311521,46.06769449253791,1.9129662103062164,91.80974319114351,2025-10-15 16:37:48.782208,WP PMA 80467,door open delay
1586,41.1,129.0,304.1,313.2,5484.587364,0.6772600351949708,0.167206811857707,59.211300141611964,2025-10-15 17:07:58.782208,WP PMA 80466,No failure
1469,39.7,179.0,301.3,310.1,5419.168225,2.476941855172088,0.1425629090961831,55.70586721155861,2025-10-15 17:18:59.782208,WP PMA 80271,No failure
1560,43.9,126.0,299.7,311.2,5292.126009,1.3236268156019857,0.04102245184680404,57.948939674590235,2025-10-15 17:35:01.782208,WP PMA 80466,No failure
1416,41.2,185.0,299.1,310.1,5295.4729,3.278807905105267,0.06908194748595649,61.38144953598198,2025-10-15 17:44:36.782208,WP PMA 80467,No failure
1455,46.1,103.0,301.0,310.7,5517.072729,2.263904171437368,0.17614201664533635,59.325566855250614,2025-10-15 17:52:32.782208,WP PMA 80466,No failure
1417,39.2,65.0,298.1,308.9,5402.544004,42.18444491739179,0.8419734264000982,90.26619371204663,2025-10-15 18:06:31.782208,WP PMA 80466,door close delay
1467,35.7,45.0,300.1,311.4,5497.629316,0.3760912928827087,0.09027004982630853,63.60614528495788,2025-10-15 18:28:38.782208,WP PMA 80467,No failure
1386,45.3,212.0,298.3,309.1,5463.575056,1.4796495602294992,0.18447368110630366,63.9303290229325,2025-10-15 18:31:20.782208,WP PMA 80271,No failure
1475,38.7,22.0,299.2,308.4,5385.504996,1.176316305137023,0.18153134858274353,58.680079200782515,2025-10-15 18:36:17.782208,WP PMA 80467,No failure
1334,48.0,42.0,298.6,310.0,5410.926481,44.6921753251622,1.7757381645190178,97.48377633205858,2025-10-15 18:38:44.782208,WP PMA 80466,door open delay
1375,42.7,58.0,298.9,309.3,5474.816064,36.69009158864943,0.8981628206628844,98.64108579120862,2025-10-15 18:39:49.782208,WP PMA 80466,door close delay
1457,37.4,96.0,300.9,311.1,5262.196681,4.858197602627615,0.17993521371520996,62.048039173815596,2025-10-15 18:41:34.782208,WP PMA 80466,No failure
1398,41.9,215.0,297.6,308.4,5459.879881,1.0388694445789515,0.04511422848903908,61.76725869710533,2025-10-15 18:45:15.782208,WP PMA 80467,No failure
1585,34.3,,298.2,308.9,5402.985025,4.349374489797575,0.12128236866891101,59.90627055489505,2025-10-15 18:46:17.782208,WP PMA 80467,No failure
1513,38.0,38.0,300.9,311.9,5491.254609,45.398608991025895,1.6628507955465734,97.30340726359175,2025-10-15 18:51:33.782208,WP PMA 80467,door open delay
1594,32.4,204.0,301.7,310.8,5303.626276,37.38423566578929,1.3463625335459448,86.49307795768311,2025-10-15 18:55:48.782208,WP PMA 80271,Random failure
1681,29.1,197.0,299.9,310.1,5249.871936,0.8872996256077956,0.11320392038068991,63.479003181418804,2025-10-15 19:02:19.782208,WP PMA 80467,No failure
1545,40.7,166.0,299.8,310.9,5248.133136,1.8055923611395914,0.08344215398331523,56.44061105745271,2025-10-15 19:03:46.782208,WP PMA 80466,No failure
1635,31.6,23.0,302.1,311.5,5510.983696,2.567094357844871,0.09760139922734214,59.11506916739429,2025-10-15 19:03:49.782208,WP PMA 80466,No failure
1322,53.0,166.0,301.8,311.0,5308.288164,3.832464528723798,0.03588142268858915,55.44334008456811,2025-10-15 19:06:10.782208,WP PMA 80466,No failure
2008,20.4,165.0,299.9,309.5,5349.167044,2.0205085105275087,0.11719164772128926,63.02486353174115,2025-10-15 19:22:26.782208,WP PMA 80466,No failure
1927,21.9,195.0,303.5,311.8,5277.441316,1.1583034420040335,0.07643537354212723,61.93500683691152,2025-10-15 19:26:12.782208,WP PMA 80271,No failure
1617,31.7,39.0,297.6,308.3,5459.140996,2.330008131562277,0.1905570082629532,59.17136823757058,2025-10-15 19:32:35.782208,WP PMA 80466,No failure
1620,34.1,89.0,299.2,308.4,5386.385664,45.8446025594114,0.5034314840442716,96.88632719093115,2025-10-15 19:33:15.782208,WP PMA 80466,door open delay
1547,40.9,66.0,300.2,311.5,5243.932225,3.4919238624553923,0.13952384891677994,61.32581647827103,2025-10-15 19:40:05.782208,WP PMA 80467,No failure
1392,52.9,173.0,301.0,310.9,5254.365169,41.6977753684972,0.7231161539905369,99.45713980477058,2025-10-15 19:48:52.782208,WP PMA 80467,signal delay
1463,43.9,,298.3,309.9,5327.978049,2.5688746982424613,0.1391397652022388,62.172137622379005,2025-10-15 19:50:24.782208,WP PMA 80271,No failure
1602,31.3,210.0,299.5,309.0,5372.450209,3.2432503480559256,0.06032064596812665,64.10140421064042,2025-10-15 20:14:08.782208,WP PMA 80467,No failure
1959,22.3,157.0,303.5,311.7,5472.448576,29.43254792505012,0.8841722655722568,98.0943208432986,2025-10-15 20:16:48.782208,WP PMA 80466,signal delay
1641,30.4,41.0,300.1,309.7,5398.281729,0.7420094399692838,0.04951150145759168,60.65589650329382,2025-10-15 20:31:47.782208,WP PMA 80271,No failure
1451,53.6,194.0,302.5,310.4,5466.679969,36.78689161924535,0.6298700216043418,95.66295953662588,2025-10-15 20:56:19.782208,WP PMA 80466,Random failure
1514,41.1,121.0,303.9,313.1,5273.954884,2.7053934571804743,0.1763959107065971,64.2745348118448,2025-10-15 21:03:20.782208,WP PMA 80271,No failure
1478,38.6,141.0,301.8,310.5,5304.791556,37.28807496496765,1.3246250892014255,81.75641095592287,2025-10-15 21:05:31.782208,WP PMA 80467,door close delay
1341,49.2,208.0,297.8,309.7,5447.768481,46.183917584260286,1.0201454764390876,92.46166290911955,2025-10-15 21:05:51.782208,WP PMA 80271,signal delay
1356,48.3,201.0,296.8,308.1,5439.947536,4.946554380312646,0.1487780582885048,61.14297736111895,2025-10-15 21:09:07.782208,WP PMA 80271,No failure
1605,33.0,151.0,299.7,309.0,5369.518729,3.810553526454883,0.1482002975988756,63.064686856029965,2025-10-15 21:10:35.782208,WP PMA 80467,No failure
1390,43.3,221.0,297.6,309.2,5451.607225,28.963313423812117,1.223664621780105,96.11862697857715,2025-10-15 21:18:40.782208,WP PMA 80467,door close delay
1804,25.1,118.0,298.1,308.9,5284.126864,39.21335321839662,1.9275975390562305,80.33006919824466,2025-10-15 21:21:16.782208,WP PMA 80466,door open delay
1475,47.9,79.0,302.4,311.0,5282.673124,37.29116374458573,1.6642971181662811,88.8607658808726,2025-10-15 21:24:46.782208,WP PMA 80466,Random failure
1678,30.7,34.0,301.3,311.1,5265.243844,1.4266610359291667,0.12370708829199138,60.7361610979627,2025-10-15 21:43:27.782208,WP PMA 80466,No failure
1355,51.4,76.0,297.0,308.1,5418.284881,21.531168293332144,1.2389006808121412,85.78997715095218,2025-10-15 21:44:59.782208,WP PMA 80271,Random failure
1325,55.3,192.0,302.0,310.6,5283.981481,1.9367905131086622,0.07165988934024577,56.456103978108594,2025-10-15 21:48:58.782208,WP PMA 80466,No failure
1456,44.9,,297.2,307.9,5273.083456,3.6538662750635234,0.050768356986113684,62.233369870240494,2025-10-15 21:56:06.782208,WP PMA 80467,No failure
1492,46.3,187.0,300.8,310.2,5516.627076,1.1330210460357228,0.14530508986912938,63.31631989496221,2025-10-15 21:59:32.782208,WP PMA 80271,No failure
1441,43.2,132.0,298.7,308.4,5469.489936,35.1055782720759,0.9394025035890767,81.07925966492373,2025-10-15 22:01:41.782208,WP PMA 80467,door close delay
1507,44.7,73.0,298.3,310.0,5445.997209,2.665500594041588,0.05497361541986578,59.59737366131265,2025-10-15 22:12:42.782208,WP PMA 80466,No failure
1523,34.7,181.0,301.7,310.5,5431.69,21.90800351979119,1.6851328885107058,85.86132528801342,2025-10-15 22:15:15.782208,WP PMA 80466,door open delay
1472,41.3,67.0,297.3,308.4,5267.711241,0.657937073869468,0.06944714003316776,64.68959170285689,2025-10-15 22:34:26.782208,WP PMA 80466,No failure
1618,30.3,125.0,299.7,311.1,5488.290889,40.60410458568789,0.9727397823334152,91.90296894800397,2025-10-15 22:52:50.782208,WP PMA 80466,door close delay
1485,40.5,188.0,300.2,310.1,5503.117489,44.27777270700361,1.00731822680138,85.07467411154907,2025-10-15 22:59:09.782208,WP PMA 80467,door close delay
1475,47.9,79.0,302.4,311.0,5282.673124,37.29116374458573,1.6642971181662811,88.8607658808726,2025-10-15 23:04:05.782208,WP PMA 80467,Random failure
1588,41.3,0.0,299.6,309.1,5372.157025,26.46854447660091,1.4917981431887635,95.72411595126835,2025-10-15 23:17:49.782208,WP PMA 80466,Random failure
1504,37.8,112.0,299.4,308.7,5383.450384,0.4600672381874932,0.0806516839781526,62.623787547431554,2025-10-15 23:38:59.782208,WP PMA 80466,No failure
1754,26.9,209.0,302.9,312.3,5270.179216,31.064126655309654,0.7271846408765829,96.36983679144254,2025-10-15 23:57:32.782208,WP PMA 80467,signal delay
1505,38.8,30.0,299.3,310.5,5290.962121,1.8565442131877306,0.06559990965828956,59.33825056640213,2025-10-16 00:29:42.782208,WP PMA 80466,No failure
1521,40.6,52.0,302.2,311.3,5432.869264,4.7883072401456594,0.14391063556904182,61.28646154175408,2025-10-16 00:30:16.782208,WP PMA 80467,No failure
1304,52.5,157.0,300.8,310.2,5515.587289,0.7279808584294976,0.17980374362630977,59.29044958238986,2025-10-16 00:37:54.782208,WP PMA 80466,No failure
1498,42.9,171.0,298.1,307.6,5372.450209,3.103415619427533,0.15455465584557213,61.85619496666213,2025-10-16 00:41:01.782208,WP PMA 80466,No failure
1404,43.7,160.0,297.2,308.6,5477.184064,3.898053878021571,0.10976526593800892,57.53413968505782,2025-10-16 01:21:13.782208,WP PMA 80467,No failure
1512,44.9,86.0,301.0,310.4,5260.310784,39.36836299538538,1.6935308256837749,96.5270926355088,2025-10-16 01:25:40.782208,WP PMA 80467,door open delay
1623,33.4,74.0,297.5,309.3,5450.130625,35.32667695115313,1.498253405644066,95.89964159155058,2025-10-16 01:35:22.782208,WP PMA 80466,door close delay
1423,49.5,200.0,298.7,309.1,5462.540281,44.33656037912953,1.588388563096027,90.18336290840858,2025-10-16 01:43:16.782208,WP PMA 80271,door open delay
1376,44.9,186.0,301.9,311.0,5428.7424,2.79587450454088,0.18702602329544393,57.242187190673285,2025-10-16 01:59:08.782208,WP PMA 80467,No failure
1413,46.0,182.0,300.3,311.8,5489.179921,0.9698583480253483,0.04154625700301207,60.0798020927632,2025-10-16 02:01:18.782208,WP PMA 80271,No failure
1473,39.9,184.0,298.4,308.3,5468.6025,26.055495263783655,1.7852296960269574,95.2760721632894,2025-10-16 02:02:19.782208,WP PMA 80271,door close delay
1526,39.1,39.0,297.6,307.1,5368.053289,0.589313209745242,0.07375182295872956,55.37812702202205,2025-10-16 02:08:50.782208,WP PMA 80466,No failure
1423,49.5,200.0,298.7,309.1,5303.917584,1.8539076322419756,0.05612684387155371,60.87200276743921,2025-10-16 02:12:56.782208,WP PMA 80466,No failure
1620,34.1,89.0,299.2,308.4,5386.385664,45.8446025594114,0.5034314840442716,96.88632719093115,2025-10-16 02:20:30.782208,WP PMA 80271,door open delay
1402,47.7,24.0,299.2,308.4,5363.658169,1.2108986520124219,0.07799847750338361,63.35294647702479,2025-10-16 02:28:26.782208,WP PMA 80271,No failure
1466,39.7,34.0,297.6,308.5,5455.004164,1.661242172260794,0.11407126615234583,56.12355314448656,2025-10-16 02:29:30.782208,WP PMA 80466,No failure
1556,35.7,75.0,299.4,309.2,5350.629904,1.53557035990119,0.13225220803361132,56.176840939566354,2025-10-16 02:41:36.782208,WP PMA 80271,No failure
1915,22.3,116.0,303.6,312.3,5275.843225,30.152304086590867,1.3571095834850015,96.856841139973,2025-10-16 02:49:44.782208,WP PMA 80467,door close delay
2695,12.6,10.0,301.7,310.1,5281.946329,1.4098680291793602,0.05402624004723911,58.43106319113911,2025-10-16 02:52:45.782208,WP PMA 80467,No failure
1390,43.3,221.0,297.6,309.2,5451.607225,28.963313423812117,1.223664621780105,96.11862697857715,2025-10-16 02:54:28.782208,WP PMA 80467,door close delay
1416,61.8,209.0,300.7,310.4,5504.304481,21.449680119185427,1.6055801123947226,87.14991297931678,2025-10-16 03:22:31.782208,WP PMA 80271,signal delay
1404,47.0,15.0,298.3,309.1,5472.004729,3.462659189108723,0.12871643436676689,59.69252936504491,2025-10-16 03:39:02.782208,WP PMA 80271,No failure
1397,48.3,22.0,296.9,307.5,5343.171409,2.9095659300926178,0.14335498115179082,61.370927494544034,2025-10-16 03:41:22.782208,WP PMA 80467,No failure
1517,36.7,233.0,297.5,309.4,5326.372324,2.9861728982469122,0.1313168558943999,60.53270566000042,2025-10-16 04:15:19.782208,WP PMA 80466,No failure
1446,36.6,227.0,297.1,308.1,5419.609924,43.297600346955875,1.571528479618523,90.93819912138767,2025-10-16 04:15:23.782208,WP PMA 80271,door close delay
1636,29.9,201.0,299.3,308.8,5384.771161,3.8187097298067254,0.18572982785944983,57.48183063702578,2025-10-16 04:24:57.782208,WP PMA 80467,No failure
2119,18.3,159.0,296.2,307.0,5428.447684,4.959103846328892,0.08323599549315151,59.553499827769755,2025-10-16 05:22:41.782208,WP PMA 80271,No failure
1526,38.2,47.0,302.3,311.5,5445.111681,20.770653830747378,1.30602776858319,86.60692999486108,2025-10-16 05:26:43.782208,WP PMA 80467,signal delay
1568,33.7,175.0,297.4,309.0,5452.493281,30.817869178878684,1.1978453154513014,94.86165932455624,2025-10-16 05:44:08.782208,WP PMA 80466,door close delay
1414,51.4,199.0,301.3,310.4,5510.389824,0.41275634150034524,0.18688486500232412,56.02956152031031,2025-10-16 06:14:37.782208,WP PMA 80467,No failure
1959,22.3,157.0,303.5,311.7,5472.448576,29.43254792505012,0.8841722655722568,98.0943208432986,2025-10-16 06:28:25.782208,WP PMA 80271,signal delay
1551,35.8,61.0,301.8,311.3,5511.429121,1.0786581666207542,0.17480897569923318,60.42138213837055,2025-10-16 06:44:04.782208,WP PMA 80271,No failure
1331,68.6,85.0,301.9,310.6,5284.563025,4.37762191610054,0.11970844213758343,58.48786750151669,2025-10-16 06:59:43.782208,WP PMA 80467,No failure
1393,45.7,99.0,298.7,309.7,5485.920489,22.951023860642238,1.950191784586998,84.35485044656178,2025-10-16 07:11:17.782208,WP PMA 80466,door close delay
1523,43.3,60.0,301.8,310.7,5310.182641,29.49868042780217,1.669398076973442,90.49945716483931,2025-10-16 07:23:04.782208,WP PMA 80467,signal delay
1557,31.6,52.0,300.8,310.9,5520.044209,23.535299894024025,1.8677102114598112,91.6199465983229,2025-10-16 07:23:09.782208,WP PMA 80467,door open delay
1579,33.4,50.0,296.7,307.9,5438.177536,29.652550279830812,1.5245415270414138,90.68371500473029,2025-10-16 07:36:57.782208,WP PMA 80271,signal delay
1557,31.6,52.0,300.8,310.9,5520.044209,23.535299894024025,1.8677102114598112,91.6199465983229,2025-10-16 07:48:16.782208,WP PMA 80271,door open delay
1648,29.6,157.0,302.0,310.3,5284.272249,45.846751847405464,1.916727041356644,80.06354773317213,2025-10-16 07:55:10.782208,WP PMA 80466,drive delay
1551,42.8,0.0,298.1,308.6,5475.852001,1.2306818525517202,0.15551597352297458,59.05900836007182,2025-10-16 07:58:22.782208,WP PMA 80466,No failure
1282,60.7,216.0,298.4,308.2,5312.223225,46.054799096900865,0.516679854665987,93.82813388686158,2025-10-16 08:17:29.782208,WP PMA 80271,door open delay
1286,51.1,177.0,296.3,307.2,5428.005625,23.4303106810246,1.4262639106760326,88.00815197335469,2025-10-16 08:21:03.782208,WP PMA 80271,door open delay
1473,39.9,184.0,298.4,308.3,5468.6025,26.055495263783655,1.7852296960269574,95.2760721632894,2025-10-16 08:26:57.782208,WP PMA 80467,door close delay
1464,49.1,171.0,303.9,313.4,5271.195609,49.98468948636307,0.7407190196670943,80.1908078185052,2025-10-16 08:34:58.782208,WP PMA 80466,door open delay
1692,29.0,216.0,300.0,311.4,5247.843364,3.4734230465802067,0.12645838147602034,62.685201644119715,2025-10-16 08:40:17.782208,WP PMA 80271,No failure
1473,45.5,94.0,297.4,309.4,5324.766841,1.3117566090418404,0.13911151417241815,56.224776706908074,2025-10-16 08:43:27.782208,WP PMA 80467,No failure
1417,39.2,65.0,298.1,308.9,5402.544004,42.18444491739179,0.8419734264000982,90.26619371204663,2025-10-16 08:46:31.782208,WP PMA 80467,door close delay
1434,42.5,175.0,304.2,313.4,5487.994561,29.469631294351835,1.4768985738303422,80.94332617051371,2025-10-16 09:00:19.782208,WP PMA 80271,door open delay
1455,42.7,85.0,301.9,310.8,5427.416241,4.7227741127017655,0.044844917100393365,60.4502617948181,2025-10-16 09:08:50.782208,WP PMA 80467,No failure
1734,32.4,161.0,299.0,308.6,5390.4964,36.16471629499442,0.9531873013492951,95.43673005245326,2025-10-16 09:19:19.782208,WP PMA 80466,Random failure
1606,33.6,67.0,298.3,308.5,5466.827844,44.7178826205094,1.1768198578144409,82.56248054352427,2025-10-16 09:25:11.782208,WP PMA 80466,drive delay
1504,40.7,20.0,299.9,311.3,5247.843364,2.5551186235844603,0.07395272487579403,60.724737510250336,2025-10-16 09:39:33.782208,WP PMA 80271,No failure
1309,43.3,68.0,301.8,310.7,5430.068721,22.956864858730775,1.8043351812228186,97.79950059938305,2025-10-16 09:40:26.782208,WP PMA 80467,door open delay
1421,44.8,101.0,303.6,311.8,5471.708841,2.5163082875089273,0.157801898263563,59.6106034291108,2025-10-16 09:41:10.782208,WP PMA 80466,No failure
1511,33.0,200.0,300.4,311.7,5494.219129,0.15224888716757554,0.028337169149988226,57.72702468388944,2025-10-16 09:44:27.782208,WP PMA 80271,No failure
1412,52.4,142.0,300.0,310.5,5249.147401,2.0624019447640034,0.15254984803439112,56.59107019755828,2025-10-16 10:12:21.782208,WP PMA 80466,No failure
1587,38.6,124.0,299.0,308.6,5469.637849,4.150938759666474,0.1943337373755301,56.42794112171841,2025-10-16 10:15:51.782208,WP PMA 80467,No failure
1693,29.5,100.0,297.1,308.4,5478.664324,2.256175766132849,0.14321522853989474,58.79946172692575,2025-10-16 10:15:56.782208,WP PMA 80466,No failure
1597,35.9,213.0,298.6,309.8,5298.966436,2.3363309641448335,0.06422470626883785,60.31378941555081,2025-10-16 10:20:04.782208,WP PMA 80467,No failure
1439,46.4,114.0,297.4,308.6,5441.570289,1.061341651107032,0.1017517961446214,56.11028984920875,2025-10-16 10:33:09.782208,WP PMA 80466,No failure
1622,37.2,103.0,297.5,308.3,5457.958884,47.56231038168288,0.695912273194448,80.02490348311116,2025-10-16 10:49:20.782208,WP PMA 80466,Random failure
1470,51.3,180.0,298.2,307.5,5391.9649,2.577984181342544,0.10992469852738793,61.03687969099825,2025-10-16 10:54:28.782208,WP PMA 80466,No failure
1495,43.6,95.0,300.2,311.4,5497.332736,4.221298643654676,0.17862245263371368,58.67109175176104,2025-10-16 10:58:55.782208,WP PMA 80466,No failure
1534,33.2,75.0,298.3,308.2,5462.096836,38.38206123061534,1.8642989668196104,93.6352359612934,2025-10-16 11:01:44.782208,WP PMA 80271,door close delay
1233,52.3,23.0,300.6,310.2,5504.007721,3.4098269344492276,0.1520422362530154,61.79846000764122,2025-10-16 11:09:13.782208,WP PMA 80467,No failure
1950,20.3,202.0,298.1,307.6,5391.524329,3.2234525318714193,0.061811290212098406,63.066736983795295,2025-10-16 11:29:37.782208,WP PMA 80467,No failure
1569,38.4,11.0,304.4,313.6,5488.735396,4.308073816516097,0.10838828773141361,61.685068491417866,2025-10-16 11:58:53.782208,WP PMA 80466,No failure
1541,33.7,165.0,297.6,309.7,5325.642529,42.66027321379279,0.5957421488515693,81.39217013180169,2025-10-16 12:00:22.782208,WP PMA 80271,door close delay
1521,37.2,131.0,299.6,311.1,5467.715136,46.673454718591316,1.420389399153339,95.87920103880379,2025-10-16 12:02:29.782208,WP PMA 80466,door close delay
1553,40.9,49.0,298.1,310.0,5446.44,39.88486834584302,0.8926006580844067,94.3083083829584,2025-10-16 12:20:13.782208,WP PMA 80271,door close delay
1948,21.4,136.0,298.4,307.9,5364.244081,4.549528789734675,0.06919861210801134,60.86699985927746,2025-10-16 12:22:18.782208,WP PMA 80271,No failure
1403,47.7,43.0,298.0,309.9,5326.956196,3.132005398954411,0.14955657382702134,61.80585721747876,2025-10-16 12:29:45.782208,WP PMA 80467,No failure
1433,39.5,7.0,298.2,308.6,5475.704004,2.0455168760600344,0.1385831324161328,61.83510893569341,2025-10-16 12:29:58.782208,WP PMA 80271,No failure
1337,54.8,32.0,299.9,311.4,5498.964025,2.9716784717258706,0.013708025535761587,62.2844527408541,2025-10-16 12:38:18.782208,WP PMA 80271,No failure
1686,28.9,59.0,301.7,310.2,5281.800976,41.80940364666146,1.806523433807369,93.02853967611605,2025-10-16 12:47:35.782208,WP PMA 80271,door open delay
1754,26.9,209.0,302.9,312.3,5270.179216,31.064126655309654,0.7271846408765829,96.36983679144254,2025-10-16 13:10:54.782208,WP PMA 80467,signal delay
1772,26.1,52.0,299.3,308.5,5385.945321,1.3900129732809905,0.09910661292735093,57.37080251889748,2025-10-16 13:19:58.782208,WP PMA 80466,No failure
1393,45.7,99.0,298.7,309.7,5485.920489,22.951023860642238,1.950191784586998,84.35485044656178,2025-10-16 13:20:11.782208,WP PMA 80467,door close delay
1425,54.4,7.0,301.5,310.4,5311.057129,0.49631400400486503,0.019326970608998725,56.10911049012237,2025-10-16 13:21:45.782208,WP PMA 80271,No failure
1470,45.2,40.0,300.1,311.3,5497.629316,1.782959591839529,0.1442833362485737,58.72913707527661,2025-10-16 13:38:41.782208,WP PMA 80271,No failure
1537,37.6,175.0,298.6,309.3,5284.853809,47.63082184931335,1.103793640179266,89.40004843997045,2025-10-16 13:51:30.782208,WP PMA 80466,signal delay
1392,46.4,174.0,297.4,308.7,5479.404529,49.82094774461507,1.7275260349496973,82.29807714007318,2025-10-16 14:03:55.782208,WP PMA 80271,signal delay
1523,40.9,141.0,299.3,310.8,5467.715136,32.60338432946594,1.4731501023736493,97.8371124133434,2025-10-16 14:09:49.782208,WP PMA 80466,door open delay
2098,19.6,148.0,298.8,310.0,5349.898449,1.2441676765479877,0.1719768171046998,63.41620691198065,2025-10-16 14:12:32.782208,WP PMA 80466,No failure
1339,62.3,156.0,303.9,312.7,5481.773521,2.8021690340610377,0.031369660296173586,56.49179388192753,2025-10-16 14:14:26.782208,WP PMA 80466,No failure
1738,25.8,128.0,302.6,311.4,5297.365089,1.0461921337595088,0.09253507305111394,61.2427348786314,2025-10-16 14:43:15.782208,WP PMA 80467,No failure
1636,28.7,106.0,301.5,310.5,5421.229641,3.0536556526099856,0.09227333135172394,57.53335664405816,2025-10-16 14:55:23.782208,WP PMA 80466,No failure
1393,45.7,99.0,298.7,309.7,5485.920489,22.951023860642238,1.950191784586998,84.35485044656178,2025-10-16 15:08:39.782208,WP PMA 80271,door close delay
1475,46.3,49.0,300.5,311.3,5496.443044,3.6079459350118737,0.08267495854873598,58.861853394192224,2025-10-16 15:13:10.782208,WP PMA 80467,No failure
1734,32.4,161.0,299.0,308.6,5390.4964,36.16471629499442,0.9531873013492951,95.43673005245326,2025-10-16 15:22:47.782208,WP PMA 80466,Random failure
1489,47.8,21.0,300.6,310.2,5504.007721,2.6511350870293304,0.02363386411892497,56.225751806423524,2025-10-16 15:25:22.782208,WP PMA 80467,No failure
1298,57.5,57.0,302.5,311.9,5505.046416,48.88448593685028,1.744296866483037,88.80251842704857,2025-10-16 15:25:52.782208,WP PMA 80466,door close delay
1420,48.4,36.0,300.1,309.7,5514.993169,0.4395871326311783,0.19063904787411073,60.73432006098924,2025-10-16 15:31:49.782208,WP PMA 80466,No failure
1600,42.1,190.0,297.4,308.5,5456.185956,39.53285650511512,1.1928274910068417,93.8165756167538,2025-10-16 15:38:27.782208,WP PMA 80467,signal delay
1595,35.4,15.0,300.4,311.0,5245.960041,40.671410585650555,1.7663676320787438,91.29257725331573,2025-10-16 15:50:53.782208,WP PMA 80466,door open delay
1489,42.7,33.0,302.7,310.4,5464.314241,1.238793430488346,0.06527241936996017,62.89554431601829,2025-10-16 15:51:09.782208,WP PMA 80271,No failure
1323,51.1,130.0,297.4,308.7,5479.700625,42.30312527421579,0.671909255936029,90.0225145439153,2025-10-16 15:54:13.782208,WP PMA 80466,signal delay
1497,37.0,162.0,299.9,311.4,5247.263844,0.9863195227710001,0.14358749281105518,62.83666923979614,2025-10-16 16:28:04.782208,WP PMA 80466,No failure
1629,32.1,55.0,300.0,311.3,5246.829225,27.554756501884274,1.2394743242853634,86.1081681006253,2025-10-16 16:37:45.782208,WP PMA 80466,door close delay
1410,45.8,71.0,298.1,308.1,5382.569956,27.52074409551031,0.5276270527141842,96.37082823466986,2025-10-16 16:49:17.782208,WP PMA 80271,drive delay
1618,30.3,125.0,299.7,311.1,5488.290889,40.60410458568789,0.9727397823334152,91.90296894800397,2025-10-16 17:44:25.782208,WP PMA 80467,door close delay
1452,42.5,198.0,302.1,310.9,5284.999204,3.621470472468541,0.1886797649943313,63.757205373102806,2025-10-16 17:49:26.782208,WP PMA 80271,No failure
2051,19.2,90.0,298.2,308.3,5462.096836,4.031519883820652,0.04297060554271394,58.61790243497684,2025-10-16 17:52:35.782208,WP PMA 80466,No failure
1680,33.7,185.0,298.1,308.3,5464.462084,40.53621110002542,1.861302562403293,99.0882319471089,2025-10-16 17:53:21.782208,WP PMA 80271,signal delay
1673,30.1,210.0,302.4,311.8,5266.4049,4.36451133188327,0.12835890480967221,57.81535087623254,2025-10-16 17:55:00.782208,WP PMA 80466,No failure
1512,44.9,86.0,301.0,310.4,5260.310784,39.36836299538538,1.6935308256837749,96.5270926355088,2025-10-16 18:09:02.782208,WP PMA 80466,door open delay
1478,38.6,141.0,301.8,310.5,5304.791556,37.28807496496765,1.3246250892014255,81.75641095592287,2025-10-16 18:09:24.782208,WP PMA 80271,door close delay
1503,38.3,87.0,298.2,307.7,5363.511696,3.1212440453358674,0.021094062763980764,55.06083238230381,2025-10-16 18:09:42.782208,WP PMA 80271,No failure
1509,46.6,125.0,300.3,309.9,5514.5476,20.02023079033625,0.7215698637292967,88.48214630717786,2025-10-16 18:19:44.782208,WP PMA 80467,door close delay
1304,62.8,118.0,300.3,311.6,5498.519104,4.412714957878607,0.19808890930861855,60.1583914646472,2025-10-16 18:39:59.782208,WP PMA 80467,No failure
1348,53.7,68.0,297.4,308.1,5476.444009,33.10520166867137,0.9345701870889231,84.5290198629316,2025-10-16 18:51:24.782208,WP PMA 80467,signal delay
1629,32.5,45.0,298.1,309.9,5446.587601,23.75340627019404,1.9241090702893169,87.54583502901593,2025-10-16 18:52:21.782208,WP PMA 80467,door close delay
1741,32.8,112.0,298.4,308.5,5313.681025,4.475153043084208,0.16405719911787708,57.53428163117048,2025-10-16 18:52:37.782208,WP PMA 80271,No failure
1497,38.4,28.0,302.1,311.3,5435.670529,26.28941107100395,1.7209206689441916,99.77365236649493,2025-10-16 18:57:59.782208,WP PMA 80271,door close delay
1523,43.3,60.0,301.8,310.7,5310.182641,29.49868042780217,1.669398076973442,90.49945716483931,2025-10-16 19:04:19.782208,WP PMA 80467,signal delay
1686,28.9,59.0,301.7,310.2,5281.800976,41.80940364666146,1.806523433807369,93.02853967611605,2025-10-16 19:08:14.782208,WP PMA 80466,door open delay
1375,42.7,58.0,298.9,309.3,5474.816064,36.69009158864943,0.8981628206628844,98.64108579120862,2025-10-16 19:11:51.782208,WP PMA 80467,door close delay
1534,33.2,75.0,298.3,308.2,5462.096836,38.38206123061534,1.8642989668196104,93.6352359612934,2025-10-16 19:18:48.782208,WP PMA 80466,door close delay
1793,25.3,200.0,302.3,311.7,5510.389824,4.6334948180161195,0.038709292485346214,57.32328307984458,2025-10-16 19:22:44.782208,WP PMA 80271,No failure
1594,32.4,204.0,301.7,310.8,5303.626276,37.38423566578929,1.3463625335459448,86.49307795768311,2025-10-16 19:25:55.782208,WP PMA 80271,Random failure
1470,49.3,116.0,301.1,310.8,5261.036089,0.21502669575776984,0.11514884362059369,63.40155781315013,2025-10-16 19:37:17.782208,WP PMA 80467,No failure
1310,48.8,103.0,301.1,310.6,5254.655121,36.17824182273196,1.4911480180915766,94.86845780453619,2025-10-16 19:41:03.782208,WP PMA 80467,door close delay
1710,26.5,190.0,303.8,313.2,5494.367376,1.8963180361481056,0.08700510682141412,59.19391725114742,2025-10-16 19:46:19.782208,WP PMA 80467,No failure
1329,48.9,30.0,299.2,310.5,5248.567809,1.6374006284164064,0.11566661232557013,58.58850234059953,2025-10-16 19:47:29.782208,WP PMA 80467,No failure
1491,37.2,195.0,303.9,313.1,5271.050404,3.3125717736616105,0.1164269932211766,63.18172258836438,2025-10-16 20:04:02.782208,WP PMA 80467,No failure
1526,38.2,47.0,302.3,311.5,5445.111681,20.770653830747378,1.30602776858319,86.60692999486108,2025-10-16 20:10:05.782208,WP PMA 80466,signal delay
1513,38.0,38.0,300.9,311.9,5491.254609,45.398608991025895,1.6628507955465734,97.30340726359175,2025-10-16 20:11:03.782208,WP PMA 80271,door open delay
1329,59.2,121.0,300.7,311.9,5494.663876,3.550444160990412,0.16333518811089673,64.79971949190116,2025-10-16 20:30:13.782208,WP PMA 80466,No failure
1475,47.9,79.0,302.4,311.0,5282.673124,37.29116374458573,1.6642971181662811,88.8607658808726,2025-10-16 20:33:55.782208,WP PMA 80467,Random failure
1310,48.8,103.0,301.1,310.6,5254.655121,36.17824182273196,1.4911480180915766,94.86845780453619,2025-10-16 20:43:29.782208,WP PMA 80271,door close delay
1585,33.0,24.0,298.0,308.5,5288.1984,3.5993004388377243,0.13181023503843464,62.55924176889313,2025-10-16 20:53:25.782208,WP PMA 80271,No failure
1648,29.6,157.0,302.0,310.3,5284.272249,45.846751847405464,1.916727041356644,80.06354773317213,2025-10-16 20:58:11.782208,WP PMA 80271,drive delay
1478,38.6,141.0,301.8,310.5,5304.791556,37.28807496496765,1.3246250892014255,81.75641095592287,2025-10-16 21:00:02.782208,WP PMA 80271,door close delay
1392,47.9,201.0,300.2,310.1,5250.741444,0.8072051273366901,0.04206624205633957,64.06457213565375,2025-10-16 21:15:23.782208,WP PMA 80466,No failure
1414,44.3,68.0,298.2,308.9,5471.708841,3.315507029391585,0.1879170598886244,55.29728252493194,2025-10-16 21:27:11.782208,WP PMA 80271,No failure
1670,26.1,139.0,303.7,312.5,5481.477369,1.7085044226437838,0.19179163408960961,57.996573768997294,2025-10-16 21:33:53.782208,WP PMA 80466,No failure
1486,38.9,106.0,300.7,310.9,5518.558369,27.887507757506174,1.9882297442715522,90.94967991009187,2025-10-16 21:36:25.782208,WP PMA 80271,door close delay
1334,53.9,150.0,300.7,311.0,5252.625625,2.440496874318158,0.10485663205788626,56.09756855535138,2025-10-16 21:38:37.782208,WP PMA 80466,No failure
1564,34.3,0.0,302.7,310.6,5463.870724,2.2611319923814825,0.010131348701044025,58.437876308487326,2025-10-16 21:39:35.782208,WP PMA 80271,No failure
1513,40.0,51.0,300.4,311.7,5244.077056,25.14323664801961,0.5049198162018053,96.51196761417759,2025-10-16 21:59:19.782208,WP PMA 80271,door close delay
1297,50.0,130.0,300.6,310.1,5503.414225,1.0770905500078571,0.13998057302704392,60.04250716898064,2025-10-16 22:09:16.782208,WP PMA 80466,No failure
1527,40.2,16.0,298.1,308.6,5461.505604,2.326844119123121,0.011421505438986627,59.17258576722269,2025-10-16 22:28:40.782208,WP PMA 80271,No failure
1959,22.3,157.0,303.5,311.7,5472.448576,29.43254792505012,0.8841722655722568,98.0943208432986,2025-10-16 22:32:10.782208,WP PMA 80467,signal delay
1490,38.6,127.0,298.8,309.8,5303.043684,1.120949135885095,0.18117281185207654,60.38324886406475,2025-10-16 22:38:44.782208,WP PMA 80466,No failure
1769,26.1,38.0,300.4,310.0,5258.715289,2.740220631742597,0.18407140490727977,63.83568613270317,2025-10-16 22:48:41.782208,WP PMA 80466,No failure
1706,28.8,111.0,299.9,311.4,5493.626161,41.441868880496905,0.5863150585353729,86.83961198318863,2025-10-16 22:49:27.782208,WP PMA 80466,door close delay
1505,40.6,179.0,300.7,310.6,5251.755961,4.46405890079821,0.05314792430575934,64.49484548791528,2025-10-16 23:06:09.782208,WP PMA 80466,No failure
1370,55.9,143.0,300.5,309.8,5332.942729,30.02756191796996,1.83812244626275,94.53130435072775,2025-10-16 23:06:56.782208,WP PMA 80467,door close delay
1495,41.6,17.0,299.5,309.2,5371.863849,4.788450016390693,0.10236965056141466,64.33082173002987,2025-10-16 23:11:43.782208,WP PMA 80271,No failure
1558,36.7,113.0,300.5,312.0,5489.624464,2.6563559524850695,0.06081829825013639,62.74193291743688,2025-10-16 23:15:20.782208,WP PMA 80467,No failure
1511,36.1,157.0,298.8,308.6,5311.640161,3.831952472563041,0.03726814450548344,61.89995800395221,2025-10-16 23:25:28.782208,WP PMA 80466,No failure
1706,28.8,111.0,299.9,311.4,5493.626161,41.441868880496905,0.5863150585353729,86.83961198318863,2025-10-16 23:43:26.782208,WP PMA 80466,door close delay
1423,48.7,67.0,300.0,309.6,5514.844644,0.9289836853676294,0.12509800407521376,61.32263487991942,2025-10-16 23:46:36.782208,WP PMA 80467,No failure
1445,50.9,34.0,300.2,310.3,5502.820761,3.6300586931028835,0.18599436474148265,62.218961737999905,2025-10-16 23:56:15.782208,WP PMA 80466,No failure
1530,42.3,21.0,302.3,311.5,5507.866225,30.450301760589426,1.1058661088010444,87.95387877662486,2025-10-17 00:09:44.782208,WP PMA 80271,signal delay
1620,34.1,89.0,299.2,308.4,5386.385664,45.8446025594114,0.5034314840442716,96.88632719093115,2025-10-17 00:18:59.782208,WP PMA 80271,door open delay
1909,23.2,25.0,302.3,311.4,5287.471225,3.474275145747092,0.1924130265201547,55.235222765484984,2025-10-17 00:32:07.782208,WP PMA 80467,No failure
1403,44.3,25.0,297.5,308.4,5275.262161,0.7726504834871921,0.014644917975689151,63.92673076876365,2025-10-17 00:47:08.782208,WP PMA 80467,No failure
1629,33.5,73.0,303.5,311.5,5277.877201,4.834247363577321,0.19809751870154987,58.79005211743242,2025-10-17 01:29:05.782208,WP PMA 80466,No failure
1386,44.9,135.0,298.4,308.7,5313.972609,2.3366244098030156,0.1177368643173878,57.76314103246659,2025-10-17 01:45:06.782208,WP PMA 80466,No failure
1484,39.2,8.0,298.8,308.4,5461.357801,38.09016038139223,0.9003470073560125,93.988876876617,2025-10-17 01:48:16.782208,WP PMA 80271,signal delay
1706,28.8,111.0,299.9,311.4,5493.626161,41.441868880496905,0.5863150585353729,86.83961198318863,2025-10-17 01:50:24.782208,WP PMA 80466,door close delay
1393,54.2,80.0,299.3,308.7,5383.010161,2.1456471370267947,0.19917185394345424,58.59225874693929,2025-10-17 02:06:47.782208,WP PMA 80466,No failure
1314,49.7,136.0,298.6,309.7,5255.090064,2.3341941680773184,0.06560014026271543,63.677241841018756,2025-10-17 02:18:32.782208,WP PMA 80271,No failure
1416,58.7,156.0,303.8,312.8,5272.2121,33.788869839697,1.2694095011541886,98.03901176263835,2025-10-17 02:36:42.782208,WP PMA 80467,door open delay
1727,28.7,43.0,299.1,310.3,5467.1236,0.3065370651618905,0.14292168215148504,61.3298894430335,2025-10-17 02:51:14.782208,WP PMA 80271,No failure
1698,28.3,103.0,299.8,310.4,5248.422916,1.876317732231974,0.15796712830160659,60.51400867584387,2025-10-17 03:02:32.782208,WP PMA 80271,No failure
1570,37.9,154.0,297.4,309.0,5452.936336,4.164541146368676,0.09154493142300228,58.99484558078276,2025-10-17 03:02:47.782208,WP PMA 80467,No failure
1528,46.3,203.0,296.7,308.1,5331.628324,27.188963976400803,1.6875662775840243,86.29292509365149,2025-10-17 03:04:25.782208,WP PMA 80467,signal delay
1367,45.0,85.0,298.2,308.9,5283.690721,0.48911575545973296,0.13548642348260068,56.750361907604585,2025-10-17 03:42:28.782208,WP PMA 80467,No failure
1423,42.9,124.0,299.8,309.4,5399.457361,2.672814529754354,0.19714107822511964,55.756427201691906,2025-10-17 03:43:25.782208,WP PMA 80466,No failure
1622,37.2,103.0,297.5,308.3,5457.958884,47.56231038168288,0.695912273194448,80.02490348311116,2025-10-17 04:00:02.782208,WP PMA 80467,Random failure
1423,40.2,63.0,300.9,312.1,5491.254609,26.487242862943063,0.6574029788516131,82.48730646898161,2025-10-17 04:46:17.782208,WP PMA 80466,door open delay
1695,26.7,28.0,300.5,310.5,5249.582116,31.321847723618333,0.611570596074849,91.54170591118405,2025-10-17 04:58:01.782208,WP PMA 80467,drive delay
1399,54.8,3.0,299.9,309.4,5343.756201,4.588922021700316,0.17671319671717808,63.268573820131195,2025-10-17 05:02:44.782208,WP PMA 80271,No failure
1332,46.4,76.0,298.6,309.8,5483.698704,2.9137133871442615,0.12067988074172988,58.46424935197384,2025-10-17 05:05:14.782208,WP PMA 80467,No failure
1622,37.2,103.0,297.5,308.3,5457.958884,47.56231038168288,0.695912273194448,80.02490348311116,2025-10-17 05:16:17.782208,WP PMA 80467,Random failure
1563,32.8,51.0,298.1,309.9,5446.44,23.249154431791236,1.3895731218270553,92.09673056674498,2025-10-17 05:23:19.782208,WP PMA 80466,door close delay
1425,49.3,199.0,303.9,313.1,5271.050404,0.9815451253209119,0.09053533371538526,56.86328174534225,2025-10-17 05:37:23.782208,WP PMA 80466,No failure
1809,23.8,131.0,297.4,308.9,5330.752144,1.5216396725642576,0.19050836936479676,64.93690883300857,2025-10-17 05:44:51.782208,WP PMA 80466,No failure
1561,37.3,70.0,299.0,309.4,5307.705316,0.7850363510808368,0.0568018361412573,63.55011691601737,2025-10-17 05:49:13.782208,WP PMA 80466,No failure
1550,34.9,111.0,301.0,312.3,5241.76,40.43445593905051,1.6685544741278708,90.85306688363391,2025-10-17 05:54:29.782208,WP PMA 80271,door open delay
1432,49.8,198.0,298.1,307.8,5362.047076,1.5836406969387045,0.07327684752946775,55.4559744036988,2025-10-17 05:54:30.782208,WP PMA 80271,No failure
1563,35.6,190.0,302.5,311.0,5283.109225,38.74104099685708,1.2347836818112328,99.83039726960615,2025-10-17 05:56:18.782208,WP PMA 80271,door open delay
1487,33.6,183.0,298.7,309.5,5485.476096,3.4631965752702,0.10776956058565766,59.40091823900184,2025-10-17 06:02:43.782208,WP PMA 80467,No failure
1915,22.3,116.0,303.6,312.3,5275.843225,30.152304086590867,1.3571095834850015,96.856841139973,2025-10-17 06:31:34.782208,WP PMA 80467,door close delay
1734,32.4,161.0,299.0,308.6,5390.4964,36.16471629499442,0.9531873013492951,95.43673005245326,2025-10-17 06:33:32.782208,WP PMA 80467,Random failure
1497,38.4,28.0,302.1,311.3,5435.670529,26.28941107100395,1.7209206689441916,99.77365236649493,2025-10-17 06:40:34.782208,WP PMA 80466,door close delay
1486,38.9,106.0,300.7,310.9,5518.558369,27.887507757506174,1.9882297442715522,90.94967991009187,2025-10-17 06:52:36.782208,WP PMA 80466,door close delay
1476,42.7,225.0,299.1,308.9,5391.230625,2.924826018371845,0.15269886883438452,64.59678101679253,2025-10-17 06:58:24.782208,WP PMA 80271,No failure
1623,33.1,224.0,297.6,309.5,5326.372324,4.015044846159709,0.0516226882275669,59.70881538375813,2025-10-17 06:58:49.782208,WP PMA 80467,No failure
1456,42.4,59.0,298.1,308.0,5382.863424,0.9107417946129192,0.1761076052520515,58.79233354950984,2025-10-17 07:09:29.782208,WP PMA 80271,No failure
1392,46.4,174.0,297.4,308.7,5479.404529,49.82094774461507,1.7275260349496973,82.29807714007318,2025-10-17 07:57:36.782208,WP PMA 80467,signal delay
1747,27.3,35.0,301.2,310.7,5254.945081,1.6839842487893262,0.07953966622660641,58.704593372078804,2025-10-17 08:12:23.782208,WP PMA 80271,No failure
1335,50.5,48.0,296.3,307.4,5340.832561,1.7678588790822207,0.022590244240229533,57.1178763411088,2025-10-17 08:13:14.782208,WP PMA 80467,No failure
1392,46.4,174.0,297.4,308.7,5479.404529,49.82094774461507,1.7275260349496973,82.29807714007318,2025-10-17 08:20:38.782208,WP PMA 80271,signal delay
1766,28.2,207.0,300.4,309.3,5339.809476,1.156077289308948,0.11437528754948284,64.96238842698213,2025-10-17 08:21:37.782208,WP PMA 80466,No failure
2496,13.5,111.0,300.6,309.4,5406.072676,1.3053390975602415,0.05713546585302343,63.104354353707556,2025-10-17 08:23:54.782208,WP PMA 80466,No failure
1585,30.6,127.0,298.3,308.4,5401.221049,4.24445247263259,0.0286877517016565,63.52608548292763,2025-10-17 08:24:23.782208,WP PMA 80466,No failure
1469,42.0,214.0,302.9,312.2,5270.179216,2.581888046395131,0.1234417244877638,64.97653226296377,2025-10-17 08:24:28.782208,WP PMA 80466,No failure
1573,36.4,126.0,296.8,307.8,5425.206336,2.2181602265852773,0.1838722257045085,55.60584915776469,2025-10-17 08:27:21.782208,WP PMA 80466,No failure
1405,51.4,157.0,302.7,312.2,5267.420929,2.8505669332843295,0.17331845545836483,58.1068340914391,2025-10-17 08:41:28.782208,WP PMA 80467,No failure
1335,52.7,135.0,302.5,311.8,5266.695184,1.0324412006399497,0.1851907693765592,55.396847134809185,2025-10-17 09:52:06.782208,WP PMA 80271,No failure
1413,43.5,83.0,302.2,311.5,5433.311521,46.06769449253791,1.9129662103062164,91.80974319114351,2025-10-17 10:13:47.782208,WP PMA 80467,door open delay
1665,29.6,20.0,298.1,308.5,5288.052961,4.022313418047903,0.07222687791812418,55.22638443307259,2025-10-17 10:28:57.782208,WP PMA 80467,No failure
1661,38.2,82.0,298.1,309.0,5482.513936,35.00952125655859,1.783869388811883,99.12664194372854,2025-10-17 10:47:01.782208,WP PMA 80271,door open delay
1401,42.6,114.0,300.6,310.4,5252.045841,0.48272197365477854,0.16883582000592126,61.773805708040854,2025-10-17 11:13:10.782208,WP PMA 80271,No failure
1589,36.0,190.0,299.7,310.8,5467.419364,24.81802571081649,1.7230158856927384,92.27456179038798,2025-10-17 11:23:15.782208,WP PMA 80271,drive delay
1544,41.7,6.0,297.3,308.3,5272.066881,1.703446570096019,0.14231759533930075,55.69670262855613,2025-10-17 11:42:14.782208,WP PMA 80466,No failure
1423,40.2,63.0,300.9,312.1,5491.254609,26.487242862943063,0.6574029788516131,82.48730646898161,2025-10-17 11:49:21.782208,WP PMA 80271,door open delay
1559,39.7,24.0,300.1,309.4,5401.221049,32.44510658974924,1.7117118145834187,97.35954246520838,2025-10-17 11:50:06.782208,WP PMA 80467,door open delay
1521,37.2,131.0,299.6,311.1,5467.715136,46.673454718591316,1.420389399153339,95.87920103880379,2025-10-17 11:55:33.782208,WP PMA 80466,door close delay
1360,50.8,94.0,303.4,312.8,5270.614801,3.418349826855525,0.1470138472554776,57.685600655487825,2025-10-17 11:57:13.782208,WP PMA 80467,No failure
1692,27.9,55.0,303.3,311.4,5278.0225,3.985497769590931,0.13496444034835187,57.77820542599638,2025-10-17 12:03:10.782208,WP PMA 80466,No failure
1470,43.8,18.0,300.6,309.7,5331.044196,1.1507653493707177,0.03302579485169029,59.44383312529601,2025-10-17 12:14:44.782208,WP PMA 80467,No failure
1961,21.8,148.0,301.6,310.8,5512.023049,3.1661595538717573,0.15791424054180825,58.224509143193764,2025-10-17 12:29:03.782208,WP PMA 80466,No failure
1459,49.7,201.0,297.5,309.3,5452.050244,2.231045411853281,0.142162757777322,61.54563610325852,2025-10-17 12:29:40.782208,WP PMA 80467,No failure
1352,46.4,212.0,300.9,310.7,5262.631936,1.4899737324808064,0.15821660564691198,58.051757237039595,2025-10-17 12:32:42.782208,WP PMA 80466,No failure
1725,30.4,195.0,300.4,309.8,5259.875625,4.245904721102171,0.11144292267122369,58.379790106851836,2025-10-17 12:36:52.782208,WP PMA 80271,No failure
1563,35.6,190.0,302.5,311.0,5283.109225,38.74104099685708,1.2347836818112328,99.83039726960615,2025-10-17 12:52:19.782208,WP PMA 80271,door open delay
1734,32.4,161.0,299.0,308.6,5390.4964,36.16471629499442,0.9531873013492951,95.43673005245326,2025-10-17 13:00:26.782208,WP PMA 80271,Random failure
1648,31.7,46.0,300.6,310.2,5513.805025,2.668124463952934,0.046872238492019706,57.958997281509234,2025-10-17 13:02:54.782208,WP PMA 80467,No failure
1618,30.3,125.0,299.7,311.1,5488.290889,40.60410458568789,0.9727397823334152,91.90296894800397,2025-10-17 13:23:01.782208,WP PMA 80466,door close delay
1563,35.6,190.0,302.5,311.0,5283.109225,38.74104099685708,1.2347836818112328,99.83039726960615,2025-10-17 13:39:45.782208,WP PMA 80271,door open delay
1474,41.8,18.0,301.9,311.2,5303.189329,1.0390720675300678,0.028018329502107787,58.45319194384871,2025-10-17 13:40:08.782208,WP PMA 80271,No failure
1452,40.2,28.0,300.6,311.1,5506.382025,3.2193183885338827,0.02674841492875405,60.87787205302148,2025-10-17 13:44:24.782208,WP PMA 80271,No failure
1436,54.1,90.0,301.4,310.7,5512.320025,48.21507638039077,1.0595772874397975,95.62059277481504,2025-10-17 14:06:42.782208,WP PMA 80271,signal delay
1414,50.2,51.0,295.9,306.6,5434.343524,27.145965124586027,1.2118314560594747,98.77282882670414,2025-10-17 14:22:05.782208,WP PMA 80271,door close delay
1496,36.4,126.0,297.4,308.5,5480.885089,2.7278552839778634,0.0846730538797908,56.132251874929665,2025-10-17 14:37:01.782208,WP PMA 80467,No failure
1484,39.2,8.0,298.8,308.4,5461.357801,38.09016038139223,0.9003470073560125,93.988876876617,2025-10-17 14:58:25.782208,WP PMA 80466,signal delay
1658,34.3,59.0,297.6,308.3,5318.639041,1.6020186850652436,0.06131049604184007,57.896390964420675,2025-10-17 15:00:14.782208,WP PMA 80271,No failure
1282,58.1,108.0,297.8,308.9,5472.596529,0.7353745486143791,0.12230740614950723,64.51576041712485,2025-10-17 15:06:04.782208,WP PMA 80467,No failure
1484,43.4,172.0,298.3,308.4,5358.825616,1.151098013513086,0.1304430196885961,56.54720711051019,2025-10-17 15:22:25.782208,WP PMA 80467,No failure
1902,23.4,188.0,302.0,310.8,5285.144601,2.4099389328322975,0.16938914257041815,55.557318319036916,2025-10-17 15:22:43.782208,WP PMA 80466,No failure
1563,35.6,190.0,302.5,311.0,5283.109225,38.74104099685708,1.2347836818112328,99.83039726960615,2025-10-17 15:26:19.782208,WP PMA 80271,door open delay
1551,36.8,140.0,303.9,313.0,5272.2121,4.608629734752386,0.06330834614891592,56.42383572432663,2025-10-17 15:30:22.782208,WP PMA 80466,No failure
1521,42.3,215.0,299.2,308.9,5356.483344,48.52642714523353,0.5951679291380665,96.63168155565477,2025-10-17 15:32:33.782208,WP PMA 80467,signal delay
1445,40.0,129.0,298.9,310.2,5409.455401,2.986045680161809,0.08883541319687423,61.11910128833764,2025-10-17 15:36:39.782208,WP PMA 80467,No failure
1314,59.5,160.0,300.4,311.7,5494.515625,0.41966931827446674,0.18600051010308197,60.31955829806938,2025-10-17 15:40:38.782208,WP PMA 80467,No failure
1635,31.6,23.0,302.1,311.5,5266.259761,4.8239935818567785,0.10529299705533139,60.67471806487572,2025-10-17 15:42:53.782208,WP PMA 80271,No failure
2381,14.2,164.0,298.4,307.9,5364.537049,3.905168032694929,0.026351057447299438,57.643608495895045,2025-10-17 15:46:09.782208,WP PMA 80466,No failure
1513,40.0,51.0,300.4,311.7,5244.077056,25.14323664801961,0.5049198162018053,96.51196761417759,2025-10-17 16:06:32.782208,WP PMA 80467,door close delay
1520,35.6,154.0,303.7,312.5,5275.697956,4.9365128183688425,0.15551611793733647,63.966835177309015,2025-10-17 16:07:28.782208,WP PMA 80467,No failure
1364,49.6,50.0,299.9,311.2,5488.735396,0.45188986458580194,0.18608820543355628,59.485853096652725,2025-10-17 16:07:50.782208,WP PMA 80467,No failure
1522,36.9,53.0,298.5,308.6,5304.645889,2.7298716159881273,0.010942743853495784,55.83358416913034,2025-10-17 16:14:48.782208,WP PMA 80466,No failure
1374,56.6,115.0,304.1,313.4,5487.105625,4.67661878441103,0.06531680723628268,62.60325314950205,2025-10-17 16:34:12.782208,WP PMA 80271,No failure
1570,36.8,189.0,300.1,309.3,5324.183089,1.9504668698906538,0.07547085793849533,59.26303837222579,2025-10-17 16:48:52.782208,WP PMA 80466,No failure
1464,49.1,171.0,303.9,313.4,5271.195609,49.98468948636307,0.7407190196670943,80.1908078185052,2025-10-17 16:59:14.782208,WP PMA 80271,door open delay
1690,30.7,244.0,299.0,310.2,5296.200625,1.277138090854599,0.040941387327114026,60.75234221742657,2025-10-17 17:02:15.782208,WP PMA 80271,No failure
1622,36.8,45.0,302.1,310.8,5438.915001,2.6300125717923484,0.10960820442191674,63.83072013291875,2025-10-17 17:03:48.782208,WP PMA 80271,No failure
1545,40.7,166.0,299.8,310.9,5499.408964,3.7856936481456254,0.09872041808037305,61.04991257613879,2025-10-17 17:09:25.782208,WP PMA 80466,No failure
1315,48.9,127.0,298.5,309.5,5355.458761,41.06519945448606,1.6344147895833567,95.67090294936038,2025-10-17 17:24:02.782208,WP PMA 80271,door close delay
1671,31.6,137.0,301.7,310.8,5316.888889,29.42162169453939,1.7513437119216573,96.732082886829,2025-10-17 17:38:09.782208,WP PMA 80271,door open delay
1476,32.6,144.0,300.4,311.5,5245.525476,3.775083228201454,0.04197275980754859,62.312704309681976,2025-10-17 17:46:57.782208,WP PMA 80467,No failure
1586,35.5,0.0,296.4,307.4,5334.987681,3.154656227849729,0.14152727919407784,56.82118660027041,2025-10-17 18:06:17.782208,WP PMA 80467,No failure
1454,40.3,191.0,301.3,311.1,5265.534096,3.7186305645640374,0.11716606471409963,59.53660965452643,2025-10-17 18:07:51.782208,WP PMA 80271,No failure
1536,39.0,202.0,297.5,308.6,5479.256484,0.7248582638331877,0.04261571005252473,64.59071112596969,2025-10-17 18:36:45.782208,WP PMA 80467,No failure
1485,40.5,188.0,300.2,310.1,5503.117489,44.27777270700361,1.00731822680138,85.07467411154907,2025-10-17 18:47:08.782208,WP PMA 80467,door close delay
1334,48.0,42.0,298.6,310.0,5410.926481,44.6921753251622,1.7757381645190178,97.48377633205858,2025-10-17 18:47:18.782208,WP PMA 80466,door open delay
1515,48.9,228.0,299.2,309.0,5356.190596,0.33953984277583127,0.12838924716694444,57.90560551402626,2025-10-17 19:38:09.782208,WP PMA 80271,No failure
1568,33.7,175.0,297.4,309.0,5452.493281,30.817869178878684,1.1978453154513014,94.86165932455624,2025-10-17 19:47:27.782208,WP PMA 80467,door close delay
1446,36.6,227.0,297.1,308.1,5419.609924,43.297600346955875,1.571528479618523,90.93819912138767,2025-10-17 19:55:48.782208,WP PMA 80271,door close delay
1364,55.6,163.0,297.2,308.5,5347.558129,36.461385699506096,1.9983719108979061,90.26570522546112,2025-10-17 20:12:51.782208,WP PMA 80466,door open delay
1550,41.5,197.0,301.3,310.0,5319.951844,2.766600688145351,0.04240150331945697,58.7842361883515,2025-10-17 20:15:02.782208,WP PMA 80271,No failure
1915,22.3,116.0,303.6,312.3,5275.843225,30.152304086590867,1.3571095834850015,96.856841139973,2025-10-17 20:32:53.782208,WP PMA 80271,door close delay
1408,47.5,76.0,303.9,313.0,5483.846809,4.114310416607099,0.09012815242035423,55.433197477490296,2025-10-17 20:52:32.782208,WP PMA 80466,No failure
1566,35.7,156.0,297.3,308.1,5474.668081,3.2015022873480907,0.18230274380118375,58.70306545527225,2025-10-17 20:54:10.782208,WP PMA 80271,No failure
1495,48.1,111.0,298.1,307.7,5366.441536,1.950756410504001,0.05990663105768896,55.23738367754929,2025-10-17 21:14:33.782208,WP PMA 80466,No failure
1270,61.0,54.0,300.8,310.3,5258.570256,2.927494789126261,0.06920651153788453,61.07525102605548,2025-10-17 21:34:49.782208,WP PMA 80467,No failure
1505,37.7,4.0,299.7,310.3,5500.447225,0.20513354365485875,0.057918156817635486,59.87541847175697,2025-10-17 21:40:18.782208,WP PMA 80466,No failure
1541,33.7,165.0,297.6,309.7,5325.642529,42.66027321379279,0.5957421488515693,81.39217013180169,2025-10-17 22:15:36.782208,WP PMA 80271,door close delay
1468,44.7,179.0,300.3,309.6,5416.076836,0.5254088720983666,0.025228903201467014,60.84162546779777,2025-10-17 22:30:29.782208,WP PMA 80271,No failure
1486,34.9,122.0,301.1,312.3,5241.76,4.968419627101398,0.09491845159845277,57.135193204033506,2025-10-17 22:48:23.782208,WP PMA 80467,No failure
1486,38.5,78.0,301.7,310.6,5305.956964,3.310677369034034,0.07309642658369106,63.787203399771016,2025-10-17 22:56:44.782208,WP PMA 80466,No failure
1332,53.9,7.0,296.9,308.0,5332.212484,32.981098147326,0.9389940584593492,90.26690819060457,2025-10-17 23:01:50.782208,WP PMA 80467,signal delay
1536,38.7,7.0,297.5,308.6,5479.256484,0.1654537667403103,0.1455479425917827,63.0161105590851,2025-10-17 23:09:16.782208,WP PMA 80467,No failure
1437,48.3,110.0,303.9,313.1,5484.439249,3.4099218025104387,0.09759588422948717,61.28338635167833,2025-10-17 23:15:10.782208,WP PMA 80466,No failure
1845,27.3,45.0,302.0,311.2,5302.7524,0.7713131277987759,0.19927167127280435,57.90609314852594,2025-10-17 23:24:37.782208,WP PMA 80271,No failure
2008,20.4,165.0,299.9,309.5,5396.812369,3.293844210908002,0.09063657404968167,55.9617423822979,2025-10-17 23:32:28.782208,WP PMA 80466,No failure
1374,51.6,137.0,299.8,309.6,5250.016849,3.0250003917686668,0.05098582408165102,55.7342936697696,2025-10-17 23:33:14.782208,WP PMA 80467,No failure
1711,27.6,170.0,303.7,312.6,5490.958201,1.095593520233689,0.0364649014414422,63.37994599525797,2025-10-17 23:44:43.782208,WP PMA 80467,No failure
1892,21.8,177.0,301.9,310.5,5450.425929,43.654580946114876,0.9529393734897191,97.87179433207908,2025-10-17 23:51:53.782208,WP PMA 80467,door close delay
1417,39.2,65.0,298.1,308.9,5402.544004,42.18444491739179,0.8419734264000982,90.26619371204663,2025-10-17 23:54:17.782208,WP PMA 80466,door close delay
1472,44.9,198.0,297.5,308.6,5320.535364,1.1105768497958595,0.12328025086727055,63.179452366016406,2025-10-18 00:27:24.782208,WP PMA 80467,No failure
1488,46.3,198.0,299.0,310.0,5466.236356,2.3522998333078475,0.1256160595029844,61.12822851244356,2025-10-18 00:36:19.782208,WP PMA 80466,No failure
1298,57.5,57.0,302.5,311.9,5505.046416,48.88448593685028,1.744296866483037,88.80251842704857,2025-10-18 00:50:20.782208,WP PMA 80271,door close delay
1483,44.3,219.0,296.9,308.1,5439.652516,3.0312159240479812,0.1861907651013401,60.2927464799717,2025-10-18 01:30:39.782208,WP PMA 80467,No failure
1502,34.4,157.0,301.7,310.8,5308.5796,4.455317116804055,0.12213082986337422,57.40009737402049,2025-10-18 01:42:44.782208,WP PMA 80467,No failure
1449,44.5,152.0,302.3,311.7,5434.343524,29.801293682800324,1.9537263165480647,89.17307701084255,2025-10-18 02:06:22.782208,WP PMA 80466,door close delay
1386,53.5,59.0,302.3,311.2,5290.525696,4.814981761882672,0.1565083989327812,56.90112952843191,2025-10-18 02:15:22.782208,WP PMA 80467,No failure
1706,28.8,111.0,299.9,311.4,5493.626161,41.441868880496905,0.5863150585353729,86.83961198318863,2025-10-18 02:25:16.782208,WP PMA 80466,door close delay
1665,29.6,20.0,298.1,308.5,5469.637849,37.238730558246914,1.0025553265776534,99.00835330996256,2025-10-18 02:28:51.782208,WP PMA 80466,Random failure
1597,37.2,16.0,295.5,306.0,5431.100416,27.77411025179005,1.0458909826573568,84.61157931227865,2025-10-18 02:50:10.782208,WP PMA 80271,door open delay
1622,37.2,103.0,297.5,308.3,5457.958884,47.56231038168288,0.695912273194448,80.02490348311116,2025-10-18 02:56:12.782208,WP PMA 80271,Random failure
1689,32.9,151.0,300.8,310.8,5262.922116,1.0115059112952682,0.01296267425232936,61.62324360359606,2025-10-18 03:14:36.782208,WP PMA 80271,No failure
1466,46.4,112.0,299.0,308.6,5389.762225,3.4699614174419433,0.18145569453983146,63.529780770683686,2025-10-18 03:16:42.782208,WP PMA 80271,No failure
1440,41.1,12.0,303.9,313.1,5271.921664,1.6215530838417693,0.06961345793479647,60.94402684904186,2025-10-18 03:33:50.782208,WP PMA 80467,No failure
1784,26.4,79.0,302.3,311.6,5433.311521,1.680129201570459,0.0243331192277442,63.489960126128416,2025-10-18 03:42:16.782208,WP PMA 80271,No failure
1577,41.4,80.0,298.9,310.1,5297.365089,2.5097835940090127,0.19344209403970664,63.432912868084415,2025-10-18 03:48:49.782208,WP PMA 80271,No failure
1526,38.2,47.0,302.3,311.5,5287.034944,0.5327717812901899,0.02938108347501748,56.31541519871583,2025-10-18 04:10:14.782208,WP PMA 80271,No failure
1609,27.6,108.0,300.7,310.6,5252.045841,27.408002308158085,1.5516235058130665,90.91280030971026,2025-10-18 04:18:18.782208,WP PMA 80467,door close delay
1462,42.8,68.0,297.4,308.5,5474.076169,2.9810667085757623,0.1263621979205801,60.703057375000995,2025-10-18 04:34:46.782208,WP PMA 80466,No failure
1459,44.7,92.0,301.3,310.4,5317.909776,4.691649600826636,0.07674411011478073,55.72931350241337,2025-10-18 04:42:31.782208,WP PMA 80466,No failure
1475,47.9,79.0,302.4,311.0,5282.673124,37.29116374458573,1.6642971181662811,88.8607658808726,2025-10-18 04:42:38.782208,WP PMA 80466,Random failure
1375,42.7,58.0,298.9,309.3,5474.816064,36.69009158864943,0.8981628206628844,98.64108579120862,2025-10-18 04:45:10.782208,WP PMA 80466,door close delay
1671,31.6,137.0,301.7,310.8,5316.888889,29.42162169453939,1.7513437119216573,96.732082886829,2025-10-18 04:50:58.782208,WP PMA 80466,door open delay
1684,29.3,167.0,303.8,312.6,5478.9604,45.95904206895359,1.5958608150105298,83.515013763323,2025-10-18 04:53:58.782208,WP PMA 80467,door close delay
1744,31.5,0.0,299.0,310.2,5296.346176,28.026300229149285,1.337665464463818,86.65910951714694,2025-10-18 04:56:12.782208,WP PMA 80271,Random failure
1557,31.6,52.0,300.8,310.9,5520.044209,23.535299894024025,1.8677102114598112,91.6199465983229,2025-10-18 04:59:31.782208,WP PMA 80271,door open delay
1597,37.2,16.0,295.5,306.0,5431.100416,27.77411025179005,1.0458909826573568,84.61157931227865,2025-10-18 05:15:09.782208,WP PMA 80466,door open delay
1521,42.3,215.0,299.2,308.9,5356.483344,48.52642714523353,0.5951679291380665,96.63168155565477,2025-10-18 05:16:24.782208,WP PMA 80466,signal delay
1671,31.6,137.0,301.7,310.8,5316.888889,29.42162169453939,1.7513437119216573,96.732082886829,2025-10-18 05:27:06.782208,WP PMA 80466,door open delay
1491,38.2,26.0,303.4,311.9,5276.279044,0.9035816272956222,0.11423753791425582,55.89736683150312,2025-10-18 05:34:58.782208,WP PMA 80466,No failure
1633,31.3,90.0,300.7,309.5,5405.778576,3.7902133623915555,0.18566740375052415,55.09342540448153,2025-10-18 05:38:19.782208,WP PMA 80467,No failure
1812,24.4,138.0,302.0,310.5,5284.272249,1.0206771802766543,0.19616586869751904,60.3856893385487,2025-10-18 05:48:08.782208,WP PMA 80467,No failure
1728,26.3,125.0,300.5,310.8,5263.937809,4.115398552509554,0.19085717228513116,58.64678146692753,2025-10-18 05:49:42.782208,WP PMA 80271,No failure
1392,41.2,178.0,297.6,308.7,5279.766244,3.909325995469335,0.02064979526520396,63.69950883671631,2025-10-18 05:57:09.782208,WP PMA 80467,No failure
1622,37.2,103.0,297.5,308.3,5457.958884,47.56231038168288,0.695912273194448,80.02490348311116,2025-10-18 06:05:31.782208,WP PMA 80271,Random failure
1374,53.6,143.0,299.2,308.5,5365.709001,4.313393439182346,0.18190040801357746,59.28815863188696,2025-10-18 06:15:49.782208,WP PMA 80466,No failure
1509,39.9,25.0,302.0,311.3,5303.043684,27.239929425481904,1.4595475697774438,80.04445211653625,2025-10-18 06:17:45.782208,WP PMA 80466,door open delay
1391,58.2,135.0,299.4,309.0,5377.582224,3.3727180524638,0.10743158355181641,61.57104832018467,2025-10-18 06:20:42.782208,WP PMA 80467,No failure
1413,43.5,83.0,302.2,311.5,5433.311521,46.06769449253791,1.9129662103062164,91.80974319114351,2025-10-18 06:32:33.782208,WP PMA 80271,door open delay
1532,40.7,178.0,301.3,310.7,5422.407769,4.232317992425265,0.06185299674947101,57.09450829774819,2025-10-18 06:42:59.782208,WP PMA 80466,No failure
1479,39.2,151.0,297.0,307.9,5344.633449,37.76349785678516,1.8037052538950937,99.3437260437338,2025-10-18 07:00:59.782208,WP PMA 80466,door open delay
1734,32.4,161.0,299.0,308.6,5390.4964,36.16471629499442,0.9531873013492951,95.43673005245326,2025-10-18 07:09:29.782208,WP PMA 80466,Random failure
1429,45.8,148.0,297.5,308.0,5260.6009,1.045937733855374,0.07487293416545841,60.82887197029875,2025-10-18 07:09:31.782208,WP PMA 80271,No failure
1315,48.9,127.0,298.5,309.5,5355.458761,41.06519945448606,1.6344147895833567,95.67090294936038,2025-10-18 07:10:40.782208,WP PMA 80271,door close delay
1362,53.0,185.0,298.9,310.2,5350.483609,2.735472381735641,0.018123395405609206,62.675518980263625,2025-10-18 07:13:29.782208,WP PMA 80466,No failure
1733,24.8,85.0,300.7,309.6,5337.617481,3.960824065720549,0.05870296084615395,63.38332528765371,2025-10-18 07:32:22.782208,WP PMA 80467,No failure
1589,36.0,190.0,299.7,310.8,5467.419364,24.81802571081649,1.7230158856927384,92.27456179038798,2025-10-18 07:33:31.782208,WP PMA 80467,drive delay
1589,34.3,144.0,300.8,310.7,5518.261225,4.194987580746784,0.08056225061081712,58.51417939246415,2025-10-18 07:49:57.782208,WP PMA 80271,No failure
1574,38.7,30.0,302.5,312.2,5268.001561,45.14604826414569,0.6896049610735586,92.43308617994987,2025-10-18 07:53:54.782208,WP PMA 80466,signal delay
1457,46.8,182.0,300.8,310.3,5260.745961,4.293784002135722,0.1540611252404959,64.08920582302447,2025-10-18 07:57:44.782208,WP PMA 80467,No failure
1498,42.9,25.0,300.5,312.0,5492.736769,4.918109791346124,0.019269869718852237,63.411281426587735,2025-10-18 08:07:13.782208,WP PMA 80467,No failure
1498,39.5,89.0,298.8,308.7,5310.619876,4.85786911253896,0.09846511634117917,64.16918055910362,2025-10-18 08:15:35.782208,WP PMA 80467,No failure
1523,34.7,181.0,301.7,310.5,5431.69,21.90800351979119,1.6851328885107058,85.86132528801342,2025-10-18 08:16:08.782208,WP PMA 80271,door open delay
1360,47.8,11.0,302.7,312.4,5269.888836,2.525644374381409,0.09671965936614843,55.84854119707726,2025-10-18 08:35:07.782208,WP PMA 80466,No failure
1473,39.9,184.0,298.4,308.3,5468.6025,26.055495263783655,1.7852296960269574,95.2760721632894,2025-10-18 08:54:44.782208,WP PMA 80467,door close delay
1477,35.2,53.0,296.2,307.3,5426.532225,0.6958084483665944,0.03593931042705,63.09573890847035,2025-10-18 08:54:53.782208,WP PMA 80271,No failure
1568,33.7,175.0,297.4,309.0,5452.493281,30.817869178878684,1.1978453154513014,94.86165932455624,2025-10-18 08:59:27.782208,WP PMA 80467,door close delay
1389,53.3,8.0,301.1,311.3,5507.717796,4.472550857624344,0.09490450113184319,56.67433077511615,2025-10-18 09:00:40.782208,WP PMA 80467,No failure
1359,46.9,199.0,297.4,308.2,5481.773521,1.5960578923356796,0.048959403759643715,61.52985920045384,2025-10-18 09:15:00.782208,WP PMA 80271,No failure
1503,40.6,144.0,297.5,309.4,5325.350625,4.921775187604678,0.12497326144857736,55.890511487246144,2025-10-18 09:21:35.782208,WP PMA 80466,No failure
1539,43.2,132.0,299.9,309.2,5328.854001,3.5884633220120308,0.04896317245583221,60.14137309412402,2025-10-18 09:34:35.782208,WP PMA 80466,No failure
1444,40.7,174.0,302.4,310.9,5453.379409,1.9712016844618865,0.08525627411511454,63.388665785173245,2025-10-18 09:47:02.782208,WP PMA 80466,No failure
1695,26.7,28.0,300.5,310.5,5249.582116,31.321847723618333,0.611570596074849,91.54170591118405,2025-10-18 09:59:48.782208,WP PMA 80271,drive delay
1609,31.7,202.0,301.8,310.9,5307.705316,1.0357047629649876,0.14354904064382365,57.493524094945506,2025-10-18 10:03:16.782208,WP PMA 80466,No failure
1375,46.4,48.0,298.7,308.5,5373.476416,26.69484987609539,0.88461271440945,80.9906377364198,2025-10-18 10:08:45.782208,WP PMA 80467,door close delay
1441,43.2,132.0,298.7,308.4,5469.489936,35.1055782720759,0.9394025035890767,81.07925966492373,2025-10-18 10:19:07.782208,WP PMA 80271,door close delay
1495,51.2,175.0,300.4,311.3,5496.887881,2.0567061275363456,0.1623036645389623,64.95744286411605,2025-10-18 10:24:25.782208,WP PMA 80466,No failure
1676,30.3,151.0,300.1,311.3,5244.511561,3.537621539133435,0.0836996672001666,56.65455888991728,2025-10-18 10:28:02.782208,WP PMA 80271,No failure
1451,45.3,183.0,301.4,310.5,5511.874564,32.175175006445365,1.5074271932726768,89.3904760538535,2025-10-18 10:38:17.782208,WP PMA 80466,Random failure
1435,43.3,31.0,300.5,310.3,5264.373136,0.7212628131443571,0.174864806067139,56.2160955335631,2025-10-18 10:39:38.782208,WP PMA 80271,No failure
1425,47.8,179.0,300.0,311.1,5248.133136,31.892833073046287,0.9683666427343691,94.56991747011459,2025-10-18 10:48:30.782208,WP PMA 80271,signal delay
1555,36.1,35.0,302.7,310.8,5467.419364,2.8918493913545604,0.1297078224603933,56.8335807718425,2025-10-18 10:48:55.782208,WP PMA 80467,No failure
1886,21.1,44.0,300.8,310.7,5518.855521,0.46838994220473784,0.09332780306179318,55.6228077559164,2025-10-18 10:52:28.782208,WP PMA 80466,No failure
1326,49.8,199.0,297.6,309.4,5452.050244,3.027712909650059,0.0402164518876427,64.1935971846408,2025-10-18 11:16:05.782208,WP PMA 80271,No failure
1491,37.3,102.0,300.2,311.3,5497.332736,4.851217144178371,0.1753074722546597,56.558816467802735,2025-10-18 11:22:01.782208,WP PMA 80271,No failure
1447,42.8,185.0,302.0,309.9,5281.219584,4.1419884490342165,0.12229780891607275,62.33601441132764,2025-10-18 11:37:25.782208,WP PMA 80466,No failure
1550,38.2,185.0,297.8,308.4,5317.472241,3.1404684054675784,0.020305944340046223,60.77244385829013,2025-10-18 11:47:46.782208,WP PMA 80467,No failure
1335,57.1,194.0,300.7,311.9,5491.699236,4.781262723290278,0.1988081356736353,64.3669594926919,2025-10-18 11:47:58.782208,WP PMA 80466,No failure
1597,32.4,69.0,298.3,308.3,5304.791556,3.2984482989913886,0.16788789834923726,59.63842170129944,2025-10-18 11:48:05.782208,WP PMA 80467,No failure
1558,36.3,184.0,301.3,310.1,5419.168225,3.3888561727767734,0.09886922722762996,58.019854249816525,2025-10-18 11:53:53.782208,WP PMA 80466,No failure
1959,22.3,157.0,303.5,311.7,5472.448576,29.43254792505012,0.8841722655722568,98.0943208432986,2025-10-18 12:00:55.782208,WP PMA 80271,signal delay
1636,35.0,38.0,302.8,310.9,5279.039649,1.4685051925910562,0.10050054641901861,62.80562549804184,2025-10-18 12:14:50.782208,WP PMA 80466,No failure
1836,21.8,12.0,300.9,311.5,5506.530436,2.2508207666246256,0.1580314616586399,56.11272163915054,2025-10-18 12:15:50.782208,WP PMA 80466,No failure
1551,35.8,61.0,301.8,311.3,5266.114624,2.5965161902281433,0.1780895607825379,64.31668961725467,2025-10-18 12:17:07.782208,WP PMA 80466,No failure
1361,45.4,174.0,302.0,310.1,5456.7769,4.073448955261736,0.043771764019983096,55.647556699683705,2025-10-18 12:18:44.782208,WP PMA 80271,No failure
1494,37.1,114.0,302.3,311.7,5268.437056,3.5242610723569676,0.172618309485051,64.50508055620037,2025-10-18 12:20:05.782208,WP PMA 80467,No failure
1720,28.7,106.0,304.0,313.1,5489.920836,4.751241585832078,0.1369454171677084,64.81045858149359,2025-10-18 12:23:15.782208,WP PMA 80271,No failure
1749,28.3,83.0,300.0,311.5,5247.5536,2.792022574946404,0.12632916623619642,64.60698413652186,2025-10-18 12:27:05.782208,WP PMA 80466,No failure
1427,37.6,73.0,300.1,309.2,5330.022049,3.487308943569537,0.018815046698229178,57.80716230418585,2025-10-18 12:43:02.782208,WP PMA 80271,No failure
2250,16.6,208.0,299.0,308.7,5352.092964,1.4657167046859811,0.05688501353915933,63.43322786441664,2025-10-18 12:49:29.782208,WP PMA 80466,No failure
1696,30.2,214.0,298.9,310.2,5412.103489,2.3300187369328045,0.12127868122613186,62.17202482988215,2025-10-18 13:13:36.782208,WP PMA 80467,No failure
1501,38.2,2.0,297.3,308.3,5455.595044,1.8288232844723893,0.028353294028524753,57.00831422483472,2025-10-18 13:20:07.782208,WP PMA 80467,No failure
1664,32.0,58.0,301.6,310.8,5509.944441,2.313016918625451,0.18215292161776836,59.786210908653615,2025-10-18 13:22:50.782208,WP PMA 80466,No failure
1296,58.2,204.0,300.7,310.8,5519.895616,27.436796098274527,0.7212085399904014,97.85767216446325,2025-10-18 13:27:38.782208,WP PMA 80466,door open delay
1621,32.4,194.0,297.1,308.5,5416.371216,1.3053921192535545,0.17045130613317092,64.58512506686637,2025-10-18 13:32:00.782208,WP PMA 80467,No failure
1827,23.3,103.0,303.6,312.0,5276.860164,2.4533185794123784,0.0369591783186617,61.68648731293059,2025-10-18 13:32:39.782208,WP PMA 80466,No failure
2157,17.8,17.0,302.0,310.7,5282.963856,26.262641810156918,1.6362138319307393,90.81689443895104,2025-10-18 13:54:35.782208,WP PMA 80271,signal delay
1738,24.0,195.0,297.5,308.9,5329.0,40.63022144617679,0.952472150300518,95.93287998331198,2025-10-18 13:58:06.782208,WP PMA 80271,door close delay
1392,52.9,173.0,301.0,310.9,5254.365169,41.6977753684972,0.7231161539905369,99.45713980477058,2025-10-18 13:58:14.782208,WP PMA 80466,signal delay
1387,57.6,50.0,298.6,309.6,5464.462084,31.02007056378983,1.924982620112702,85.77319677094144,2025-10-18 14:05:42.782208,WP PMA 80466,signal delay
1432,44.2,84.0,300.6,309.4,5333.965156,3.3603658202718907,0.042240752603949515,59.337046003849714,2025-10-18 14:18:27.782208,WP PMA 80466,No failure
1383,48.7,147.0,295.6,306.1,5432.574436,42.06220479764772,0.8198605991308731,86.20096073009861,2025-10-18 14:20:49.782208,WP PMA 80467,door close delay
1574,36.4,135.0,299.7,311.1,5246.974096,3.304557167100645,0.021497502451749393,60.6604351092894,2025-10-18 14:21:24.782208,WP PMA 80466,No failure
1521,42.3,215.0,299.2,308.9,5356.483344,48.52642714523353,0.5951679291380665,96.63168155565477,2025-10-18 14:48:35.782208,WP PMA 80271,signal delay
1915,22.4,,295.7,306.3,5433.753796,0.41171434860982115,0.12607137735935095,58.67602048765596,2025-10-18 14:53:16.782208,WP PMA 80466,No failure
1611,31.8,169.0,302.3,310.8,5453.379409,2.19917118745489,0.15233756588639813,55.489923942285444,2025-10-18 15:18:13.782208,WP PMA 80467,No failure
1615,37.8,127.0,304.0,313.2,5273.954884,4.014566410341836,0.0684573669960562,56.84789304705635,2025-10-18 15:26:19.782208,WP PMA 80467,No failure
1466,49.0,66.0,302.2,311.7,5508.459961,46.56475728244531,1.788039593172544,96.4904334654153,2025-10-18 15:40:22.782208,WP PMA 80466,signal delay
1498,45.8,47.0,300.8,309.6,5407.984521,0.5266107188139061,0.14987405958194638,56.547102715369356,2025-10-18 15:41:55.782208,WP PMA 80467,No failure
1504,42.0,142.0,297.3,308.5,5265.969489,4.378898177763786,0.03585850905599467,63.14192770081603,2025-10-18 15:43:31.782208,WP PMA 80467,No failure
1962,20.2,124.0,301.5,310.6,5421.671424,3.627006115100021,0.02703235491191483,62.25823849346868,2025-10-18 15:50:38.782208,WP PMA 80466,No failure
1390,43.3,221.0,297.6,309.2,5323.453444,4.998714494925026,0.16650189029790188,63.84721441114898,2025-10-18 15:57:40.782208,WP PMA 80467,No failure
1605,37.0,84.0,296.9,307.8,5333.234841,23.86851950907212,0.9415366239424456,83.55504684964758,2025-10-18 16:01:32.782208,WP PMA 80466,door close delay
1459,41.3,196.0,297.4,308.6,5320.389481,1.8996533556768167,0.030984123392408094,58.685890970363516,2025-10-18 16:39:47.782208,WP PMA 80271,No failure
1478,47.6,98.0,297.3,308.7,5453.8225,1.9410214906433296,0.03617848960546827,59.03571306996369,2025-10-18 16:45:13.782208,WP PMA 80467,No failure
1446,51.4,105.0,297.8,307.6,5371.570681,4.250125173727773,0.1072179691614743,59.724092156900205,2025-10-18 16:54:26.782208,WP PMA 80466,No failure
1680,33.8,140.0,300.1,309.7,5514.5476,3.3132910655759225,0.18043107969315408,62.73672494580408,2025-10-18 16:56:09.782208,WP PMA 80466,No failure
1392,52.9,173.0,301.0,310.9,5254.365169,41.6977753684972,0.7231161539905369,99.45713980477058,2025-10-18 16:58:24.782208,WP PMA 80466,signal delay
1525,39.7,77.0,298.8,309.9,5254.365169,1.1085135860075304,0.15162010882219748,56.65252136595045,2025-10-18 17:04:38.782208,WP PMA 80467,No failure
1310,48.8,103.0,301.1,310.6,5254.655121,36.17824182273196,1.4911480180915766,94.86845780453619,2025-10-18 17:10:30.782208,WP PMA 80467,door close delay
1490,38.4,67.0,300.5,311.5,5496.294769,4.202376228229583,0.038680431157634074,61.895246510729216,2025-10-18 17:12:15.782208,WP PMA 80271,No failure
1620,34.1,89.0,299.2,308.4,5386.385664,45.8446025594114,0.5034314840442716,96.88632719093115,2025-10-18 17:29:02.782208,WP PMA 80467,door open delay
2232,16.8,0.0,303.6,312.4,5479.700625,2.1372979558100105,0.19418058057485543,57.087337817927605,2025-10-18 17:34:12.782208,WP PMA 80467,No failure
1502,43.2,139.0,297.6,308.3,5260.455841,45.25046550085902,0.681504933084405,84.61137984892757,2025-10-18 17:41:26.782208,WP PMA 80467,door close delay
1498,36.0,39.0,298.2,308.8,5469.489936,3.166713416054183,0.08690055039611118,59.8651672727036,2025-10-18 17:48:05.782208,WP PMA 80466,No failure
1601,35.7,176.0,298.7,309.7,5485.476096,2.5916016213238025,0.08540227072778311,59.063093722276506,2025-10-18 17:49:25.782208,WP PMA 80466,No failure
1478,38.6,141.0,301.8,310.5,5304.791556,37.28807496496765,1.3246250892014255,81.75641095592287,2025-10-18 17:56:53.782208,WP PMA 80467,door close delay
1641,30.1,35.0,300.0,309.5,5398.134784,0.14045182369915354,0.10397070403093632,59.041363781628576,2025-10-18 17:59:31.782208,WP PMA 80467,No failure
1523,34.7,181.0,301.7,310.5,5431.69,21.90800351979119,1.6851328885107058,85.86132528801342,2025-10-18 18:04:35.782208,WP PMA 80466,door open delay
1474,44.0,198.0,300.2,310.1,5503.117489,3.2654734409259083,0.08731467327309249,55.441803002193396,2025-10-18 18:06:02.782208,WP PMA 80467,No failure
1595,35.4,15.0,300.4,311.0,5245.960041,40.671410585650555,1.7663676320787438,91.29257725331573,2025-10-18 18:10:33.782208,WP PMA 80466,door open delay
1661,38.2,82.0,298.1,309.0,5482.513936,35.00952125655859,1.783869388811883,99.12664194372854,2025-10-18 18:19:28.782208,WP PMA 80467,door open delay
1508,35.0,70.0,299.3,309.0,5374.795969,1.5967549227474318,0.19946134972488613,62.086343404099495,2025-10-18 18:29:45.782208,WP PMA 80271,No failure
1815,23.5,49.0,300.4,311.6,5244.077056,0.3026010107719069,0.1321024489388635,55.93697801627942,2025-10-18 18:39:10.782208,WP PMA 80271,No failure
1534,33.7,47.0,298.1,310.0,5446.44,36.52876351172468,0.8635648460473964,87.49703042419631,2025-10-18 18:41:18.782208,WP PMA 80466,door close delay
1622,37.2,103.0,297.5,308.3,5457.958884,47.56231038168288,0.695912273194448,80.02490348311116,2025-10-18 18:56:33.782208,WP PMA 80466,Random failure
1421,53.6,122.0,298.5,309.6,5405.337441,3.512629654444465,0.06605602523541948,55.88310483628753,2025-10-18 19:03:40.782208,WP PMA 80467,No failure
1355,51.4,76.0,297.0,308.1,5418.284881,21.531168293332144,1.2389006808121412,85.78997715095218,2025-10-18 19:16:12.782208,WP PMA 80466,Random failure
1522,38.0,33.0,297.4,308.6,5418.873769,43.959348730009694,1.0402470399825932,82.86441012075419,2025-10-18 20:01:26.782208,WP PMA 80271,door close delay
1444,46.7,194.0,296.2,307.1,5340.101776,4.0317987629348355,0.0529372826507337,59.25739581527681,2025-10-18 20:02:33.782208,WP PMA 80467,No failure
1449,44.5,152.0,302.3,311.7,5434.343524,29.801293682800324,1.9537263165480647,89.17307701084255,2025-10-18 20:07:55.782208,WP PMA 80271,door close delay
1483,45.0,78.0,303.9,313.0,5274.245376,1.8835677867204932,0.1642165971828102,56.38175283038163,2025-10-18 20:09:21.782208,WP PMA 80271,No failure
2157,17.8,17.0,302.0,310.7,5282.963856,26.262641810156918,1.6362138319307393,90.81689443895104,2025-10-18 20:20:09.782208,WP PMA 80271,signal delay
1495,44.0,55.0,299.3,309.1,5376.702276,2.1640261649074035,0.05156161464361588,62.389803838779734,2025-10-18 20:29:55.782208,WP PMA 80467,No failure
1749,26.1,66.0,298.2,307.8,5363.218756,0.2435111227872355,0.014441058564225347,60.4059200834059,2025-10-18 20:53:13.782208,WP PMA 80466,No failure
1629,31.3,41.0,300.1,311.4,5488.735396,3.6341154912280005,0.14094651719859597,58.667207004595895,2025-10-18 20:55:14.782208,WP PMA 80467,No failure
1686,28.9,59.0,301.7,310.2,5281.800976,41.80940364666146,1.806523433807369,93.02853967611605,2025-10-18 21:09:56.782208,WP PMA 80271,door open delay
1568,33.7,175.0,297.4,309.0,5452.493281,30.817869178878684,1.1978453154513014,94.86165932455624,2025-10-18 21:15:03.782208,WP PMA 80271,door close delay
1589,36.0,190.0,299.7,310.8,5467.419364,24.81802571081649,1.7230158856927384,92.27456179038798,2025-10-18 21:17:02.782208,WP PMA 80467,drive delay
1479,39.2,151.0,297.0,307.9,5344.633449,37.76349785678516,1.8037052538950937,99.3437260437338,2025-10-18 21:51:58.782208,WP PMA 80271,door open delay
1410,45.8,71.0,298.1,308.1,5382.569956,27.52074409551031,0.5276270527141842,96.37082823466986,2025-10-18 21:59:01.782208,WP PMA 80466,drive delay
1397,48.7,111.0,300.8,311.2,5507.1241,0.3195619789452735,0.11880373260460463,61.41056245742267,2025-10-18 21:59:35.782208,WP PMA 80466,No failure
1393,51.6,80.0,303.5,313.0,5271.631236,4.502186726460744,0.16076958692047916,61.231776541363054,2025-10-18 22:01:06.782208,WP PMA 80466,No failure
1734,32.4,161.0,299.0,308.6,5390.4964,36.16471629499442,0.9531873013492951,95.43673005245326,2025-10-18 22:37:15.782208,WP PMA 80466,Random failure
1503,40.6,145.0,298.9,308.5,5390.202724,2.0263519821007723,0.1991732368004403,63.987826536858506,2025-10-18 22:52:54.782208,WP PMA 80466,No failure
2186,17.8,31.0,298.2,308.7,5285.726209,2.87854968968427,0.04600537004651086,57.61403408060704,2025-10-18 22:53:30.782208,WP PMA 80271,No failure
1516,35.6,14.0,300.8,311.6,5242.194409,4.949170982725732,0.1804255776032226,57.634712242698704,2025-10-18 23:03:51.782208,WP PMA 80466,No failure
1484,39.2,8.0,298.8,308.4,5461.357801,38.09016038139223,0.9003470073560125,93.988876876617,2025-10-18 23:08:58.782208,WP PMA 80467,signal delay
1571,39.9,51.0,300.9,310.8,5261.326225,4.47203010924217,0.07830772872176475,57.35736447462746,2025-10-18 23:10:39.782208,WP PMA 80467,No failure
1906,21.2,110.0,302.4,310.1,5280.492889,27.30105111905368,0.7259684380530005,99.21154813216347,2025-10-18 23:17:37.782208,WP PMA 80271,door close delay
1661,34.2,109.0,296.7,307.4,5476.148001,39.530100823585144,1.8141870939694895,80.63461521403563,2025-10-18 23:24:28.782208,WP PMA 80467,door open delay
1434,45.6,174.0,300.8,311.2,5506.827264,3.740917693730444,0.1656805980229258,55.47396165970203,2025-10-19 00:03:48.782208,WP PMA 80271,No failure
1507,42.4,108.0,299.6,310.8,5246.684356,0.18547513934458074,0.013641589374263784,61.94395409541491,2025-10-19 00:07:22.782208,WP PMA 80467,No failure
1392,46.4,174.0,297.4,308.7,5479.404529,49.82094774461507,1.7275260349496973,82.29807714007318,2025-10-19 00:15:33.782208,WP PMA 80467,signal delay
1481,33.3,182.0,303.7,312.5,5275.552689,1.4150480808432977,0.033991275344364094,63.88718574773566,2025-10-19 00:21:12.782208,WP PMA 80271,No failure
1344,52.9,130.0,298.4,308.7,5313.972609,0.6418428946907961,0.1476907238400775,64.00448154206315,2025-10-19 00:37:19.782208,WP PMA 80271,No failure
1459,47.0,63.0,300.6,311.5,5245.815184,2.568847426802437,0.1703994309910856,64.70597051641035,2025-10-19 01:02:43.782208,WP PMA 80467,No failure
1836,22.8,18.0,298.9,309.8,5253.640324,2.600213004250639,0.040997764299389804,63.84331886882622,2025-10-19 01:26:53.782208,WP PMA 80466,No failure
1734,32.4,161.0,299.0,308.6,5390.4964,36.16471629499442,0.9531873013492951,95.43673005245326,2025-10-19 01:42:05.782208,WP PMA 80467,Random failure
1555,33.7,229.0,296.9,308.1,5331.9204,3.058221718566604,0.017413170950506103,60.47378149565728,2025-10-19 01:47:42.782208,WP PMA 80467,No failure
1767,25.6,105.0,300.8,312.4,5242.773649,1.252555164907847,0.1650377819451256,57.60657521710269,2025-10-19 01:54:29.782208,WP PMA 80271,No failure
1552,37.9,126.0,301.1,310.9,5261.036089,2.3803408856571378,0.1900008082165477,64.96210926912119,2025-10-19 02:05:24.782208,WP PMA 80467,No failure
1548,33.5,35.0,299.2,310.5,5248.567809,1.6221845059789373,0.15786102025883428,56.758358223979975,2025-10-19 02:07:26.782208,WP PMA 80467,No failure
1392,52.9,173.0,301.0,310.9,5254.365169,41.6977753684972,0.7231161539905369,99.45713980477058,2025-10-19 02:31:11.782208,WP PMA 80467,signal delay
1513,38.0,38.0,300.9,311.9,5491.254609,45.398608991025895,1.6628507955465734,97.30340726359175,2025-10-19 02:36:57.782208,WP PMA 80467,door open delay
1711,28.8,74.0,300.9,312.1,5241.904801,0.7218041559802646,0.17706453998158928,55.80221577243127,2025-10-19 02:41:39.782208,WP PMA 80467,No failure
1600,42.1,190.0,297.4,308.5,5456.185956,39.53285650511512,1.1928274910068417,93.8165756167538,2025-10-19 02:44:12.782208,WP PMA 80466,signal delay
1348,53.7,68.0,297.4,308.1,5476.444009,33.10520166867137,0.9345701870889231,84.5290198629316,2025-10-19 02:48:58.782208,WP PMA 80466,signal delay
1378,51.1,190.0,301.1,311.0,5508.014656,2.1069823141317876,0.038647957711467555,55.45720846049006,2025-10-19 02:49:12.782208,WP PMA 80466,No failure
1623,33.4,74.0,297.5,309.3,5450.130625,35.32667695115313,1.498253405644066,95.89964159155058,2025-10-19 02:56:10.782208,WP PMA 80467,door close delay
1789,25.5,114.0,300.9,311.2,5252.770576,29.099466842190104,1.738325870197019,93.84443719569134,2025-10-19 03:17:21.782208,WP PMA 80271,signal delay
1417,39.2,65.0,298.1,308.9,5402.544004,42.18444491739179,0.8419734264000982,90.26619371204663,2025-10-19 03:23:16.782208,WP PMA 80271,door close delay
1697,27.4,121.0,297.3,308.3,5263.067209,0.16423580349146036,0.12811484407737822,58.89692530896323,2025-10-19 03:51:42.782208,WP PMA 80271,No failure
1594,32.4,204.0,301.7,310.8,5303.626276,37.38423566578929,1.3463625335459448,86.49307795768311,2025-10-19 03:54:19.782208,WP PMA 80467,Random failure
1692,30.3,64.0,300.7,309.5,5334.403369,1.0835734925130507,0.03655731306689656,61.045456959511064,2025-10-19 04:03:47.782208,WP PMA 80271,No failure
1675,33.3,28.0,299.2,310.6,5248.567809,4.164765194308314,0.13611497113490653,60.12012055430139,2025-10-19 04:06:28.782208,WP PMA 80466,No failure
1463,43.0,189.0,302.5,310.5,5466.532096,1.292525607375977,0.15709461437635333,55.43229557467884,2025-10-19 04:39:15.782208,WP PMA 80466,No failure
1561,32.7,67.0,300.9,310.4,5251.321156,4.062527336802059,0.12325136160087234,57.04586645822278,2025-10-19 04:58:35.782208,WP PMA 80466,No failure
1387,40.1,81.0,295.7,306.4,5338.494225,4.558904843453384,0.1895469894301764,55.5357704034514,2025-10-19 05:02:54.782208,WP PMA 80466,No failure
1512,44.0,79.0,299.6,310.2,5248.567809,4.472842968069353,0.06944501015183989,59.73515139237014,2025-10-19 05:12:48.782208,WP PMA 80467,No failure
1499,43.4,65.0,300.1,311.5,5489.772649,3.0259277370406177,0.13462060798163994,64.12041212633886,2025-10-19 05:19:36.782208,WP PMA 80271,No failure
1775,24.2,125.0,299.3,309.2,5374.649344,0.9318286584139951,0.19927068411640503,59.89043870750526,2025-10-19 05:31:12.782208,WP PMA 80467,No failure
1923,23.9,244.0,302.9,312.4,5498.074201,2.3543969378508014,0.026694575438282873,61.078890532709444,2025-10-19 05:37:33.782208,WP PMA 80271,No failure
1635,39.8,99.0,302.0,310.5,5449.244761,4.978758189881248,0.08853329766197209,64.87194365290219,2025-10-19 05:45:52.782208,WP PMA 80467,No failure
1523,43.3,60.0,301.8,310.7,5310.182641,29.49868042780217,1.669398076973442,90.49945716483931,2025-10-19 06:00:21.782208,WP PMA 80467,signal delay
1778,27.1,215.0,300.7,310.6,5261.616369,4.608032068267253,0.12839036279510987,56.21871331136183,2025-10-19 06:00:58.782208,WP PMA 80271,No failure
1495,41.6,17.0,299.5,309.2,5379.195649,0.5358905820707875,0.10109319460007274,62.19227603573927,2025-10-19 06:04:23.782208,WP PMA 80466,No failure
1661,34.2,109.0,296.7,307.4,5476.148001,39.530100823585144,1.8141870939694895,80.63461521403563,2025-10-19 06:13:03.782208,WP PMA 80271,door open delay
1486,38.9,106.0,300.7,310.9,5518.558369,27.887507757506174,1.9882297442715522,90.94967991009187,2025-10-19 06:19:52.782208,WP PMA 80466,door close delay
1509,39.9,25.0,302.0,311.3,5303.043684,27.239929425481904,1.4595475697774438,80.04445211653625,2025-10-19 06:20:09.782208,WP PMA 80467,door open delay
1588,32.7,138.0,301.0,309.6,5320.973025,4.907458430341257,0.010733244685297141,57.70793469612877,2025-10-19 06:21:26.782208,WP PMA 80467,No failure
1629,32.1,55.0,300.0,311.3,5246.829225,27.554756501884274,1.2394743242853634,86.1081681006253,2025-10-19 06:48:36.782208,WP PMA 80467,door close delay
1456,39.6,199.0,297.8,307.2,5387.853604,1.6481408982918508,0.06292910085172503,56.3612818840221,2025-10-19 06:57:54.782208,WP PMA 80271,No failure
1377,43.6,28.0,299.4,309.3,5376.262329,4.177306675563799,0.12467033960387466,59.81754264790999,2025-10-19 07:00:49.782208,WP PMA 80467,No failure
1418,41.3,62.0,302.3,311.4,5286.7441,1.1092218162337815,0.09160095280346515,62.56642031642639,2025-10-19 07:02:00.782208,WP PMA 80467,No failure
1560,40.8,182.0,300.3,310.0,5259.005361,3.7263579776531968,0.048881270097579047,62.22420380496783,2025-10-19 07:16:15.782208,WP PMA 80467,No failure
1309,43.3,68.0,301.8,310.7,5430.068721,22.956864858730775,1.8043351812228186,97.79950059938305,2025-10-19 07:30:10.782208,WP PMA 80271,door open delay
1567,36.1,95.0,299.8,309.0,5370.544656,1.3926571482836303,0.02651772570403091,56.21409129032151,2025-10-19 07:33:20.782208,WP PMA 80467,No failure
1648,29.6,157.0,302.0,310.3,5284.272249,45.846751847405464,1.916727041356644,80.06354773317213,2025-10-19 07:34:34.782208,WP PMA 80466,drive delay
1644,31.7,23.0,304.2,313.4,5272.647769,0.4500241984727825,0.04955178476889515,57.48300670051905,2025-10-19 07:44:43.782208,WP PMA 80467,No failure
1475,42.8,38.0,302.3,311.8,5511.132169,4.2067805697981475,0.08304796399409642,62.48573730591516,2025-10-19 08:43:30.782208,WP PMA 80466,No failure
1390,43.3,221.0,297.6,309.2,5451.607225,28.963313423812117,1.223664621780105,96.11862697857715,2025-10-19 08:54:41.782208,WP PMA 80467,door close delay
1526,38.5,101.0,300.3,311.4,5496.146496,2.413022307707168,0.05526709723672949,64.64668589045257,2025-10-19 08:56:04.782208,WP PMA 80467,No failure
1428,52.6,208.0,300.6,311.7,5495.405161,0.7502795525961139,0.04902519040334862,55.7481826163726,2025-10-19 09:05:59.782208,WP PMA 80466,No failure
1623,37.2,177.0,298.9,310.2,5298.529681,4.92989422200936,0.13721697754305204,55.59353701991023,2025-10-19 09:19:53.782208,WP PMA 80466,No failure
1559,39.7,24.0,300.1,309.4,5401.221049,32.44510658974924,1.7117118145834187,97.35954246520838,2025-10-19 09:23:17.782208,WP PMA 80271,door open delay
1414,46.4,128.0,298.4,309.2,5289.361984,4.830702059460282,0.06568654965288168,64.14139044081212,2025-10-19 09:32:47.782208,WP PMA 80467,No failure
1466,53.2,172.0,300.5,309.9,5332.504576,1.7272840508606861,0.042168417271386635,56.09330138430225,2025-10-19 09:40:55.782208,WP PMA 80467,No failure
1644,34.1,46.0,298.7,310.1,5486.216761,0.8280052760723243,0.1850769415621623,60.91583038556912,2025-10-19 09:57:23.782208,WP PMA 80467,No failure
1416,46.0,128.0,304.0,313.2,5272.2121,44.99963458848886,1.0455234908797713,94.8928400794894,2025-10-19 10:11:42.782208,WP PMA 80467,door close delay
1965,20.2,40.0,302.6,310.5,5279.911569,2.3703651305418156,0.18751408109213022,64.82647543743643,2025-10-19 10:51:48.782208,WP PMA 80466,No failure
1482,39.9,153.0,296.6,307.5,5334.111225,3.524634701849169,0.1301889692886979,64.18144912265804,2025-10-19 10:56:42.782208,WP PMA 80467,No failure
1441,43.2,132.0,298.7,308.4,5469.489936,35.1055782720759,0.9394025035890767,81.07925966492373,2025-10-19 11:09:03.782208,WP PMA 80466,door close delay
1398,49.1,119.0,302.3,311.6,5433.901225,3.627624584231629,0.1540933696761056,56.58410439962472,2025-10-19 11:23:33.782208,WP PMA 80466,No failure
1925,20.5,9.0,300.7,309.6,5335.279849,0.9236031995269106,0.15016250502475323,63.95950711913139,2025-10-19 11:39:22.782208,WP PMA 80467,No failure
1644,31.6,166.0,301.2,310.7,5260.891024,0.9877079025580556,0.017513328125023583,63.300438502912776,2025-10-19 12:04:06.782208,WP PMA 80271,No failure
1268,69.4,189.0,298.0,308.7,5356.190596,2.228280198555958,0.18975208505322136,59.30245620634439,2025-10-19 12:10:05.782208,WP PMA 80467,No failure
1389,49.6,149.0,298.8,310.0,5298.238521,2.9061569230744175,0.023507388544015746,57.88581488129352,2025-10-19 12:22:38.782208,WP PMA 80467,No failure
1371,50.5,136.0,299.3,308.6,5365.855504,4.6984436630229185,0.018956888126802837,60.783304589539526,2025-10-19 12:23:37.782208,WP PMA 80466,No failure
1565,38.9,12.0,303.5,311.9,5476.740025,4.7161932594316065,0.19066458054208477,55.82649948283529,2025-10-19 12:33:31.782208,WP PMA 80271,No failure
1643,32.9,171.0,301.2,309.9,5419.020996,2.3594302600335415,0.15560418184832314,62.901552263331695,2025-10-19 12:34:22.782208,WP PMA 80467,No failure
1634,31.9,0.0,300.0,311.4,5247.843364,1.486197427412507,0.14802233388290698,62.86697440557423,2025-10-19 12:50:22.782208,WP PMA 80467,No failure
1581,47.4,51.0,298.1,308.7,5470.525369,49.33111180790905,0.5420956171257758,97.1445135404005,2025-10-19 12:50:59.782208,WP PMA 80467,door close delay
1915,22.3,116.0,303.6,312.3,5275.843225,30.152304086590867,1.3571095834850015,96.856841139973,2025-10-19 12:59:51.782208,WP PMA 80467,door close delay
1527,41.4,2.0,300.3,309.9,5514.102049,1.3519609576370164,0.06492843633177452,62.222706388926625,2025-10-19 13:01:14.782208,WP PMA 80467,No failure
1509,46.6,125.0,300.3,309.9,5514.5476,20.02023079033625,0.7215698637292967,88.48214630717786,2025-10-19 13:11:50.782208,WP PMA 80271,door close delay
1484,39.2,8.0,298.8,308.4,5461.357801,38.09016038139223,0.9003470073560125,93.988876876617,2025-10-19 13:39:43.782208,WP PMA 80467,signal delay
1542,36.7,134.0,298.3,309.5,5257.845121,2.1538852916549387,0.03741959763648761,58.647104248742295,2025-10-19 13:59:24.782208,WP PMA 80467,No failure
1513,38.0,38.0,300.9,311.9,5491.254609,45.398608991025895,1.6628507955465734,97.30340726359175,2025-10-19 14:07:02.782208,WP PMA 80467,door open delay
1350,58.7,130.0,300.3,311.1,5246.394624,4.9092159893257215,0.01637908548501447,58.449408660491585,2025-10-19 14:30:15.782208,WP PMA 80466,No failure
1480,47.1,68.0,301.9,310.7,5284.563025,3.117379736536063,0.19414330348222644,62.75277838043244,2025-10-19 14:35:59.782208,WP PMA 80467,No failure
1532,41.3,32.0,303.7,312.9,5483.254401,3.844375882462465,0.010570764987341195,60.81231565136646,2025-10-19 14:37:41.782208,WP PMA 80466,No failure
1456,45.4,130.0,302.3,311.7,5509.350625,2.101388279692557,0.19858886361344458,61.06040406707495,2025-10-19 14:38:36.782208,WP PMA 80467,No failure
1365,46.5,75.0,298.9,309.9,5254.365169,1.0940309300280184,0.10858473943957395,57.502707941646555,2025-10-19 14:42:53.782208,WP PMA 80271,No failure
1361,51.7,192.0,298.9,310.1,5350.483609,3.12628606133226,0.10171906393027054,57.753692976607965,2025-10-19 14:53:01.782208,WP PMA 80467,No failure
1428,55.2,88.0,301.3,310.8,5254.8001,3.585653850239969,0.029511220168263193,58.35064479298112,2025-10-19 15:05:22.782208,WP PMA 80467,No failure
1518,34.1,155.0,301.9,310.4,5449.982976,3.3554690431258685,0.17150181461748285,56.85284651208192,2025-10-19 15:05:28.782208,WP PMA 80271,No failure
1392,52.9,173.0,301.0,310.9,5254.365169,41.6977753684972,0.7231161539905369,99.45713980477058,2025-10-19 15:15:42.782208,WP PMA 80466,signal delay
1405,56.2,218.0,298.0,308.3,5315.139025,1.0437249045945225,0.11039512413036756,56.24318668199648,2025-10-19 15:17:51.782208,WP PMA 80467,No failure
1363,50.0,14.0,295.6,306.0,5431.100416,3.651533885979466,0.1324031562382358,63.70996878276001,2025-10-19 15:18:34.782208,WP PMA 80467,No failure
1315,48.9,127.0,298.5,309.5,5355.458761,41.06519945448606,1.6344147895833567,95.67090294936038,2025-10-19 15:30:32.782208,WP PMA 80467,door close delay
1323,51.1,130.0,297.4,308.7,5479.700625,42.30312527421579,0.671909255936029,90.0225145439153,2025-10-19 16:03:21.782208,WP PMA 80467,signal delay
1434,47.3,127.0,300.1,309.4,5341.417225,3.3986141869648856,0.05619947246306296,56.56980664809709,2025-10-19 16:07:40.782208,WP PMA 80467,No failure
1610,33.3,233.0,299.2,310.3,5466.088489,4.533788864656136,0.17836225606828035,57.20276535714246,2025-10-19 16:09:02.782208,WP PMA 80466,No failure
1754,26.9,209.0,302.9,312.3,5270.179216,31.064126655309654,0.7271846408765829,96.36983679144254,2025-10-19 16:34:45.782208,WP PMA 80271,signal delay
1679,30.7,129.0,299.6,311.1,5467.715136,4.382093210766587,0.02424963797988849,56.74752777530627,2025-10-19 16:37:41.782208,WP PMA 80467,No failure
1506,33.5,26.0,297.8,308.9,5477.924169,3.8793579752750667,0.13969645250905782,55.278069829467974,2025-10-19 17:05:42.782208,WP PMA 80271,No failure
1551,41.2,3.0,299.4,310.7,5293.144516,1.0627707597518388,0.08211582861618463,57.96772688130071,2025-10-19 17:07:11.782208,WP PMA 80467,No failure
1310,57.9,70.0,297.8,307.8,5398.134784,4.1280818484607,0.15369143183624412,56.38607228161219,2025-10-19 17:20:36.782208,WP PMA 80467,No failure
1811,23.2,72.0,300.9,312.2,5491.106404,4.734600333767955,0.17875066654011965,57.77472441672372,2025-10-19 17:24:06.782208,WP PMA 80467,No failure
1530,42.3,21.0,302.3,311.5,5507.866225,30.450301760589426,1.1058661088010444,87.95387877662486,2025-10-19 17:43:40.782208,WP PMA 80467,signal delay
1446,37.0,11.0,298.8,308.5,5351.946649,4.948612515880361,0.04901064760238199,63.88143912765068,2025-10-19 17:49:57.782208,WP PMA 80467,No failure
1475,47.9,79.0,302.4,311.0,5282.673124,37.29116374458573,1.6642971181662811,88.8607658808726,2025-10-19 18:16:30.782208,WP PMA 80271,Random failure
1906,21.2,110.0,302.4,310.1,5462.244649,4.888315926735161,0.11417069813249464,63.64941132404669,2025-10-19 18:20:03.782208,WP PMA 80271,No failure
1690,26.7,4.0,302.7,310.6,5279.184964,2.9054531679457525,0.018867658716162264,55.843422512688356,2025-10-19 18:21:01.782208,WP PMA 80466,No failure
1593,37.4,47.0,298.6,309.9,5410.926481,0.12132840329190672,0.09858604521344998,56.93149856348358,2025-10-19 18:24:12.782208,WP PMA 80466,No failure
1588,41.3,0.0,299.6,309.1,5372.157025,26.46854447660091,1.4917981431887635,95.72411595126835,2025-10-19 18:27:09.782208,WP PMA 80466,Random failure
1336,57.1,29.0,300.5,310.3,5264.373136,2.255818137546823,0.11755480805964465,63.63733490175972,2025-10-19 18:37:40.782208,WP PMA 80467,No failure
1430,49.4,2.0,297.5,308.8,5415.782464,0.7703881593455482,0.1265726220641557,55.866787070957166,2025-10-19 18:40:01.782208,WP PMA 80271,No failure
1538,36.7,74.0,302.7,312.0,5505.343204,4.589286996037448,0.06515459822941067,63.7531401489573,2025-10-19 18:42:51.782208,WP PMA 80271,No failure
1658,30.3,186.0,302.1,310.9,5285.144601,0.6082592493837541,0.1890727957602092,63.582272317494294,2025-10-19 18:49:26.782208,WP PMA 80467,No failure
1512,44.9,86.0,301.0,310.4,5260.310784,39.36836299538538,1.6935308256837749,96.5270926355088,2025-10-19 18:57:57.782208,WP PMA 80467,door open delay
1646,40.6,175.0,297.9,308.4,5317.3264,2.4745340783166068,0.07349398213485164,58.57140059921677,2025-10-19 18:59:11.782208,WP PMA 80467,No failure
1464,49.1,171.0,303.9,313.4,5271.195609,49.98468948636307,0.7407190196670943,80.1908078185052,2025-10-19 18:59:36.782208,WP PMA 80271,door open delay
1583,38.9,94.0,302.0,310.6,5284.417636,3.851228928882406,0.13936079095317008,56.67683177309546,2025-10-19 19:28:27.782208,WP PMA 80466,No failure
1302,55.5,87.0,299.7,309.2,5346.241924,4.500519345557973,0.06066778544200516,63.693009060703005,2025-10-19 19:41:20.782208,WP PMA 80467,No failure
1425,47.4,90.0,298.8,308.5,5374.062864,0.7652075421105554,0.12398537161287752,60.04719191033324,2025-10-19 19:55:24.782208,WP PMA 80271,No failure
1844,24.6,171.0,302.1,310.1,5459.879881,0.2505319878789595,0.15772856750463396,62.69593345730337,2025-10-19 20:20:43.782208,WP PMA 80466,No failure
1576,34.3,188.0,299.9,310.4,5500.595556,3.3515859969481157,0.02966475926934825,61.446727398755506,2025-10-19 20:26:17.782208,WP PMA 80467,No failure
1559,42.8,121.0,300.7,311.0,5505.936804,3.427710802933044,0.04660731826783418,60.25357248638581,2025-10-19 20:29:07.782208,WP PMA 80271,No failure
1487,46.9,173.0,297.2,308.5,5271.486025,1.7887086232509917,0.053489430740879876,61.39444404354736,2025-10-19 20:29:35.782208,WP PMA 80271,No failure
1457,52.5,98.0,298.3,307.8,5363.804644,2.8491441534097355,0.1866629473484067,56.39432472916072,2025-10-19 20:43:50.782208,WP PMA 80466,No failure
1484,39.2,8.0,298.8,308.4,5461.357801,38.09016038139223,0.9003470073560125,93.988876876617,2025-10-19 20:46:14.782208,WP PMA 80271,signal delay
1521,37.2,131.0,299.6,311.1,5467.715136,46.673454718591316,1.420389399153339,95.87920103880379,2025-10-19 20:59:36.782208,WP PMA 80271,door close delay
2007,19.3,181.0,297.7,308.2,5469.933681,4.409549093925315,0.1406478468663525,59.08350131519752,2025-10-19 21:28:38.782208,WP PMA 80466,No failure
1789,25.5,114.0,300.9,311.2,5252.770576,29.099466842190104,1.738325870197019,93.84443719569134,2025-10-19 21:48:52.782208,WP PMA 80467,signal delay
1445,54.8,0.0,302.5,312.0,5504.304481,2.8998496792927826,0.18851548831159282,63.18509527606071,2025-10-19 21:52:10.782208,WP PMA 80271,No failure
1443,43.9,137.0,297.1,307.8,5273.809641,3.9362199774791247,0.158971971449332,61.86163132364716,2025-10-19 21:52:22.782208,WP PMA 80467,No failure
1977,20.2,,297.9,307.6,5369.811841,0.4321665285634887,0.07492854507842647,56.069118832140795,2025-10-19 22:07:24.782208,WP PMA 80467,No failure
1473,39.9,184.0,298.4,308.3,5468.6025,26.055495263783655,1.7852296960269574,95.2760721632894,2025-10-19 22:08:06.782208,WP PMA 80467,door close delay
1539,37.7,156.0,300.4,309.7,5415.635281,0.2913263709260864,0.1184327209634684,56.3801365971648,2025-10-19 22:09:13.782208,WP PMA 80466,No failure
1488,41.9,196.0,297.8,308.5,5460.175449,45.36625728238058,0.586463643662795,88.59180885604579,2025-10-19 22:15:02.782208,WP PMA 80466,Random failure
1607,33.5,109.0,300.3,311.6,5247.408721,3.529062975937835,0.08131022989794359,58.60692277514521,2025-10-19 22:38:04.782208,WP PMA 80466,No failure
1470,40.6,159.0,301.1,311.1,5261.906521,2.5935306686581088,0.06002966350963695,56.81404792669472,2025-10-19 22:43:55.782208,WP PMA 80466,No failure
1341,49.2,208.0,297.8,309.7,5447.768481,46.183917584260286,1.0201454764390876,92.46166290911955,2025-10-19 22:44:31.782208,WP PMA 80271,signal delay
1753,26.8,40.0,298.7,309.9,5483.846809,1.2307602057078741,0.10658777953487035,57.1775447008359,2025-10-19 22:53:32.782208,WP PMA 80467,No failure
1536,37.2,19.0,300.7,309.6,5404.896324,2.239593523565901,0.12234015257902188,57.26162497964315,2025-10-19 22:56:24.782208,WP PMA 80466,No failure
1563,32.8,51.0,298.1,309.9,5446.44,23.249154431791236,1.3895731218270553,92.09673056674498,2025-10-19 23:25:49.782208,WP PMA 80271,door close delay
1414,50.2,51.0,295.9,306.6,5434.343524,27.145965124586027,1.2118314560594747,98.77282882670414,2025-10-19 23:33:47.782208,WP PMA 80467,door close delay
1563,32.8,51.0,298.1,309.9,5446.44,23.249154431791236,1.3895731218270553,92.09673056674498,2025-10-19 23:39:43.782208,WP PMA 80271,door close delay
1509,46.6,125.0,300.3,309.9,5514.5476,20.02023079033625,0.7215698637292967,88.48214630717786,2025-10-19 23:40:51.782208,WP PMA 80467,door close delay
1572,34.6,17.0,302.2,310.1,5280.9289,0.2498359777437652,0.1751001827788774,59.23415716778688,2025-10-19 23:51:18.782208,WP PMA 80466,No failure
1804,25.1,118.0,298.1,308.9,5284.126864,39.21335321839662,1.9275975390562305,80.33006919824466,2025-10-19 23:53:04.782208,WP PMA 80467,door open delay
1744,31.5,0.0,299.0,310.2,5296.346176,28.026300229149285,1.337665464463818,86.65910951714694,2025-10-19 23:53:36.782208,WP PMA 80466,Random failure
1502,39.8,177.0,299.2,310.8,5486.661184,1.9508141588591537,0.13127192710260208,59.478480428882335,2025-10-20 00:07:03.782208,WP PMA 80467,No failure
1431,39.3,22.0,300.7,310.7,5263.357401,45.30621408858687,1.6214025308819116,97.16558546598277,2025-10-20 00:08:35.782208,WP PMA 80466,door open delay
1364,49.5,0.0,299.5,310.7,5293.144516,0.2540400247830217,0.19694609016679435,61.435891173615936,2025-10-20 00:25:29.782208,WP PMA 80467,No failure
1532,43.2,53.0,300.2,309.3,5330.314081,0.10495472241257597,0.08907436578081945,56.77199002873867,2025-10-20 00:25:56.782208,WP PMA 80467,No failure
1541,33.7,165.0,297.6,309.7,5325.642529,42.66027321379279,0.5957421488515693,81.39217013180169,2025-10-20 00:37:35.782208,WP PMA 80466,door close delay
1468,42.2,83.0,299.3,308.4,5362.6329,4.24622804942593,0.17840079510617035,58.0090369923552,2025-10-20 00:45:05.782208,WP PMA 80466,No failure
1451,45.3,183.0,301.4,310.5,5511.874564,32.175175006445365,1.5074271932726768,89.3904760538535,2025-10-20 00:49:08.782208,WP PMA 80271,Random failure
1559,33.7,30.0,299.1,308.3,5382.276496,0.5837896009732455,0.10246237792175339,60.23082754488567,2025-10-20 01:20:58.782208,WP PMA 80467,No failure
1435,40.1,219.0,303.1,311.2,5278.313104,4.451233935375128,0.14576539831720844,64.87007513138494,2025-10-20 01:33:06.782208,WP PMA 80466,No failure
1465,43.2,113.0,300.8,311.3,5507.1241,1.4566264374372848,0.1564175608314806,55.67036118199578,2025-10-20 01:35:04.782208,WP PMA 80271,No failure
1488,41.9,196.0,297.8,308.5,5460.175449,45.36625728238058,0.586463643662795,88.59180885604579,2025-10-20 02:34:31.782208,WP PMA 80271,Random failure
1392,52.9,173.0,301.0,310.9,5254.365169,41.6977753684972,0.7231161539905369,99.45713980477058,2025-10-20 02:40:46.782208,WP PMA 80467,signal delay
1364,55.6,163.0,297.2,308.5,5347.558129,36.461385699506096,1.9983719108979061,90.26570522546112,2025-10-20 03:10:15.782208,WP PMA 80467,door open delay
1432,54.3,81.0,301.4,310.5,5318.055625,2.7691934303206067,0.012817977770541316,57.058148858376725,2025-10-20 03:38:36.782208,WP PMA 80271,No failure
1600,42.1,190.0,297.4,308.5,5456.185956,39.53285650511512,1.1928274910068417,93.8165756167538,2025-10-20 04:16:06.782208,WP PMA 80467,signal delay
1507,47.7,70.0,302.3,311.2,5298.238521,3.393101160769113,0.19303583017228573,60.00946902737983,2025-10-20 04:21:04.782208,WP PMA 80466,No failure
1500,40.3,207.0,298.5,308.9,5470.821225,3.1827828890137693,0.15245017652773474,64.49100320149918,2025-10-20 04:22:30.782208,WP PMA 80466,No failure
1398,46.0,109.0,301.7,309.8,5458.993225,4.308562052792212,0.15741384097322242,64.2935495720514,2025-10-20 04:27:27.782208,WP PMA 80271,No failure
1416,61.8,209.0,300.7,310.4,5504.304481,21.449680119185427,1.6055801123947226,87.14991297931678,2025-10-20 04:32:51.782208,WP PMA 80467,signal delay
1597,37.2,16.0,295.5,306.0,5431.100416,27.77411025179005,1.0458909826573568,84.61157931227865,2025-10-20 04:52:50.782208,WP PMA 80466,door open delay
1691,27.7,105.0,301.7,310.6,5305.519921,1.0667700959355182,0.1861358471136259,58.98246404608028,2025-10-20 05:07:02.782208,WP PMA 80271,No failure
1431,39.3,22.0,300.7,310.7,5263.357401,45.30621408858687,1.6214025308819116,97.16558546598277,2025-10-20 05:11:24.782208,WP PMA 80271,door open delay
1590,40.3,130.0,301.9,310.5,5284.272249,0.2873807272278559,0.1153645323529477,57.41127656614318,2025-10-20 05:16:43.782208,WP PMA 80466,No failure
1405,42.5,204.0,297.2,308.2,5476.888036,4.426400533978321,0.04906679146001056,64.55517091074944,2025-10-20 05:23:30.782208,WP PMA 80271,No failure
1387,57.6,50.0,298.6,309.6,5464.462084,31.02007056378983,1.924982620112702,85.77319677094144,2025-10-20 05:26:46.782208,WP PMA 80466,signal delay
1485,40.5,188.0,300.2,310.1,5503.117489,44.27777270700361,1.00731822680138,85.07467411154907,2025-10-20 05:36:15.782208,WP PMA 80271,door close delay
1623,33.4,74.0,297.5,309.3,5450.130625,35.32667695115313,1.498253405644066,95.89964159155058,2025-10-20 05:36:28.782208,WP PMA 80466,door close delay
1472,47.6,75.0,300.6,310.9,5263.212304,4.741268180859511,0.0515249203624495,57.273091668415205,2025-10-20 05:47:17.782208,WP PMA 80466,No failure
1413,43.5,83.0,302.2,311.5,5433.311521,46.06769449253791,1.9129662103062164,91.80974319114351,2025-10-20 05:54:24.782208,WP PMA 80271,door open delay
1734,32.4,161.0,299.0,308.6,5390.4964,36.16471629499442,0.9531873013492951,95.43673005245326,2025-10-20 06:00:25.782208,WP PMA 80467,Random failure
1423,49.5,200.0,298.7,309.1,5462.540281,44.33656037912953,1.588388563096027,90.18336290840858,2025-10-20 06:11:53.782208,WP PMA 80467,door open delay
1513,38.0,38.0,300.9,311.9,5491.254609,45.398608991025895,1.6628507955465734,97.30340726359175,2025-10-20 06:17:35.782208,WP PMA 80271,door open delay
1638,36.2,84.0,302.6,310.4,5279.766244,0.5172323446625072,0.06862554071928667,62.0572127336041,2025-10-20 06:24:42.782208,WP PMA 80271,No failure
1334,48.0,42.0,298.6,310.0,5410.926481,44.6921753251622,1.7757381645190178,97.48377633205858,2025-10-20 06:30:05.782208,WP PMA 80467,door open delay
1416,58.7,156.0,303.8,312.8,5272.2121,33.788869839697,1.2694095011541886,98.03901176263835,2025-10-20 06:34:38.782208,WP PMA 80271,door open delay
1521,39.9,15.0,300.8,311.4,5506.530436,2.44212996379519,0.010410796240739822,55.13692651411816,2025-10-20 06:42:09.782208,WP PMA 80466,No failure
1622,37.2,103.0,297.5,308.3,5457.958884,47.56231038168288,0.695912273194448,80.02490348311116,2025-10-20 07:05:22.782208,WP PMA 80467,Random failure
1400,49.5,79.0,298.9,308.6,5374.062864,4.569158112522534,0.04951790862057611,63.11343558731662,2025-10-20 07:14:52.782208,WP PMA 80466,No failure
1633,28.0,164.0,302.4,310.2,5279.330281,0.748624854671957,0.14619671146661237,63.867922657161046,2025-10-20 07:18:43.782208,WP PMA 80467,No failure
1549,44.6,31.0,302.1,311.4,5435.670529,4.949576512060076,0.035020516742942064,56.57727564567108,2025-10-20 07:18:58.782208,WP PMA 80271,No failure
1364,55.6,163.0,297.2,308.5,5347.558129,36.461385699506096,1.9983719108979061,90.26570522546112,2025-10-20 07:19:15.782208,WP PMA 80271,door open delay
1471,40.7,26.0,300.6,311.1,5253.205441,2.0866920897066867,0.08916478936773446,64.66278676877477,2025-10-20 07:22:09.782208,WP PMA 80467,No failure
1298,57.5,57.0,302.5,311.9,5505.046416,48.88448593685028,1.744296866483037,88.80251842704857,2025-10-20 07:33:51.782208,WP PMA 80467,door close delay
1430,53.5,189.0,303.9,312.9,5273.809641,2.216928654173861,0.07852451523350429,63.16895235627907,2025-10-20 07:43:29.782208,WP PMA 80466,No failure
1785,25.5,120.0,301.5,310.8,5255.525025,0.6726222779548511,0.15459503759360596,61.18104057038307,2025-10-20 08:02:41.782208,WP PMA 80467,No failure
1649,31.0,152.0,302.0,309.8,5459.584321,2.4748703951109925,0.14438396811494608,55.80200969475617,2025-10-20 08:08:54.782208,WP PMA 80271,No failure
1445,44.8,83.0,300.5,311.7,5245.670329,1.1968688183444782,0.1363876967051969,63.14822838110577,2025-10-20 08:15:28.782208,WP PMA 80466,No failure
1339,50.8,123.0,302.3,311.3,5443.193284,2.751367065512969,0.015434251154641539,59.40888275785705,2025-10-20 08:15:56.782208,WP PMA 80466,No failure
1477,42.4,158.0,298.8,309.1,5308.871044,4.042018082783561,0.06628924894361876,63.937642953627424,2025-10-20 08:19:46.782208,WP PMA 80271,No failure
1554,42.4,158.0,297.3,308.1,5276.860164,3.642255574033504,0.19789590816421423,59.13394674225607,2025-10-20 08:25:29.782208,WP PMA 80467,No failure
1646,30.7,76.0,301.1,310.5,5254.8001,3.6285292859830216,0.036740207834161084,55.07776395307884,2025-10-20 08:34:37.782208,WP PMA 80466,No failure
1629,32.5,45.0,298.1,309.9,5446.587601,23.75340627019404,1.9241090702893169,87.54583502901593,2025-10-20 08:35:09.782208,WP PMA 80467,door close delay
1506,38.8,87.0,300.0,309.5,5259.440484,1.537743643082148,0.14675083287263443,59.67605821757557,2025-10-20 08:37:42.782208,WP PMA 80466,No failure
1546,39.8,121.0,301.8,309.8,5281.510276,2.366588051987908,0.06576695474877878,57.174144296120616,2025-10-20 08:49:26.782208,WP PMA 80467,No failure
1507,39.5,147.0,302.5,310.5,5465.940624,2.400601049434407,0.18022168421210533,60.29693671485995,2025-10-20 08:53:21.782208,WP PMA 80466,No failure
1511,40.1,107.0,303.1,312.9,5269.453281,1.0463808401883792,0.13620630443946113,58.0812743629825,2025-10-20 09:00:28.782208,WP PMA 80466,No failure
1509,37.6,45.0,302.5,310.4,5464.462084,3.0915181238305416,0.013158418174906981,63.25591629619995,2025-10-20 09:21:21.782208,WP PMA 80467,No failure
1530,42.3,21.0,302.3,311.5,5507.866225,30.450301760589426,1.1058661088010444,87.95387877662486,2025-10-20 09:22:33.782208,WP PMA 80466,signal delay
1489,40.6,89.0,298.2,309.0,5259.875625,26.47058142682505,1.4778885915777045,89.33932847526452,2025-10-20 09:28:10.782208,WP PMA 80467,door open delay
1282,60.7,216.0,298.4,308.2,5312.223225,46.054799096900865,0.516679854665987,93.82813388686158,2025-10-20 09:39:00.782208,WP PMA 80466,door open delay
1375,46.4,48.0,298.7,308.5,5373.476416,26.69484987609539,0.88461271440945,80.9906377364198,2025-10-20 10:00:11.782208,WP PMA 80271,door close delay
1658,30.5,7.0,303.3,311.4,5278.167801,3.00971968749656,0.13626206652916198,58.261388436353215,2025-10-20 10:15:52.782208,WP PMA 80271,No failure
1375,42.7,58.0,298.9,309.3,5474.816064,36.69009158864943,0.8981628206628844,98.64108579120862,2025-10-20 10:25:36.782208,WP PMA 80271,door close delay
1486,38.5,78.0,301.7,310.6,5430.2161,0.32648523786325095,0.06266818528506315,60.09396190936738,2025-10-20 10:37:40.782208,WP PMA 80467,No failure
1345,54.1,126.0,303.6,312.5,5478.368256,3.905367870173418,0.17558425879959552,62.01132234345623,2025-10-20 10:38:13.782208,WP PMA 80271,No failure
1661,34.2,109.0,296.7,307.4,5476.148001,39.530100823585144,1.8141870939694895,80.63461521403563,2025-10-20 10:47:48.782208,WP PMA 80467,door open delay
1499,40.3,154.0,298.8,309.7,5485.624225,2.374977032180919,0.13227821433407635,55.955097936460135,2025-10-20 10:47:51.782208,WP PMA 80466,No failure
1493,51.1,87.0,301.7,310.7,5256.685009,3.1893389926703692,0.07023865897295058,59.73236545766971,2025-10-20 10:57:04.782208,WP PMA 80271,No failure
1436,54.1,90.0,301.4,310.7,5512.320025,48.21507638039077,1.0595772874397975,95.62059277481504,2025-10-20 11:00:01.782208,WP PMA 80466,signal delay
1959,22.3,157.0,303.5,311.7,5472.448576,29.43254792505012,0.8841722655722568,98.0943208432986,2025-10-20 11:00:58.782208,WP PMA 80466,signal delay
1471,37.7,197.0,297.5,308.9,5443.635961,3.343693571143902,0.047946329138418876,59.7547902178859,2025-10-20 11:03:41.782208,WP PMA 80466,No failure
1594,32.4,204.0,301.7,310.8,5303.626276,37.38423566578929,1.3463625335459448,86.49307795768311,2025-10-20 11:13:31.782208,WP PMA 80467,Random failure
1456,54.2,179.0,297.3,308.5,5480.588961,3.928437263946349,0.1959505539908894,55.95576772966601,2025-10-20 11:25:08.782208,WP PMA 80271,No failure
1732,29.9,32.0,297.5,309.3,5324.037156,0.35063482753552067,0.18855241511454632,58.00741635902331,2025-10-20 11:27:58.782208,WP PMA 80271,No failure
1513,38.0,38.0,300.9,311.9,5491.254609,45.398608991025895,1.6628507955465734,97.30340726359175,2025-10-20 11:29:03.782208,WP PMA 80466,door open delay
2377,14.3,135.0,300.7,311.1,5505.788401,2.830317336656697,0.06051005775180754,63.48657098119719,2025-10-20 11:35:36.782208,WP PMA 80467,No failure
1577,39.8,48.0,299.6,309.3,5379.635716,1.973124900494576,0.1373821205908529,60.75936892485027,2025-10-20 11:42:13.782208,WP PMA 80271,No failure
1685,32.0,10.0,296.9,307.6,5343.025216,3.1356262992538757,0.02604704274493444,57.87526831775072,2025-10-20 12:06:28.782208,WP PMA 80466,No failure
1464,49.1,171.0,303.9,313.4,5271.195609,49.98468948636307,0.7407190196670943,80.1908078185052,2025-10-20 12:11:07.782208,WP PMA 80271,door open delay
1464,49.1,171.0,303.9,313.4,5271.195609,49.98468948636307,0.7407190196670943,80.1908078185052,2025-10-20 12:11:11.782208,WP PMA 80271,door open delay
1393,45.7,99.0,298.7,309.7,5485.920489,22.951023860642238,1.950191784586998,84.35485044656178,2025-10-20 12:25:27.782208,WP PMA 80467,door close delay
1514,36.1,169.0,299.4,310.5,5295.181824,2.557633719823753,0.19332686755916556,58.11476318947654,2025-10-20 12:37:03.782208,WP PMA 80467,No failure
1586,33.4,142.0,300.8,310.7,5518.261225,4.462934734109605,0.10944241490090671,64.59921050485993,2025-10-20 12:42:49.782208,WP PMA 80466,No failure
1629,27.9,136.0,298.7,309.7,5297.947369,0.17883369728951298,0.12176792601111026,61.899108487764224,2025-10-20 12:43:08.782208,WP PMA 80466,No failure
1329,60.5,120.0,299.0,308.6,5311.057129,0.35198375836281026,0.1984067569226303,64.17498787284858,2025-10-20 12:47:56.782208,WP PMA 80271,No failure
1230,59.6,162.0,298.2,308.3,5358.679209,0.993260007510222,0.19447506079509427,60.91832026897876,2025-10-20 13:04:37.782208,WP PMA 80466,No failure
1705,31.2,181.0,300.6,310.7,5252.480676,0.19857264338721123,0.012993302210528633,57.258162334002584,2025-10-20 13:11:06.782208,WP PMA 80466,No failure
1441,43.2,132.0,298.7,308.4,5469.489936,35.1055782720759,0.9394025035890767,81.07925966492373,2025-10-20 13:22:54.782208,WP PMA 80467,door close delay
1442,59.8,169.0,302.6,311.5,5288.634729,0.20067951449495625,0.06597004022163525,61.687472266889664,2025-10-20 13:23:18.782208,WP PMA 80271,No failure
1438,51.0,211.0,300.1,309.2,5416.518409,3.424044605735523,0.04236631481828524,60.54473991898347,2025-10-20 13:30:01.782208,WP PMA 80467,No failure
1568,33.7,175.0,297.4,309.0,5452.493281,30.817869178878684,1.1978453154513014,94.86165932455624,2025-10-20 13:31:28.782208,WP PMA 80466,door close delay
1609,27.6,108.0,300.7,310.6,5252.045841,27.408002308158085,1.5516235058130665,90.91280030971026,2025-10-20 13:33:02.782208,WP PMA 80271,door close delay
1510,41.4,94.0,302.9,312.2,5505.64,2.569963645101374,0.1565121867464415,59.203431336335356,2025-10-20 13:33:29.782208,WP PMA 80467,No failure
2157,17.8,17.0,302.0,310.7,5282.963856,26.262641810156918,1.6362138319307393,90.81689443895104,2025-10-20 13:47:42.782208,WP PMA 80467,signal delay
1521,37.2,131.0,299.6,311.1,5467.715136,46.673454718591316,1.420389399153339,95.87920103880379,2025-10-20 13:52:10.782208,WP PMA 80466,door close delay
1626,33.3,50.0,298.0,308.6,5469.489936,4.367963422449854,0.06598286978335448,62.94804977885856,2025-10-20 13:54:17.782208,WP PMA 80271,No failure
1666,34.6,33.0,304.1,313.1,5486.068624,2.839570358195377,0.018938732283381172,59.89015875047299,2025-10-20 14:08:41.782208,WP PMA 80467,No failure
1695,26.7,28.0,300.5,310.5,5249.582116,31.321847723618333,0.611570596074849,91.54170591118405,2025-10-20 14:10:43.782208,WP PMA 80271,drive delay
1521,37.2,131.0,299.6,311.1,5467.715136,46.673454718591316,1.420389399153339,95.87920103880379,2025-10-20 14:13:46.782208,WP PMA 80466,door close delay
1406,55.1,136.0,300.6,312.0,5244.511561,0.9108731725775168,0.06431027562764433,61.52217763464593,2025-10-20 14:16:40.782208,WP PMA 80466,No failure
1395,48.7,21.0,297.4,308.3,5275.1169,1.7623922503436464,0.06027935779016315,60.159723876663286,2025-10-20 14:26:25.782208,WP PMA 80466,No failure
1563,32.8,51.0,298.1,309.9,5327.102169,1.951751866491765,0.18446417693384695,60.365136150834736,2025-10-20 14:28:04.782208,WP PMA 80466,No failure
1523,43.3,60.0,301.8,310.7,5310.182641,29.49868042780217,1.669398076973442,90.49945716483931,2025-10-20 14:28:04.782208,WP PMA 80466,signal delay
1436,54.1,90.0,301.4,310.7,5512.320025,48.21507638039077,1.0595772874397975,95.62059277481504,2025-10-20 14:28:33.782208,WP PMA 80467,signal delay
1390,43.3,221.0,297.6,309.2,5451.607225,28.963313423812117,1.223664621780105,96.11862697857715,2025-10-20 14:29:37.782208,WP PMA 80467,door close delay
1523,40.9,141.0,299.3,310.8,5467.715136,32.60338432946594,1.4731501023736493,97.8371124133434,2025-10-20 14:34:21.782208,WP PMA 80466,door open delay
1332,53.9,7.0,296.9,308.0,5332.212484,32.981098147326,0.9389940584593492,90.26690819060457,2025-10-20 14:40:57.782208,WP PMA 80466,signal delay
1617,30.9,122.0,303.6,313.0,5493.477924,2.3083269502055423,0.09479368239552179,64.75517272287631,2025-10-20 14:53:34.782208,WP PMA 80466,No failure
2194,16.5,148.0,303.0,311.3,5469.046209,3.311185280387187,0.0668316483541383,61.029847319686716,2025-10-20 15:01:16.782208,WP PMA 80467,No failure
1430,48.5,122.0,301.0,309.5,5418.4321,4.178055808669558,0.1998043903715761,58.80250410844167,2025-10-20 15:10:29.782208,WP PMA 80467,No failure
1315,48.9,127.0,298.5,309.5,5355.458761,41.06519945448606,1.6344147895833567,95.67090294936038,2025-10-20 15:13:35.782208,WP PMA 80271,door close delay
1512,44.9,86.0,301.0,310.4,5260.310784,39.36836299538538,1.6935308256837749,96.5270926355088,2025-10-20 15:15:20.782208,WP PMA 80271,door open delay
1748,25.3,144.0,296.4,307.2,5428.595041,4.960425585301445,0.14193282880730929,56.213408543709576,2025-10-20 15:26:13.782208,WP PMA 80467,No failure
1521,42.3,215.0,299.2,308.9,5356.483344,48.52642714523353,0.5951679291380665,96.63168155565477,2025-10-20 15:27:44.782208,WP PMA 80466,signal delay
1426,53.4,172.0,303.9,312.6,5482.069681,1.6222370201113987,0.14967647661664857,58.526211367370685,2025-10-20 15:28:46.782208,WP PMA 80271,No failure
1744,31.5,0.0,299.0,310.2,5296.346176,28.026300229149285,1.337665464463818,86.65910951714694,2025-10-20 15:40:08.782208,WP PMA 80271,Random failure
1406,58.5,93.0,297.9,307.9,5397.547024,2.2299652751141967,0.08617117276758735,64.72493767587268,2025-10-20 15:40:17.782208,WP PMA 80466,No failure
1394,46.0,113.0,298.7,309.5,5252.190784,1.2247760644955257,0.06673609333760287,55.22461250696737,2025-10-20 15:46:50.782208,WP PMA 80466,No failure
1595,35.4,15.0,300.4,311.0,5245.960041,40.671410585650555,1.7663676320787438,91.29257725331573,2025-10-20 16:02:04.782208,WP PMA 80466,door open delay
1620,33.2,28.0,297.4,309.2,5451.016561,3.825751716001359,0.1483161241468782,58.32518150939974,2025-10-20 16:03:10.782208,WP PMA 80271,No failure
1364,41.2,104.0,300.0,309.3,5341.855744,2.932757077977631,0.0789283814481108,58.73480056044115,2025-10-20 16:06:51.782208,WP PMA 80467,No failure
1420,56.4,57.0,302.6,310.5,5279.911569,4.802076399044964,0.1520053184291332,58.13563244456119,2025-10-20 16:13:40.782208,WP PMA 80271,No failure
1286,51.1,177.0,296.3,307.2,5428.005625,23.4303106810246,1.4262639106760326,88.00815197335469,2025-10-20 16:13:54.782208,WP PMA 80466,door open delay
1823,25.9,181.0,298.3,309.0,5472.152676,4.336567856369888,0.05223570138180321,61.70797635720828,2025-10-20 16:17:59.782208,WP PMA 80467,No failure
1713,25.8,154.0,298.5,308.0,5392.405489,0.6921197969515849,0.12354852115458921,55.370857708695006,2025-10-20 16:26:58.782208,WP PMA 80467,No failure
1315,48.9,127.0,298.5,309.5,5355.458761,41.06519945448606,1.6344147895833567,95.67090294936038,2025-10-20 16:39:04.782208,WP PMA 80467,door close delay
1852,22.2,53.0,300.8,311.4,5506.233616,2.6319863271674997,0.07949895947325876,62.295110438920766,2025-10-20 16:56:59.782208,WP PMA 80466,No failure
1662,26.9,183.0,297.1,307.9,5277.150736,23.362238882353317,1.8939072927671246,84.03490101665102,2025-10-20 17:14:25.782208,WP PMA 80467,signal delay
1499,37.6,73.0,300.5,311.5,5494.960384,3.1711257507091126,0.1967198608469006,61.63630543600764,2025-10-20 17:28:08.782208,WP PMA 80467,No failure
1658,34.7,88.0,300.6,310.0,5325.934441,4.315714631261123,0.15045026701247982,56.69971583978208,2025-10-20 17:45:48.782208,WP PMA 80467,No failure
1497,38.4,28.0,302.1,311.3,5435.670529,26.28941107100395,1.7209206689441916,99.77365236649493,2025-10-20 18:06:45.782208,WP PMA 80466,door close delay
1616,34.2,114.0,297.7,308.8,5477.4801,2.9443296244432657,0.15141111947636549,58.724665554992896,2025-10-20 18:14:56.782208,WP PMA 80271,No failure
1495,36.9,197.0,301.8,311.1,5509.202176,0.3063609600578364,0.13969524778094664,60.95921853746071,2025-10-20 18:26:38.782208,WP PMA 80466,No failure
1595,35.4,15.0,300.4,311.0,5245.960041,40.671410585650555,1.7663676320787438,91.29257725331573,2025-10-20 18:30:54.782208,WP PMA 80466,door open delay
1341,49.2,208.0,297.8,309.7,5447.768481,46.183917584260286,1.0201454764390876,92.46166290911955,2025-10-20 18:32:42.782208,WP PMA 80466,signal delay
1588,41.3,0.0,299.6,309.1,5372.157025,26.46854447660091,1.4917981431887635,95.72411595126835,2025-10-20 18:39:18.782208,WP PMA 80466,Random failure
1434,44.9,15.0,302.0,311.2,5435.375625,0.333562793749807,0.17678490134239067,56.391693863649685,2025-10-20 18:49:47.782208,WP PMA 80466,No failure
1863,22.5,79.0,299.5,309.1,5374.649344,2.62443300807255,0.07034901936911596,63.10838216969823,2025-10-20 18:53:11.782208,WP PMA 80271,No failure
1680,33.7,185.0,298.1,308.3,5464.462084,40.53621110002542,1.861302562403293,99.0882319471089,2025-10-20 19:15:54.782208,WP PMA 80466,signal delay
1526,35.3,46.0,300.2,309.4,5330.4601,21.583542943926396,0.7296964552860199,87.23862919341,2025-10-20 19:19:21.782208,WP PMA 80467,signal delay
1451,45.3,183.0,301.4,310.5,5511.874564,32.175175006445365,1.5074271932726768,89.3904760538535,2025-10-20 19:40:30.782208,WP PMA 80467,Random failure
1514,37.9,9.0,298.0,308.2,5463.575056,46.10254144113112,0.6079530709041836,88.48324434748507,2025-10-20 19:41:23.782208,WP PMA 80467,signal delay
1526,35.3,46.0,300.2,309.4,5330.4601,21.583542943926396,0.7296964552860199,87.23862919341,2025-10-20 19:56:39.782208,WP PMA 80466,signal delay
1415,49.2,8.0,299.5,309.1,5372.010436,4.548890346559379,0.07154036903661493,56.75002965459453,2025-10-20 20:01:12.782208,WP PMA 80466,No failure
1589,30.6,11.0,298.5,308.8,5304.2089,1.1107389615467806,0.14875851339599266,64.14278236963042,2025-10-20 20:11:04.782208,WP PMA 80467,No failure
1497,38.4,28.0,302.1,311.3,5435.670529,26.28941107100395,1.7209206689441916,99.77365236649493,2025-10-20 20:14:09.782208,WP PMA 80466,door close delay
1563,35.6,190.0,302.5,311.0,5283.109225,38.74104099685708,1.2347836818112328,99.83039726960615,2025-10-20 20:44:45.782208,WP PMA 80466,door open delay
1496,37.2,149.0,299.3,309.1,5393.580481,1.773491388202008,0.09056113934357167,62.9535494233565,2025-10-20 20:49:16.782208,WP PMA 80466,No failure
1631,29.9,144.0,297.8,307.5,5385.211456,1.2546333431676924,0.11227359236427199,62.93249442202856,2025-10-20 20:50:36.782208,WP PMA 80467,No failure
1469,44.6,113.0,304.1,313.5,5487.105625,4.036422485024705,0.17491408912408066,60.08297592638296,2025-10-20 20:57:03.782208,WP PMA 80271,No failure
1524,37.7,170.0,298.8,308.6,5357.068864,2.3369599406340384,0.05173524314849792,59.666673440499,2025-10-20 20:58:13.782208,WP PMA 80271,No failure
1437,49.9,55.0,302.9,311.0,5278.894336,2.307784990316212,0.06296803736961017,61.782565037963366,2025-10-20 21:09:21.782208,WP PMA 80271,No failure
1491,38.5,166.0,299.1,308.6,5384.330884,4.089384342560429,0.14872462488710061,63.240676075612825,2025-10-20 21:10:43.782208,WP PMA 80271,No failure
1343,51.6,211.0,300.7,310.7,5263.647601,0.8857385506187129,0.10633506723360857,55.8952922876675,2025-10-20 21:14:09.782208,WP PMA 80467,No failure
1553,33.1,209.0,300.4,311.8,5489.031744,1.0190689541852644,0.023805722608052665,55.45496330278009,2025-10-20 21:14:17.782208,WP PMA 80467,No failure
1789,25.5,114.0,300.9,311.2,5252.770576,29.099466842190104,1.738325870197019,93.84443719569134,2025-10-20 21:23:49.782208,WP PMA 80467,signal delay
1528,35.1,44.0,300.2,309.6,5342.879025,0.4857292490339473,0.03699424568116786,64.87299814821975,2025-10-20 21:25:36.782208,WP PMA 80466,No failure
1683,30.5,13.0,299.9,309.2,5327.248144,3.4168961371959865,0.18170402759687568,60.58042717189772,2025-10-20 21:26:40.782208,WP PMA 80271,No failure
1435,55.0,104.0,297.3,308.5,5478.516289,0.8562005343062383,0.1807386500760389,64.95010863322312,2025-10-20 21:36:02.782208,WP PMA 80466,No failure
1484,39.2,8.0,298.8,308.4,5461.357801,38.09016038139223,0.9003470073560125,93.988876876617,2025-10-20 21:38:35.782208,WP PMA 80271,signal delay
1397,46.9,82.0,302.6,311.9,5268.582225,46.33389815864494,0.5851979464331976,90.61406537998971,2025-10-20 21:42:30.782208,WP PMA 80467,Random failure
1469,39.6,86.0,302.4,310.9,5455.447321,3.046300891019288,0.18043842210277353,64.73378862148861,2025-10-20 21:59:02.782208,WP PMA 80466,No failure
1624,28.8,117.0,303.0,312.2,5267.711241,4.194622238889334,0.1338312751102119,60.83648051497905,2025-10-20 22:07:39.782208,WP PMA 80271,No failure
2617,12.1,102.0,298.5,309.7,5254.655121,1.3960902156353274,0.025300399161269492,64.72852712394834,2025-10-20 22:09:37.782208,WP PMA 80271,No failure
1316,47.2,4.0,302.3,311.5,5507.569369,2.227886154250938,0.050874847149043,60.06700620378217,2025-10-20 22:25:31.782208,WP PMA 80271,No failure
1330,56.9,97.0,302.5,310.9,5282.527761,1.6506970087385178,0.12970929230736009,57.118112594061856,2025-10-20 22:41:10.782208,WP PMA 80271,No failure
1695,26.7,28.0,300.5,310.5,5249.582116,31.321847723618333,0.611570596074849,91.54170591118405,2025-10-20 23:00:10.782208,WP PMA 80466,drive delay
1427,45.1,95.0,298.0,307.5,5389.762225,4.713412895016553,0.020812192348126535,58.23022216414604,2025-10-20 23:03:10.782208,WP PMA 80467,No failure
1329,54.6,176.0,302.4,311.0,5437.735081,1.7684275013472266,0.031489661563181115,55.08890080769427,2025-10-20 23:05:11.782208,WP PMA 80271,No failure
1410,45.8,71.0,298.1,308.1,5382.569956,27.52074409551031,0.5276270527141842,96.37082823466986,2025-10-20 23:06:35.782208,WP PMA 80467,drive delay
1514,37.9,9.0,298.0,308.2,5463.575056,46.10254144113112,0.6079530709041836,88.48324434748507,2025-10-20 23:12:07.782208,WP PMA 80466,signal delay
1720,27.1,146.0,299.7,309.6,5250.016849,3.204924943575157,0.09481124455011146,58.505027653088185,2025-10-20 23:18:47.782208,WP PMA 80271,No failure
1481,40.9,132.0,300.6,312.0,5244.511561,1.2682597657201025,0.02476331633059353,55.31057481699595,2025-10-20 23:27:06.782208,WP PMA 80466,No failure
1809,25.1,86.0,296.6,307.6,5341.271056,1.5746418303706584,0.10226942750692394,63.16546466397964,2025-10-20 23:34:34.782208,WP PMA 80271,No failure
1664,30.1,81.0,297.6,308.6,5473.928196,3.6637233630050847,0.06180016901641431,62.68559099191468,2025-10-20 23:40:41.782208,WP PMA 80271,No failure
1544,34.7,213.0,298.0,308.3,5359.411264,4.813045382348267,0.024191415092734404,61.60060931143479,2025-10-20 23:42:51.782208,WP PMA 80466,No failure
1659,32.1,49.0,297.6,308.7,5278.0225,2.1636313039972226,0.06965403793624385,62.381332059230715,2025-10-20 23:56:42.782208,WP PMA 80466,No failure
1600,42.1,190.0,297.4,308.5,5456.185956,39.53285650511512,1.1928274910068417,93.8165756167538,2025-10-21 00:25:28.782208,WP PMA 80467,signal delay
1489,38.9,179.0,301.4,310.9,5513.211001,46.01291865485403,1.7532549414630427,85.77953653546403,2025-10-21 00:39:20.782208,WP PMA 80466,door open delay
1309,43.3,68.0,301.8,310.7,5430.068721,22.956864858730775,1.8043351812228186,97.79950059938305,2025-10-21 00:42:50.782208,WP PMA 80466,door open delay
1391,45.0,123.0,301.0,310.7,5508.311524,2.9013986388533337,0.1534636822856803,60.841859011295135,2025-10-21 00:44:18.782208,WP PMA 80467,No failure
1479,38.0,137.0,299.7,310.6,5499.7056,2.697133847794314,0.1888402931376295,59.15723231672646,2025-10-21 00:48:16.782208,WP PMA 80271,No failure
1603,37.6,69.0,301.9,310.4,5451.902569,0.44155390786129534,0.19391834213041534,57.95688310821811,2025-10-21 01:09:25.782208,WP PMA 80466,No failure
1293,59.1,125.0,298.7,309.7,5303.043684,2.200203180096234,0.19038584560739563,55.721160411196095,2025-10-21 01:12:19.782208,WP PMA 80466,No failure
1609,27.6,108.0,300.7,310.6,5252.045841,27.408002308158085,1.5516235058130665,90.91280030971026,2025-10-21 01:47:32.782208,WP PMA 80467,door close delay
1479,39.2,151.0,297.0,307.9,5344.633449,37.76349785678516,1.8037052538950937,99.3437260437338,2025-10-21 01:56:03.782208,WP PMA 80467,door open delay
1429,43.2,191.0,302.5,310.4,5279.330281,3.1236815782570795,0.04435771236820882,58.68535885574787,2025-10-21 02:12:43.782208,WP PMA 80466,No failure
1624,40.9,0.0,301.3,311.1,5265.388969,0.15579704253551874,0.05763057226303533,64.23980537311479,2025-10-21 02:20:29.782208,WP PMA 80271,No failure
1520,42.4,171.0,297.3,308.5,5263.647601,4.307821521885699,0.02199477681793767,56.51959931812828,2025-10-21 02:30:11.782208,WP PMA 80467,No failure
1625,37.3,27.0,304.2,313.3,5489.031744,1.1002619036438541,0.08485075826514789,57.674508670409935,2025-10-21 02:38:59.782208,WP PMA 80467,No failure
1975,19.7,17.0,301.0,310.8,5517.666961,3.131693217038412,0.09781525081115329,58.76640064869495,2025-10-21 02:43:23.782208,WP PMA 80466,No failure
1366,49.3,59.0,300.2,309.3,5411.514969,3.7250460569514385,0.19915720245070173,56.19779726491859,2025-10-21 02:47:58.782208,WP PMA 80467,No failure
1629,31.3,41.0,300.1,311.4,5245.815184,1.6646033149927277,0.09932539074844088,63.53349065091426,2025-10-21 02:50:32.782208,WP PMA 80466,No failure
1627,31.3,78.0,301.7,310.7,5511.132169,2.4989797827113978,0.18293619662951316,56.81364868503293,2025-10-21 02:51:22.782208,WP PMA 80466,No failure
1605,29.8,142.0,299.6,309.4,5374.942596,3.3891399753098272,0.10377380427854092,64.88893473373551,2025-10-21 02:53:02.782208,WP PMA 80271,No failure
1392,46.2,70.0,302.8,312.4,5269.598464,3.3388784198410697,0.1542569739209428,55.77750217476177,2025-10-21 03:05:57.782208,WP PMA 80466,No failure
1734,25.0,116.0,302.2,311.5,5301.2961,0.6673660142049143,0.029425184922573094,57.11775019012145,2025-10-21 03:15:41.782208,WP PMA 80466,No failure
1592,34.2,8.0,299.7,309.3,5347.9969,1.78923261167395,0.1478217992897623,57.37938390687989,2025-10-21 03:20:39.782208,WP PMA 80467,No failure
1416,61.8,209.0,300.7,310.4,5504.304481,21.449680119185427,1.6055801123947226,87.14991297931678,2025-10-21 03:49:53.782208,WP PMA 80467,signal delay
1884,23.4,163.0,301.9,310.4,5450.130625,1.190545267013174,0.11392087376361486,60.51386055336941,2025-10-21 03:50:11.782208,WP PMA 80271,No failure
1355,51.4,76.0,297.0,308.1,5418.284881,21.531168293332144,1.2389006808121412,85.78997715095218,2025-10-21 03:52:41.782208,WP PMA 80271,Random failure
1467,40.3,166.0,300.4,309.3,5340.540241,3.717319026357234,0.1037020990213981,55.60893481683868,2025-10-21 04:00:15.782208,WP PMA 80271,No failure
1614,30.7,106.0,298.0,308.7,5482.365849,3.899070082612352,0.16047910033363563,57.49003076242995,2025-10-21 04:03:02.782208,WP PMA 80466,No failure
1420,49.1,42.0,303.5,312.7,5495.405161,4.748721815253666,0.1627966425307221,60.49780646066395,2025-10-21 04:19:29.782208,WP PMA 80467,No failure
1523,34.7,181.0,301.7,310.5,5431.69,21.90800351979119,1.6851328885107058,85.86132528801342,2025-10-21 04:22:16.782208,WP PMA 80271,door open delay
1500,46.3,137.0,297.4,308.9,5441.127696,4.360571896706868,0.019660966537164558,58.65408809861377,2025-10-21 04:25:38.782208,WP PMA 80271,No failure
1436,54.1,90.0,301.4,310.7,5512.320025,48.21507638039077,1.0595772874397975,95.62059277481504,2025-10-21 04:35:48.782208,WP PMA 80271,signal delay
1491,38.4,115.0,299.3,309.0,5377.435561,1.9258117770214824,0.03998381736326026,60.95857946868115,2025-10-21 04:40:42.782208,WP PMA 80466,No failure
1416,61.8,209.0,300.7,310.4,5504.304481,21.449680119185427,1.6055801123947226,87.14991297931678,2025-10-21 04:41:16.782208,WP PMA 80271,signal delay
1492,45.7,219.0,299.4,310.7,5487.698241,1.1718592287444767,0.07731258196892832,58.18431205091666,2025-10-21 04:47:34.782208,WP PMA 80271,No failure
1414,50.2,51.0,295.9,306.6,5434.343524,27.145965124586027,1.2118314560594747,98.77282882670414,2025-10-21 04:50:52.782208,WP PMA 80467,door close delay
1471,52.3,152.0,297.5,308.8,5263.5025,3.9745026210570793,0.07744259651516651,62.73460599248581,2025-10-21 05:05:30.782208,WP PMA 80271,No failure
1410,45.8,71.0,298.1,308.1,5382.569956,27.52074409551031,0.5276270527141842,96.37082823466986,2025-10-21 05:11:15.782208,WP PMA 80466,drive delay
1589,37.1,137.0,298.3,308.6,5465.497041,3.461978214573374,0.07359883078702423,64.77216080600323,2025-10-21 05:23:49.782208,WP PMA 80271,No failure
1502,39.4,126.0,297.0,307.7,5273.6644,3.2334455187180233,0.06436112347025749,61.97780199133532,2025-10-21 05:33:47.782208,WP PMA 80271,No failure
1332,53.9,7.0,296.9,308.0,5332.212484,32.981098147326,0.9389940584593492,90.26690819060457,2025-10-21 05:42:07.782208,WP PMA 80467,signal delay
1282,60.7,216.0,298.4,308.2,5312.223225,46.054799096900865,0.516679854665987,93.82813388686158,2025-10-21 06:11:00.782208,WP PMA 80466,door open delay
1616,34.5,155.0,300.5,309.7,5409.455401,1.299210326956019,0.150815098451872,60.16958153944275,2025-10-21 06:23:21.782208,WP PMA 80271,No failure
1345,54.5,172.0,296.9,307.8,5424.3225,0.6621522396076618,0.01122671132889225,64.56129638246459,2025-10-21 06:36:59.782208,WP PMA 80271,No failure
1502,39.5,38.0,303.3,311.3,5277.005449,4.064349332701271,0.06623441045882057,64.9812612090801,2025-10-21 06:50:25.782208,WP PMA 80466,No failure
1519,38.1,178.0,302.6,312.1,5506.975681,4.135042711445643,0.04200793014853955,61.86694759694475,2025-10-21 06:57:40.782208,WP PMA 80466,No failure
1438,51.0,106.0,302.6,311.0,5282.527761,23.436251011580417,1.008899545945385,91.43758397735473,2025-10-21 07:04:24.782208,WP PMA 80467,signal delay
1606,33.6,67.0,298.3,308.5,5466.827844,44.7178826205094,1.1768198578144409,82.56248054352427,2025-10-21 07:08:40.782208,WP PMA 80271,drive delay
1433,47.1,101.0,298.4,308.6,5313.535236,1.0027577285959945,0.19651409498947014,59.378216328535515,2025-10-21 07:11:12.782208,WP PMA 80467,No failure
1431,39.3,22.0,300.7,310.7,5263.357401,45.30621408858687,1.6214025308819116,97.16558546598277,2025-10-21 07:11:57.782208,WP PMA 80467,door open delay
1362,52.5,213.0,297.0,308.1,5419.9044,4.779085106578635,0.010795213077133744,61.1865343628044,2025-10-21 07:17:11.782208,WP PMA 80466,No failure
1581,47.4,51.0,298.1,308.7,5470.525369,49.33111180790905,0.5420956171257758,97.1445135404005,2025-10-21 07:19:19.782208,WP PMA 80467,door close delay
1393,52.9,12.0,303.2,311.3,5277.150736,2.855018246998079,0.10794992997259917,55.65234827968602,2025-10-21 07:20:41.782208,WP PMA 80467,No failure
1233,52.3,23.0,300.6,310.2,5251.466089,2.229669050462562,0.01602431928774723,61.63662300934675,2025-10-21 07:22:06.782208,WP PMA 80271,No failure
1649,30.5,43.0,300.2,310.1,5517.666961,0.719552731686817,0.03124666123521405,57.004510818317094,2025-10-21 07:31:40.782208,WP PMA 80271,No failure
1496,44.7,,297.1,307.9,5273.083456,0.8186899338845782,0.024538264434265045,61.801808144782974,2025-10-21 07:35:46.782208,WP PMA 80271,No failure
1383,48.7,147.0,295.6,306.1,5432.574436,42.06220479764772,0.8198605991308731,86.20096073009861,2025-10-21 07:53:12.782208,WP PMA 80466,door close delay
1662,26.9,183.0,297.1,307.9,5277.150736,23.362238882353317,1.8939072927671246,84.03490101665102,2025-10-21 07:55:11.782208,WP PMA 80271,signal delay
1498,38.5,37.0,300.0,309.4,5414.163561,0.4657681381136076,0.1131282798081274,58.79767655698434,2025-10-21 08:01:11.782208,WP PMA 80467,No failure
1523,34.7,181.0,301.7,310.5,5431.69,21.90800351979119,1.6851328885107058,85.86132528801342,2025-10-21 08:07:57.782208,WP PMA 80467,door open delay
1744,31.5,0.0,299.0,310.2,5296.346176,28.026300229149285,1.337665464463818,86.65910951714694,2025-10-21 08:28:22.782208,WP PMA 80467,Random failure
1311,55.8,118.0,300.8,310.9,5519.598436,4.445719751059837,0.05370046904650232,61.00969535192063,2025-10-21 08:33:35.782208,WP PMA 80271,No failure
1525,37.8,54.0,298.6,309.4,5463.279396,0.34586539290878426,0.14427637731329526,56.15643530858053,2025-10-21 08:33:40.782208,WP PMA 80271,No failure
1476,37.3,20.0,302.3,311.4,5287.616656,2.5435957803449987,0.07119251515982107,63.4091465566374,2025-10-21 08:53:50.782208,WP PMA 80466,No failure
1430,52.7,47.0,300.2,309.6,5401.662016,3.172078131893308,0.1506552779471562,61.20479842479706,2025-10-21 08:58:31.782208,WP PMA 80271,No failure
1475,47.9,79.0,302.4,311.0,5282.673124,37.29116374458573,1.6642971181662811,88.8607658808726,2025-10-21 09:12:02.782208,WP PMA 80467,Random failure
1573,38.9,209.0,301.9,310.9,5307.559609,3.963918116945804,0.04120008370506352,63.35173460130579,2025-10-21 09:15:51.782208,WP PMA 80466,No failure
1475,47.9,79.0,302.4,311.0,5282.673124,37.29116374458573,1.6642971181662811,88.8607658808726,2025-10-21 09:50:52.782208,WP PMA 80271,Random failure
1443,45.7,97.0,299.3,310.6,5291.835025,3.8188190315095034,0.14256977321800665,55.21573941284258,2025-10-21 09:58:26.782208,WP PMA 80271,No failure
1447,48.4,51.0,298.2,308.7,5283.399969,4.492828391107127,0.1338110954385236,55.17896492411717,2025-10-21 10:12:22.782208,WP PMA 80271,No failure
1444,52.7,46.0,303.7,312.9,5274.390625,1.0397245265973551,0.17179030134241358,58.378619466779256,2025-10-21 10:22:29.782208,WP PMA 80467,No failure
1541,39.1,109.0,299.4,308.6,5366.441536,2.956324164332891,0.016346203810876873,55.36471223896979,2025-10-21 10:25:25.782208,WP PMA 80271,No failure
1520,39.2,43.0,300.0,311.3,5245.815184,0.49215209488757417,0.10225220502400605,58.22104191973056,2025-10-21 10:49:04.782208,WP PMA 80466,No failure
1395,46.2,122.0,298.0,308.5,5461.653409,0.2462434692623285,0.06342316671794898,63.9263662272381,2025-10-21 10:51:47.782208,WP PMA 80466,No failure
1282,60.7,216.0,298.4,308.2,5312.223225,46.054799096900865,0.516679854665987,93.82813388686158,2025-10-21 10:52:24.782208,WP PMA 80467,door open delay
1634,32.6,155.0,301.4,311.0,5264.663364,4.774265917819926,0.09605564200624811,59.199193608664984,2025-10-21 10:54:28.782208,WP PMA 80467,No failure
1589,36.0,190.0,299.7,310.8,5467.419364,24.81802571081649,1.7230158856927384,92.27456179038798,2025-10-21 10:58:19.782208,WP PMA 80271,drive delay
1375,42.7,58.0,298.9,309.3,5474.816064,36.69009158864943,0.8981628206628844,98.64108579120862,2025-10-21 11:11:21.782208,WP PMA 80271,door close delay
1482,42.6,16.0,302.2,311.5,5266.259761,1.5911061334839345,0.012619768432965944,60.67493172962495,2025-10-21 11:24:09.782208,WP PMA 80271,No failure
1399,41.9,221.0,299.7,309.3,5397.547024,3.1207561842536946,0.16299404681024507,59.944725734865855,2025-10-21 11:41:34.782208,WP PMA 80271,No failure
1456,50.0,156.0,298.9,308.5,5357.361636,4.76574385666067,0.15421080848176033,58.04546279457415,2025-10-21 11:44:12.782208,WP PMA 80467,No failure
2267,15.7,181.0,297.1,308.2,5477.036049,4.032184008059052,0.1673399448274399,55.178200678357705,2025-10-21 11:44:30.782208,WP PMA 80467,No failure
1473,41.1,128.0,298.8,308.4,5311.202884,1.9821737418855998,0.03783163962325331,55.24720155172642,2025-10-21 12:00:16.782208,WP PMA 80467,No failure
1557,35.1,60.0,296.6,307.5,5422.702321,1.4542270867553062,0.06998565749942391,63.601644307519564,2025-10-21 12:06:57.782208,WP PMA 80271,No failure
1473,39.9,184.0,298.4,308.3,5468.6025,26.055495263783655,1.7852296960269574,95.2760721632894,2025-10-21 12:08:23.782208,WP PMA 80466,door close delay
1479,43.6,240.0,300.7,309.5,5404.455225,3.389676982805567,0.060707615700401216,61.714351122097284,2025-10-21 12:19:38.782208,WP PMA 80467,No failure
1706,28.8,111.0,299.9,311.4,5493.626161,41.441868880496905,0.5863150585353729,86.83961198318863,2025-10-21 12:25:13.782208,WP PMA 80467,door close delay
1588,41.3,0.0,299.6,309.1,5372.157025,26.46854447660091,1.4917981431887635,95.72411595126835,2025-10-21 12:29:19.782208,WP PMA 80466,Random failure
1510,41.4,94.0,302.9,312.2,5267.711241,4.892438891010266,0.03144332217481628,57.04058394667389,2025-10-21 12:32:10.782208,WP PMA 80466,No failure
1732,26.2,126.0,304.0,313.5,5273.228689,0.593171691070234,0.09402246804210733,58.275681120542345,2025-10-21 12:39:19.782208,WP PMA 80467,No failure
1489,40.6,89.0,298.2,309.0,5259.875625,26.47058142682505,1.4778885915777045,89.33932847526452,2025-10-21 12:50:44.782208,WP PMA 80271,door open delay
1629,32.1,55.0,300.0,311.3,5246.829225,27.554756501884274,1.2394743242853634,86.1081681006253,2025-10-21 12:51:13.782208,WP PMA 80271,door close delay
1416,61.8,209.0,300.7,310.4,5504.304481,21.449680119185427,1.6055801123947226,87.14991297931678,2025-10-21 13:16:19.782208,WP PMA 80466,signal delay
1662,26.9,183.0,297.1,307.9,5277.150736,23.362238882353317,1.8939072927671246,84.03490101665102,2025-10-21 13:37:21.782208,WP PMA 80466,signal delay
1672,30.5,177.0,299.5,308.6,5369.079076,4.77577032433712,0.1722197336180427,64.36750397994572,2025-10-21 13:39:31.782208,WP PMA 80271,No failure
1387,57.6,50.0,298.6,309.6,5464.462084,31.02007056378983,1.924982620112702,85.77319677094144,2025-10-21 14:04:22.782208,WP PMA 80271,signal delay
1526,35.3,46.0,300.2,309.4,5330.4601,21.583542943926396,0.7296964552860199,87.23862919341,2025-10-21 14:11:52.782208,WP PMA 80466,signal delay
1466,46.1,58.0,299.8,311.1,5245.960041,1.0779895344797619,0.15787359304428497,63.80155645655874,2025-10-21 14:16:08.782208,WP PMA 80467,No failure
1501,45.3,175.0,300.6,310.7,5519.598436,4.667413312501192,0.1193830738277119,57.58258141067095,2025-10-21 14:18:28.782208,WP PMA 80466,No failure
1539,37.0,187.0,300.6,311.8,5495.553424,2.6819214391564663,0.03199104172877045,58.78654444795788,2025-10-21 14:24:24.782208,WP PMA 80467,No failure
1477,39.7,18.0,302.4,312.0,5504.601249,2.3833469899640676,0.09564181378233659,64.01438620779297,2025-10-21 14:41:58.782208,WP PMA 80466,No failure
1567,36.1,124.0,302.0,310.5,5449.687684,0.940607320054897,0.09761386305257855,60.87806945793855,2025-10-21 14:48:50.782208,WP PMA 80271,No failure
1420,46.5,73.0,297.3,308.0,5272.938225,0.6239982923555439,0.15554281359022865,60.836217340542596,2025-10-21 14:55:33.782208,WP PMA 80466,No failure
1446,39.7,95.0,302.1,311.4,5301.732969,4.482531032031077,0.15402028464792833,64.2477932067103,2025-10-21 15:06:04.782208,WP PMA 80467,No failure
1700,28.8,39.0,301.5,311.2,5265.243844,4.480535424010675,0.07509231428482088,59.395128146655765,2025-10-21 15:09:00.782208,WP PMA 80466,No failure
1284,60.3,50.0,297.4,308.3,5476.592016,3.702409483157086,0.12568276435678072,64.1429037157631,2025-10-21 15:44:38.782208,WP PMA 80271,No failure
1754,26.9,209.0,302.9,312.3,5270.179216,31.064126655309654,0.7271846408765829,96.36983679144254,2025-10-21 15:59:39.782208,WP PMA 80271,signal delay
1560,36.3,129.0,301.3,310.3,5312.9521,4.389537023445347,0.07582330619072655,57.87438811495153,2025-10-21 16:09:13.782208,WP PMA 80271,No failure
1416,58.7,156.0,303.8,312.8,5272.2121,33.788869839697,1.2694095011541886,98.03901176263835,2025-10-21 16:14:31.782208,WP PMA 80467,door open delay
1530,36.4,27.0,302.0,311.3,5432.574436,4.327380982718961,0.04986094039882225,55.5921527935375,2025-10-21 16:16:36.782208,WP PMA 80466,No failure
1601,35.2,31.0,302.7,312.1,5501.782276,3.7402386990402823,0.11040984022774507,61.41687989734377,2025-10-21 16:23:19.782208,WP PMA 80466,No failure
1754,29.4,123.0,297.3,308.2,5319.368356,1.0412908835058867,0.013149160021959209,61.915091059353905,2025-10-21 16:29:58.782208,WP PMA 80466,No failure
1325,49.2,104.0,301.6,311.1,5265.969489,3.86998659131788,0.09415930512016116,55.55404004589585,2025-10-21 16:42:41.782208,WP PMA 80466,No failure
1606,33.6,67.0,298.3,308.5,5466.827844,44.7178826205094,1.1768198578144409,82.56248054352427,2025-10-21 16:47:47.782208,WP PMA 80466,drive delay
1296,58.2,204.0,300.7,310.8,5519.895616,27.436796098274527,0.7212085399904014,97.85767216446325,2025-10-21 17:18:45.782208,WP PMA 80271,door open delay
1459,35.0,87.0,301.4,310.6,5424.175201,1.128690672623944,0.022466693081594345,57.68448390398346,2025-10-21 17:19:34.782208,WP PMA 80271,No failure
1627,33.4,99.0,298.6,309.7,5257.265049,2.510732186621448,0.07205096833399272,55.41005135125534,2025-10-21 17:27:45.782208,WP PMA 80466,No failure
1435,45.6,37.0,298.7,310.1,5486.216761,4.624971430074433,0.12411823742061111,57.41734270215829,2025-10-21 17:30:14.782208,WP PMA 80466,No failure
1313,55.7,102.0,302.4,311.9,5266.840329,1.8977217327839255,0.1905848635487307,56.70932873036842,2025-10-21 17:36:24.782208,WP PMA 80466,No failure
1665,29.6,20.0,298.1,308.5,5469.637849,37.238730558246914,1.0025553265776534,99.00835330996256,2025-10-21 17:50:22.782208,WP PMA 80466,Random failure
1353,54.1,38.0,298.2,308.6,5471.856784,0.8637039937085595,0.018130433079038742,59.81165279746085,2025-10-21 17:50:37.782208,WP PMA 80467,No failure
1661,38.2,82.0,298.1,309.0,5482.513936,35.00952125655859,1.783869388811883,99.12664194372854,2025-10-21 18:12:19.782208,WP PMA 80467,door open delay
1959,22.3,157.0,303.5,311.7,5472.448576,29.43254792505012,0.8841722655722568,98.0943208432986,2025-10-21 18:13:17.782208,WP PMA 80467,signal delay
1463,50.2,214.0,301.3,311.0,5513.805025,3.709228195898967,0.1461967510364184,59.92552660136334,2025-10-21 18:14:48.782208,WP PMA 80271,No failure
1535,43.9,154.0,299.9,310.3,5500.743889,4.855797274569667,0.03565285535276502,61.06688269382392,2025-10-21 18:15:08.782208,WP PMA 80466,No failure
1495,46.6,0.0,304.0,312.9,5485.624225,4.8609570015181465,0.037757373798978686,55.61493919229501,2025-10-21 18:32:11.782208,WP PMA 80467,No failure
1595,35.4,15.0,300.4,311.0,5245.960041,40.671410585650555,1.7663676320787438,91.29257725331573,2025-10-21 18:36:54.782208,WP PMA 80271,door open delay
1515,44.9,69.0,300.3,311.6,5489.772649,1.1986519512116498,0.04178069907335847,58.27855843631555,2025-10-21 18:37:33.782208,WP PMA 80271,No failure
1605,35.2,152.0,302.3,311.8,5503.562596,1.5649166342608256,0.16322999823848977,63.29257368716405,2025-10-21 18:45:41.782208,WP PMA 80466,No failure
1722,24.7,64.0,298.7,308.6,5373.769636,1.2389092614994837,0.18886710420858036,55.53657097912749,2025-10-21 18:50:46.782208,WP PMA 80466,No failure
1379,62.3,149.0,298.2,308.1,5396.665444,3.8244608415641443,0.08636509428427495,64.51556363091434,2025-10-21 19:01:21.782208,WP PMA 80467,No failure
1600,32.8,205.0,301.5,310.5,5257.120036,32.84282188032643,0.9163814461292255,84.44969552431002,2025-10-21 19:01:47.782208,WP PMA 80467,signal delay
1748,26.6,42.0,300.1,311.3,5246.829225,2.7223922843620856,0.03049448353097981,64.37101123851349,2025-10-21 19:11:50.782208,WP PMA 80467,No failure
1515,42.1,55.0,296.7,307.5,5422.702321,2.7689920713940768,0.13001352967071583,59.35401038417479,2025-10-21 19:30:48.782208,WP PMA 80271,No failure
1729,28.4,131.0,300.2,309.5,5402.838016,3.9604084581470027,0.08581837153399724,59.61094604750638,2025-10-21 19:48:56.782208,WP PMA 80466,No failure
1505,39.2,209.0,297.4,309.0,5451.902569,0.7131695288069244,0.15421453025396967,55.016476774449856,2025-10-21 19:51:31.782208,WP PMA 80466,No failure
1915,22.3,116.0,303.6,312.3,5275.843225,30.152304086590867,1.3571095834850015,96.856841139973,2025-10-21 19:51:35.782208,WP PMA 80466,door close delay
1543,37.9,130.0,299.1,308.4,5387.119609,2.9334650511082825,0.08060503582455733,57.05814526642231,2025-10-21 19:55:19.782208,WP PMA 80271,No failure
1488,47.7,22.0,300.6,311.7,5244.946084,4.881784810561558,0.06545063241255547,56.16134844895041,2025-10-21 20:00:56.782208,WP PMA 80466,No failure
1605,37.0,84.0,296.9,307.8,5333.234841,23.86851950907212,0.9415366239424456,83.55504684964758,2025-10-21 20:17:06.782208,WP PMA 80467,door close delay
1605,37.0,84.0,296.9,307.8,5333.234841,23.86851950907212,0.9415366239424456,83.55504684964758,2025-10-21 20:30:39.782208,WP PMA 80467,door close delay
1450,55.0,135.0,300.3,309.8,5514.5476,2.1505411089694064,0.14723528342483078,58.803889888587904,2025-10-21 20:36:36.782208,WP PMA 80466,No failure
1526,35.3,46.0,300.2,309.4,5330.4601,21.583542943926396,0.7296964552860199,87.23862919341,2025-10-21 20:42:57.782208,WP PMA 80271,signal delay
1661,34.2,109.0,296.7,307.4,5476.148001,39.530100823585144,1.8141870939694895,80.63461521403563,2025-10-21 20:50:53.782208,WP PMA 80271,door open delay
1305,60.6,44.0,299.3,308.5,5385.945321,1.094073679069632,0.18762889094071505,62.419167057814455,2025-10-21 20:56:48.782208,WP PMA 80467,No failure
1467,42.8,169.0,297.1,308.0,5274.245376,2.4466102157220555,0.03711722254137107,63.081763746789804,2025-10-21 21:02:27.782208,WP PMA 80467,No failure
1473,44.2,116.0,301.0,310.9,5518.409796,1.7787574411416505,0.1463712738876472,60.49183830380378,2025-10-21 21:20:27.782208,WP PMA 80467,No failure
1353,49.8,182.0,299.9,309.2,5413.133476,29.662009234732807,1.229492610046293,92.09581103221204,2025-10-21 21:27:47.782208,WP PMA 80466,drive delay
1523,40.9,141.0,299.3,310.8,5467.715136,32.60338432946594,1.4731501023736493,97.8371124133434,2025-10-21 21:31:35.782208,WP PMA 80466,door open delay
1789,25.5,114.0,300.9,311.2,5252.770576,29.099466842190104,1.738325870197019,93.84443719569134,2025-10-21 21:38:55.782208,WP PMA 80466,signal delay
1532,38.6,104.0,295.9,306.6,5338.932624,0.6115828505887276,0.100456613958245,60.718398963114204,2025-10-21 21:41:35.782208,WP PMA 80467,No failure
1662,29.3,129.0,300.4,311.4,5495.998225,0.539215669935516,0.15957842895803984,60.83413850580865,2025-10-21 21:43:25.782208,WP PMA 80271,No failure
1449,44.5,152.0,302.3,311.7,5434.343524,29.801293682800324,1.9537263165480647,89.17307701084255,2025-10-21 21:57:18.782208,WP PMA 80466,door close delay
1544,35.2,159.0,298.7,308.5,5469.046209,2.2668709554761532,0.02300208346438027,57.49208516554599,2025-10-21 22:06:17.782208,WP PMA 80271,No failure
1474,47.2,132.0,299.2,308.5,5387.119609,0.31911130303941043,0.15689526980968235,59.942486428935396,2025-10-21 22:16:06.782208,WP PMA 80467,No failure
1417,47.3,59.0,299.4,309.1,5374.942596,0.8512124114340505,0.18853998600258,56.57285547974529,2025-10-21 22:21:15.782208,WP PMA 80467,No failure
1463,46.8,150.0,302.2,311.0,5437.292644,0.26100225056808124,0.15158278356087043,57.462655089880684,2025-10-21 22:23:15.782208,WP PMA 80466,No failure
1523,36.0,72.0,302.5,310.3,5279.766244,0.9007825080342411,0.04156840250212622,59.74524011056992,2025-10-21 22:39:22.782208,WP PMA 80271,No failure
1638,32.2,84.0,297.4,308.5,5275.988496,4.279972409417429,0.1874376210869901,56.836337233089004,2025-10-21 22:40:37.782208,WP PMA 80466,No failure
1554,47.7,84.0,301.3,311.0,5264.9536,4.7912720310669155,0.17024319111291072,64.27881791741821,2025-10-21 22:50:39.782208,WP PMA 80271,No failure
1889,22.8,148.0,302.9,312.3,5269.3081,0.2836447521310632,0.08200852704736471,56.61721514755976,2025-10-21 22:56:06.782208,WP PMA 80467,No failure
1393,55.9,79.0,298.0,309.0,5281.074241,38.304028882010535,1.803235441130456,87.01367158265482,2025-10-21 23:11:58.782208,WP PMA 80466,door open delay
1418,43.4,130.0,302.7,311.1,5456.038225,4.014623500555748,0.1061916151174854,59.32794107979344,2025-10-21 23:24:01.782208,WP PMA 80271,No failure
1902,24.0,151.0,299.5,309.3,5377.2889,0.31703009059750825,0.031583420510195526,55.45943199833274,2025-10-21 23:42:19.782208,WP PMA 80467,No failure
1509,39.9,25.0,302.0,311.3,5303.043684,27.239929425481904,1.4595475697774438,80.04445211653625,2025-10-21 23:50:32.782208,WP PMA 80467,door open delay
1563,39.2,39.0,301.9,310.8,5284.708416,1.1305657228033794,0.11858717959773217,56.647027668451436,2025-10-22 00:06:43.782208,WP PMA 80271,No failure
1611,35.2,70.0,301.1,310.6,5260.310784,2.202203903125487,0.021052105353399304,57.131174072443564,2025-10-22 00:09:28.782208,WP PMA 80271,No failure
1469,46.7,65.0,297.3,308.4,5478.812361,3.1996740019576895,0.11785148107111007,60.153041998619635,2025-10-22 00:11:54.782208,WP PMA 80466,No failure
1720,29.9,210.0,297.7,308.5,5460.027664,1.7587209267529986,0.020585605919828824,56.61071953592908,2025-10-22 00:36:55.782208,WP PMA 80467,No failure
1420,53.8,67.0,300.7,312.3,5242.918464,2.3161230908484565,0.13296768477263307,55.08446399822577,2025-10-22 00:55:48.782208,WP PMA 80467,No failure
1597,37.2,16.0,295.5,306.0,5431.100416,27.77411025179005,1.0458909826573568,84.61157931227865,2025-10-22 01:16:42.782208,WP PMA 80271,door open delay
1405,42.5,204.0,297.2,308.2,5271.776449,0.37692275865541125,0.029400030816239868,57.67219767993898,2025-10-22 01:24:50.782208,WP PMA 80271,No failure
1409,41.3,39.0,302.1,310.8,5294.890756,2.687491844838257,0.16399218632611143,62.77467682575754,2025-10-22 01:30:09.782208,WP PMA 80467,No failure
1509,46.6,125.0,300.3,309.9,5514.5476,20.02023079033625,0.7215698637292967,88.48214630717786,2025-10-22 01:40:10.782208,WP PMA 80466,door close delay
